Date,Hour,Dealers,SKU,SRP,Promotion Price,Change,Sold,Rate,Vendor,Series Group,Segment,CPU Segment,CPU,RAM,SSD,Screen,GPU,V-RAM,Weight,Products link,Part #,Focus Model,Status
03/08/2026,10:25,CellPhone S,Laptop ASUS VivoBook 14 X1407CA-LY008W,25990000,21390000,"Giảm 
18%",,,Asus,Business& Productivity,Vivobook,Core Ultra 5,Core Ultra 5 225H,16GB,SSD 512 GB,14 inches,Intel Graphics,,,https://cellphones.com.vn/laptop-asus-vivobook-14-x1407ca-ly008w.html,X1407CA-LY008W,No,Còn hàng
03/08/2026,10:25,CellPhone S,Laptop ASUS Gaming V16 V3607VU-RP343W,26990000,26490000,"Giảm 
2%",,,Asus,Gaming,Gaming V16,Core 5,Core 5 210H,16GB,SSD 512 GB,16 inches,RTX 4050,6G,,https://cellphones.com.vn/laptop-asus-gaming-v16-v3607vu-rp343w.html,V3607VU-RP343W,No,Còn hàng
03/08/2026,10:25,CellPhone S,Laptop ASUS TUF Gaming F16 FX607VJ-RL034W,24490000,22990000,"Giảm 
6%",,,Asus,Gaming,TUF,Core 5,Core 5 210H,16GB,SSD 512 GB,16 inches,RTX 3050,6G,,https://cellphones.com.vn/laptop-asus-tuf-gaming-f16-fx607vj-rl034w.html,FX607VJ-RL034W,No,Còn hàng
03/08/2026,10:25,CellPhone S,Laptop ASUS Vivobook S14 S3407VA-LY146W,22990000,19990000,"Giảm 
13%",,,Asus,Business& Productivity,Vivobook,Core 5,Core 5 210H,16GB,SSD 512 GB,14 inches,Intel UHD Graphics,,,https://cellphones.com.vn/laptop-asus-vivobook-s14-s3407va-ly146w.html,S3407VA-LY146W,No,Còn hàng
03/08/2026,10:25,CellPhone S,Laptop ASUS ZenBook 14 UX3405CA-ST648W,41990000,38590000,"Giảm 
8%",,,Asus,Business& Productivity,Zenbook,Core Ultra 9,Core Ultra 9 285H,32GB,SSD 1 TB,14 inches,Intel Arc Graphics,,,https://cellphones.com.vn/laptop-asus-zenbook-14-ux3405ca-st648w.html,UX3405CA-ST648W,No,Còn hàng
03/08/2026,10:25,CellPhone S,Laptop ASUS TUF Gaming F16 FX607VU-RL045W,28990000,28490000,"Giảm 
2%",,,Asus,Gaming,TUF,Core 5,Core 5 210H,16GB,SSD 512 GB,16 inches,RTX 4050,6G,,https://cellphones.com.vn/laptop-asus-tuf-gaming-f16-fx607vu-rl045w.html,FX607VU-RL045W,No,Còn hàng
03/08/2026,10:25,CellPhone S,Laptop ASUS ROG Strix G16 G614PH-S5101W,47990000,44990000,"Giảm 
6%",,,Asus,Gaming,ROG Strix,Ryzen 9,Ryzen 9 8940HX,16GB,SSD 512 GB,16 inches,RTX 5050,8G,,https://cellphones.com.vn/laptop-asus-rog-strix-g16-g614ph-s5101w.html,G614PH-S5101W,No,Còn hàng
03/08/2026,10:25,CellPhone S,Laptop ASUS TUF Gaming A15 FA506NCG-HN329W,37490000,26990000,"Giảm 
28%",,,Asus,Gaming,TUF,Ryzen 7,Ryzen 7 8845HS,16GB,SSD 512 GB,15.6 inches,RTX 3050,4G,,https://cellphones.com.vn/laptop-asus-tuf-gaming-a15-fa506ncg-hn329w.html,FA506NCG-HN329W,No,Còn hàng
03/08/2026,10:25,CellPhone S,Laptop ASUS Gaming V16 V3607VJ-RP071W,29990000,23990000,"Giảm 
20%",,,Asus,Gaming,Gaming V16,Core 5,Core 5 210H,16GB,SSD 512 GB,16 inches,RTX 3050,6G,,https://cellphones.com.vn/laptop-asus-gaming-v16-v3607vj-rp071w.html,V3607VJ-RP071W,No,Còn hàng
03/08/2026,10:25,CellPhone S,Laptop ASUS Vivobook 15 X1504VA-BQ165W,18990000,17990000,"Giảm 
5%",,,Asus,Business& Productivity,Vivobook,Core 5,Core 5 120U,16GB,SSD 512 GB,15.6 inches,Intel Graphics,,,https://cellphones.com.vn/laptop-asus-vivobook-15-x1504va-bq165w.html,X1504VA-BQ165W,No,Còn hàng
03/08/2026,10:25,CellPhone S,Laptop ASUS VivoBook 14 X1404VA-EB609W,17990000,15990000,"Giảm 
11%",,,Asus,Business& Productivity,Vivobook,Core 3,Core 3 100U,8GB,SSD 512 GB,14 inches,Intel Graphics,,,https://cellphones.com.vn/laptop-asus-vivobook-14-x1404va-eb609w.html,X1404VA-EB609W,No,Còn hàng
03/08/2026,10:25,CellPhone S,Laptop ASUS ZenBook 14 UX3405CA-ST628W,31990000,29490000,"Giảm 
8%",,,Asus,Business& Productivity,Zenbook,Core Ultra 5,Core Ultra 5 225H,16GB,SSD 512 GB,14 inches,Intel Arc Graphics,,,https://cellphones.com.vn/laptop-asus-zenbook-14-ux3405ca-st628w.html,UX3405CA-ST628W,No,Còn hàng
03/08/2026,10:25,CellPhone S,Laptop ASUS TUF Gaming A16 FA607NUQ-RL007W,44490000,36990000,"Giảm 
17%",,,Asus,Gaming,Gaming A16,Ryzen 7,Ryzen 7 170,16GB,SSD 512 GB,16 inches,RTX 4050,6G,,https://cellphones.com.vn/laptop-asus-tuf-gaming-a16-fa607nuq-rl007w.html,FA607NUQ-RL007W,No,Còn hàng
03/08/2026,10:25,CellPhone S,Laptop ASUS Zenbook A14 UX3407QA-QD299WS,31990000,28490000,"Giảm 
11%",,,Asus,Business& Productivity,Zenbook,Snapdragon X,Snapdragon X X1 26 100,16GB,SSD 512 GB,14 inches,Qualcomm Adreno GPU,,,https://cellphones.com.vn/laptop-asus-zenbook-a14-ux3407qa-qd299ws-copilot-x-plus.html,UX3407QA-QD299WS,No,Còn hàng
03/08/2026,10:25,CellPhone S,Laptop ASUS Vivobook 14 M1405NAQ-LY010W,20590000,18490000,"Giảm 
10%",,,Asus,Business& Productivity,Vivobook,Ryzen 5,Ryzen 5 150,16GB,SSD 512 GB,14 inches,AMD Radeon Graphics,,,https://cellphones.com.vn/laptop-asus-vivobook-14-m1405naq-ly010w.html,M1405NAQ-LY010W,No,Còn hàng
03/08/2026,10:25,CellPhone S,Laptop ASUS TUF Gaming A15 FA506NCG-HN184W,23690000,22490000,"Giảm 
5%",,,Asus,Gaming,TUF,Ryzen 7,Ryzen 7 7445HS,16GB,SSD 512 GB,15.6 inches,RTX 3050,4G,,https://cellphones.com.vn/laptop-asus-tuf-gaming-a15-fa506ncg-hn184w.html,FA506NCG-HN184W,No,Còn hàng
03/08/2026,10:25,CellPhone S,Laptop ASUS Vivobook S14 S3407VA-LY053W,25990000,23390000,"Giảm 
10%",,,Asus,Business& Productivity,Vivobook,Core i7,Core i7 13620H,16GB,SSD 512 GB,14 inches,Intel UHD Graphics,,,https://cellphones.com.vn/laptop-asus-vivobook-s14-s3407va-ly053w.html,S3407VA-LY053W,No,Còn hàng
03/08/2026,10:25,CellPhone S,Laptop ASUS VivoBook 15 M1502NAQ-BQ031W,19690000,19490000,"Giảm 
1%",,,Asus,Business& Productivity,Vivobook,Ryzen 7,Ryzen 7 170,16GB,SSD 512 GB,15.6 inches,AMD Radeon Graphics,,,https://cellphones.com.vn/laptop-asus-vivobook-15-m1502naq-bq031w.html,M1502NAQ-BQ031W,No,Còn hàng
03/08/2026,10:25,CellPhone S,Laptop ASUS VivoBook 16 X1607CA-MB980W,25990000,21390000,"Giảm 
18%",,,Asus,Business& Productivity,Vivobook,Core Ultra 5,Core Ultra 5 225H,16GB,SSD 512 GB,16 inches,Intel Graphics,,,https://cellphones.com.vn/laptop-asus-vivobook-16-x1607ca-mb980w.html,X1607CA-MB980W,No,Còn hàng
03/08/2026,10:25,CellPhone S,Laptop ASUS VivoBook 14 M1407KA-LY849W,24990000,21490000,"Giảm 
14%",,,Asus,Business& Productivity,Vivobook,Ryzen 5 AI,Ryzen AI 5 330,16GB,SSD 512 GB,14 inches,AMD Radeon Graphics,,,https://cellphones.com.vn/laptop-asus-vivobook-14-m1407ka-ly849w-ryzen-ai-5.html,M1407KA-LY849W,No,Còn hàng
03/08/2026,10:25,CellPhone S,Laptop ASUS Vivobook S 14 FLIP TP3402VA-LZ632W,23990000,20990000,"Giảm 
13%",,,Asus,Business& Productivity,Vivobook,Core i5,Core i5 13420H,16GB,SSD 512 GB,14 inches,Intel UHD Graphics,,,https://cellphones.com.vn/laptop-asus-vivobook-s-14-flip-tp3402va-lz632w.html,TP3402VA-LZ632W,No,Còn hàng
03/08/2026,10:25,CellPhone S,Laptop ASUS Vivobook Go 15 E1504FA-BQ4821W,22990000,17990000,"Giảm 
22%",,,Asus,Business& Productivity,Vivobook,Ryzen 5,Ryzen 5 40,8GB LPDDR5 on board,512GB M.2 NVMe PCIe 3.0 SSD,"15.6 inches, Độ sáng 250 nits Độ phủ màu 45% NTSC Màn hình chống chói (AG) Chứng nhận TÜV Rheinland",AMD Radeon Graphics,,,https://cellphones.com.vn/laptop-asus-vivobook-go-15-e1504fa-bq4821w.html,E1504FA-BQ4821W,No,Còn hàng
03/08/2026,10:25,CellPhone S,Laptop ASUS VivoBook 15 M1502NAQ-BQ021W,18590000,18490000,"Giảm 
1%",,,Asus,Business& Productivity,Vivobook,Ryzen 5,Ryzen 5 150,16GB,SSD 512 GB,15.6 inches,AMD Radeon Graphics,,,https://cellphones.com.vn/laptop-asus-vivobook-15-m1502naq-bq021w.html,M1502NAQ-BQ021W,No,Còn hàng
03/08/2026,10:25,CellPhone S,Laptop ASUS Vivobook Go 15 E1504FA-BQ1150W,17990000,17490000,"Giảm 
3%",,,Asus,Business& Productivity,Vivobook,Ryzen 5,Ryzen 5 7520U,16GB,SSD 512 GB,15.6 inches,AMD Radeon Graphics,,,https://cellphones.com.vn/laptop-asus-vivobook-go-15-e1504fa-bq1150w.html,E1504FA-BQ1150W,No,Còn hàng
03/08/2026,10:25,CellPhone S,Laptop ASUS Gaming V16 V3607VU-RP290W,26990000,26490000,"Giảm 
2%",,,Asus,Gaming,Gaming V16,Core 5,Core 5 210H,16GB,SSD 512 GB,16 inches,RTX 4050,6G,,https://cellphones.com.vn/laptop-asus-gaming-v16-v3607vu-rp290w.html,V3607VU-RP290W,No,Còn hàng
03/08/2026,10:25,CellPhone S,Laptop ASUS Vivobook 14 X1404VA-EB509W,16990000,14990000,"Giảm 
12%",,,Asus,Business& Productivity,Vivobook,Core i3,Core i3 1315U,8GB,SSD 512 GB,14 inches,Intel UHD Graphics,,,https://cellphones.com.vn/laptop-asus-vivobook-14-x1404va-eb509w.html,X1404VA-EB509W,No,Còn hàng
03/08/2026,10:25,CellPhone S,Laptop ASUS VivoBook 14 X1407AA-LY360W,26990000,23790000,"Giảm 
12%",,,Asus,Business& Productivity,Vivobook,Core Ultra 5,Core Ultra 5 325,16GB,SSD 512 GB,14 inches,Intel Graphics,,,https://cellphones.com.vn/laptop-asus-vivobook-14-x1407aa-ly360w.html,X1407AA-LY360W,No,Còn hàng
03/08/2026,10:25,CellPhone S,Laptop ASUS ROG Flow Z13 GZ302EA-RU145WS,94990000,92990000,"Giảm 
2%",,,Asus,Gaming,ROG Flow,Ryzen AI MAX+,Ryzen AI MAX+ 395,128GB,SSD 1 TB,13.4 inches,AMD Radeon Graphics,,,https://cellphones.com.vn/laptop-asus-rog-flow-z13-gz302ea-ru145ws.html,GZ302EA-RU145WS,No,Còn hàng
03/08/2026,10:25,CellPhone S,Laptop ASUS TUF Gaming F16 FX608JHR-RV037W,38990000,37990000,"Giảm 
3%",,,Asus,Gaming,TUF,Core i7,Core i7 14650HX,16GB,SSD 1 TB,16 inches,RTX 5050,8G,,https://cellphones.com.vn/laptop-asus-tuf-gaming-f16-fx608jhr-rv037w.html,FX608JHR-RV037W,No,Còn hàng
03/08/2026,10:25,CellPhone S,Laptop ASUS ExpertBook P1 P1403CVA-C5H16-63WS,26990000,24290000,"Giảm 
10%",,,Asus,Business& Productivity,ExpertBook,Core 5,Core 5 210H,16GB,SSD 512 GB,14 inches,Intel Graphics,,,https://cellphones.com.vn/laptop-asus-expertbook-p1-p1403cva-c5h16-63ws.html,P1403CVA-C5H16,No,Còn hàng
03/08/2026,10:25,CellPhone S,Laptop ASUS Gaming V16 V3607VU-RP216W,30690000,29490000,"Giảm 
4%",,,Asus,Gaming,Gaming V16,Core 7,Core 7 240H,16GB,SSD 512 GB,16 inches,RTX 4050,6G,,https://cellphones.com.vn/laptop-asus-gaming-v16-v3607vu-rp216w.html,V3607VU-RP216W,No,Còn hàng
03/08/2026,10:25,CellPhone S,Laptop ASUS TUF Gaming F16 FX608JHI-TU209W,42990000,38990000,"Giảm 
9%",,,Asus,Gaming,TUF,Core i7,Core i7 14650HX,16GB,SSD 512 GB,16 inches,RTX 5050,8G,,https://cellphones.com.vn/laptop-asus-tuf-gaming-f16-fx608jhi-tu209w.html,FX608JHI-TU209W,No,Còn hàng
03/08/2026,10:25,CellPhone S,Laptop ASUS Gaming V16 V3607VM-RP044W,37990000,35490000,"Giảm 
7%",,,Asus,Gaming,Gaming V16,Core 7,Core 7 240H,16GB,SSD 1 TB,16 inches,RTX 5060,8G,,https://cellphones.com.vn/laptop-asus-gaming-v16-v3607vm-rp044w.html,V3607VM-RP044W,No,Còn hàng
03/08/2026,10:25,CellPhone S,Laptop ASUS VivoBook 16 X1607CA-MB990W,27990000,25490000,"Giảm 
9%",,,Asus,Business& Productivity,Vivobook,Core Ultra 7,Core Ultra 7 255H,16GB,SSD 512 GB,16 inches,Intel Graphics,,,https://cellphones.com.vn/laptop-asus-vivobook-16-x1607ca-mb990w.html,X1607CA-MB990W,No,Còn hàng
03/08/2026,10:25,CellPhone S,Laptop ASUS VivoBook Go 14 E1404FA-EB012W,22990000,17890000,"Giảm 
22%",,,Asus,Business& Productivity,Vivobook,Ryzen 5,Ryzen 5 40,8GB LPDDR5 Onboard,512GB M.2 NVMe PCIe 3.0 SSD,"14 inches, Độ sáng 250nits Độ phủ màu 45% NTSC Màn hình chống chói",AMD Radeon Graphics,,,https://cellphones.com.vn/laptop-asus-vivobook-go-14-e1404fa-eb012w.html,E1404FA-EB012W,No,Còn hàng
03/08/2026,10:25,CellPhone S,Laptop ASUS ExpertBook P5 P5405CSA-NZ0017W,38990000,36290000,"Giảm 
7%",,,Asus,Business& Productivity,ExpertBook,Core Ultra 7,Core Ultra 7 258V,32GB,SSD 1 TB,14 inches,Intel Arc 140V GPU,,,https://cellphones.com.vn/laptop-asus-expertbook-p5-p5405csa-nz0017w.html,P5405CSA-NZ0017W,No,Còn hàng
03/08/2026,10:25,CellPhone S,Laptop ASUS ExpertBook P3 PM3406CHA-LY0089W,29990000,25790000,"Giảm 
14%",,,Asus,Business& Productivity,ExpertBook,Ryzen 7,Ryzen 7 8840HS,16GB,SSD 512 GB,14 inches,AMD Radeon 780M,,,https://cellphones.com.vn/laptop-asus-expertbook-p3-pm3406cha-ly0089w.html,PM3406CHA-LY0089W,No,Còn hàng
03/08/2026,10:25,CellPhone S,Laptop ASUS Zenbook S 16 UM5606GA-SS441W,49490000,45090000,"Giảm 
9%",,,Asus,Business& Productivity,Zenbook,Ryzen 9 AI,AMD Ryzen AI 9 465,16GB,SSD 512 GB,16 inches,AMD Radeon Graphics,,,https://cellphones.com.vn/laptop-asus-zenbook-s-16-um5606ga-ss441w-ryzen-ai-9.html,UM5606GA-SS441W,No,Còn hàng
03/08/2026,10:25,CellPhone S,Laptop ASUS Vivobook Go 15 E1504GA-BQ1141W,,10990000,,,,Asus,Business& Productivity,Vivobook,Core i3,Core i3 N305,8GB DDR4 Onboard,256G UFS 2.1,"15.6 inches, Độ sáng 250nits Độ phủ màu 45% NTSC Màn hình chống chói",Intel UHD Graphics,,,https://cellphones.com.vn/laptop-asus-vivobook-go-15-e1504ga-bq1141w.html,E1504GA-BQ1141W,No,Còn hàng
03/08/2026,10:25,CellPhone S,Laptop ASUS Vivobook S14 S3407CA-LY095WS,27990000,23490000,"Giảm 
16%",,,Asus,Business& Productivity,Vivobook,Core Ultra 5,Core Ultra 5 225H,16GB,SSD 512 GB,14 inches,Intel UHD Graphics,,,https://cellphones.com.vn/laptop-asus-vivobook-s14-s3407ca-ly095ws.html,S3407CA-LY095WS,No,Còn hàng
03/08/2026,10:25,CellPhone S,Laptop ASUS Vivobook Go 15 E1504FA-BQ340W,19990000,19790000,"Giảm 
1%",,,Asus,Business& Productivity,Vivobook,Ryzen 5,Ryzen 5 40,16GB,SSD 512 GB,15.6 inches,AMD Radeon Graphics,,,https://cellphones.com.vn/laptop-asus-vivobook-go-15-e1504fa-bq340w.html,E1504FA-BQ340W,No,Còn hàng
03/08/2026,10:25,CellPhone S,Laptop ASUS Gaming V16 V3607VH-RP025W,33990000,31990000,"Giảm 
6%",,,Asus,Gaming,Gaming V16,Core 7,Core 7 240H,16GB,SSD 512 GB,16 inches,RTX 5050,8G,,https://cellphones.com.vn/laptop-asus-gaming-v16-v3607vh-rp025w.html,V3607VH-RP025W,No,Còn hàng
03/08/2026,10:25,CellPhone S,Laptop ASUS TUF Gaming A14 FA401EA‑RG034W,64990000,62990000,"Giảm 
3%",,,Asus,Gaming,TUF,Ryzen AI MAX+,Ryzen AI MAX+ 392,64GB,SSD 1 TB,14 inches,AMD Radeon 8060S,,,https://cellphones.com.vn/laptop-asus-tuf-gaming-a14-fa401ea-rg034w.html,A14 FA401EA‑RG034W,No,Còn hàng
03/08/2026,10:25,CellPhone S,Laptop ASUS ExpertBook P5 P5405CSA-NZ0016W,,30990000,,,,Asus,Business& Productivity,ExpertBook,Core Ultra 5,Core Ultra 5 226V,16GB,SSD 512 GB,14 inches,Intel Arc 130V GPU,,,https://cellphones.com.vn/laptop-asus-expertbook-p5-p5405csa-nz0016w.html,P5405CSA-NZ0016W,No,Còn hàng
03/08/2026,10:25,CellPhone S,Laptop ASUS Vivobook S14 S3407AA-SF945W,31990000,29190000,"Giảm 
9%",,,Asus,Business& Productivity,Vivobook,Core Ultra 5,Core Ultra 5 325,16GB,SSD 512 GB,14 inches,Intel Graphics,,,https://cellphones.com.vn/laptop-asus-vivobook-s14-s3407aa-sf945w.html,S3407AA-SF945W,No,Còn hàng
03/08/2026,10:25,CellPhone S,Laptop ASUS ROG Zephyrus G16 GU606AX-TB042WS,169990000,166990000,"Giảm 
2%",,,Asus,Gaming,ROG Zephyrus,Core Ultra 9,Core Ultra 9 386H,64GB LPDDR5X 8533 Onboard,"2TB PCIe 4.0 NVMe M.2 SSD (2 Khe cắm M.2 hỗ trợ cả SATA hoặc NVMe, tối đa 2TB)","16 inches, Độ sáng tối đa 1100 nits (Peak) Tỷ lệ tương phản 1.000.000:1 Màn hình chống chói NVIDIA G-SYNC Chứng nhận màu sắc Pantone Validated ROG Nebula HDR Display Hỗ trợ Dolby Vision HDR",RTX 5090,24G,,https://cellphones.com.vn/laptop-asus-rog-zephyrus-g16-gu606ax-tb042ws.html,GU606AX-TB042WS,No,Còn hàng
03/08/2026,10:25,CellPhone S,Laptop ASUS Vivobook S14 S5406SA-PP168WS,28490000,27990000,"Giảm 
2%",,,Asus,Business& Productivity,Vivobook,Core Ultra 5,Core Ultra 5 226V,16GB,SSD 512 GB,14 inches,Intel Arc Graphics,,,https://cellphones.com.vn/laptop-asus-vivobook-s14-s5406sa-pp168ws.html,S5406SA-PP168WS,No,Còn hàng
03/08/2026,10:25,CellPhone S,Laptop ASUS Zenbook A14 UX3407NA-QD132WS,48990000,44590000,"Giảm 
9%",,,Asus,Business& Productivity,Zenbook,Snapdragon X,Snapdragon X2 Elite,16GB,SSD 512 GB,14 inches,Qualcomm Adreno GPU,,,https://cellphones.com.vn/laptop-asus-zenbook-a14-ux3407na-qd132ws.html,UX3407NA-QD132WS,No,Còn hàng
03/08/2026,10:25,CellPhone S,Laptop ASUS ROG Zephyrus G14 GA403GM-SY004W,65990000,64590000,"Giảm 
2%",,,Asus,Gaming,ROG Zephyrus,Ryzen 9 AI,AMD Ryzen AI 9 465,32GB,SSD 1 TB,14 inches,RTX 5060,8G,,https://cellphones.com.vn/laptop-asus-rog-zephyrus-g14-ga403gm-sy004w-ryzen-ai-9.html,GA403GM-SY004W,No,Còn hàng
03/08/2026,10:25,CellPhone S,Laptop ASUS TUF Gaming F16 FX608JMI‑TU241W,44990000,41990000,"Giảm 
7%",,,Asus,Gaming,TUF,Core i7,Core i7 14650HX,16GB,SSD 512 GB,16 inches,RTX 5060,8G,,https://cellphones.com.vn/laptop-asus-tuf-gaming-f16-fx608jmi-tu241w.html,FX608JMI‑TU241W,No,Còn hàng
03/08/2026,10:25,CellPhone S,Laptop ASUS Vivobook S14 M3407HA-SF490W,27690000,24890000,"Giảm 
10%",,,Asus,Business& Productivity,Vivobook,Ryzen 7,Ryzen 7 260,16GB,SSD 512 GB,14 inches,AMD Radeon Graphics,,,https://cellphones.com.vn/laptop-asus-vivobook-s14-m3407ha-sf490w.html,M3407HA-SF490W,No,Còn hàng
03/08/2026,10:25,CellPhone S,Laptop ASUS Vivobook S16 S3607QA-SH040WS,23490000,20490000,"Giảm 
13%",,,Asus,Business& Productivity,Vivobook,Snapdragon X,Snapdragon X X1 26 100,16GB,SSD 512 GB,16 inches,Qualcomm Adreno GPU,,,https://cellphones.com.vn/laptop-asus-vivobook-s16-s3607qa-sh040ws.html,S3607QA-SH040WS,No,Còn hàng
03/08/2026,10:25,CellPhone S,Laptop ASUS VivoBook Go 14 E1404FA-EB935W,19990000,19590000,"Giảm 
2%",,,Asus,Business& Productivity,Vivobook,Ryzen 5,Ryzen 5 40,16GB,SSD 512 GB,14 inches,AMD Radeon Graphics,,,https://cellphones.com.vn/laptop-asus-vivobook-go-14-e1404fa-eb935w.html,E1404FA-EB935W,No,Còn hàng
03/08/2026,10:25,CellPhone S,Laptop ASUS Vivobook S14 M3407KA-SF034WS,24990000,23790000,"Giảm 
5%",,,Asus,Business& Productivity,Vivobook,Ryzen 5 AI,Ryzen AI 5 330,16GB,SSD 512 GB,14 inches,AMD Radeon Graphics,,,https://cellphones.com.vn/laptop-asus-vivobook-s14-m3407ka-sf034ws-ryzen-ai-5.html,M3407KA-SF034WS,No,Còn hàng
03/08/2026,10:25,CellPhone S,Laptop ASUS ZenBook 14 UX3405CA-ST629W,38690000,35490000,"Giảm 
8%",,,Asus,Business& Productivity,Zenbook,Core Ultra 7,Core Ultra 7 255H,32GB,SSD 512 GB,14 inches,Intel Arc Graphics,,,https://cellphones.com.vn/laptop-asus-zenbook-14-ux3405ca-st629w.html,UX3405CA-ST629W,No,Còn hàng
03/08/2026,10:25,CellPhone S,Laptop ASUS Vivobook S16 S3607CA-SH082WS,30990000,24990000,"Giảm 
19%",,,Asus,Business& Productivity,Vivobook,Core Ultra 5,Core Ultra 5 225H,16GB,SSD 512 GB,16 inches,Intel Arc Graphics,,,https://cellphones.com.vn/laptop-asus-vivobook-s16-s3607ca-sh082ws.html,S3607CA-SH082WS,No,Còn hàng
03/08/2026,10:25,CellPhone S,Laptop ASUS VivoBook 14 A1407QA-LY114W,22990000,18390000,"Giảm 
20%",,,Asus,Business& Productivity,Vivobook,Snapdragon X,Snapdragon X X1 26 100,16GB,SSD 512 GB,14 inches,Qualcomm Adreno GPU,,,https://cellphones.com.vn/laptop-asus-vivobook-14-a1407qa-ly114w.html,A1407QA-LY114W,No,Còn hàng
03/08/2026,10:25,CellPhone S,Laptop ASUS Vivobook 15 OLED A1505VA-L1688W,22990000,21990000,"Giảm 
4%",,,Asus,Business& Productivity,Vivobook,Core i7,Core i7 13620H,16GB,SSD 512 GB,15.6 inches,Intel UHD Graphics,,,https://cellphones.com.vn/laptop-asus-vivobook-15-oled-a1505va-l1688w.html,A1505VA-L1688W,No,Còn hàng
03/08/2026,10:25,CellPhone S,Laptop ASUS ROG Strix G16 G614PM-TS147W,52990000,49990000,"Giảm 
6%",,,Asus,Gaming,ROG Strix,Ryzen 9,Ryzen 9 8940HX,16GB,SSD 512 GB,16 inches,RTX 5060,8G,,https://cellphones.com.vn/laptop-asus-rog-strix-g16-g614pm-ts147w.html,G614PM-TS147W,No,Còn hàng
03/08/2026,10:25,CellPhone S,Laptop ASUS ZenBook 14 UM3406GA-QD073WS,39990000,36090000,"Giảm 
10%",,,Asus,Business& Productivity,Zenbook,Ryzen 7 AI,Ryzen AI 7 445,32GB,SSD 1 TB,14 inches,AMD Radeon Graphics,,,https://cellphones.com.vn/laptop-asus-zenbook-14-um3406ga-qd073ws.html,UM3406GA-QD073WS,No,Còn hàng
03/08/2026,10:25,CellPhone S,Laptop ASUS ROG Strix G16 G614PM-RV233W,48990000,46590000,"Giảm 
5%",,,Asus,Gaming,ROG Strix,Ryzen 9,Ryzen 9 8940HX,16GB,SSD 512 GB,16 inches,RTX 5060,8G,,https://cellphones.com.vn/laptop-asus-rog-strix-g16-g614pm-rv233w.html,G614PM-RV233W,No,Còn hàng
03/08/2026,10:25,CellPhone S,Laptop ASUS ZenBook 14 UM3406GA-QD075WS,29990000,29590000,"Giảm 
1%",,,Asus,Business& Productivity,Zenbook,Ryzen 7 AI,Ryzen AI 7 445,16GB,SSD 512 GB,14 inches,AMD Radeon Graphics,,,https://cellphones.com.vn/laptop-asus-zenbook-14-um3406ga-qd075ws.html,UM3406GA-QD075WS,No,Còn hàng
03/08/2026,10:25,CellPhone S,Laptop ASUS ROG Strix G16 G615JMR-S5155W,54990000,49990000,"Giảm 
9%",,,Asus,Gaming,ROG Strix,Core i7,Core i7 14650HX,32GB,SSD 1 TB,16 inches,RTX 5060,8G,,https://cellphones.com.vn/laptop-asus-rog-strix-g16-g615jmr-s5155w.html,G615JMR-S5155W,No,Còn hàng
03/08/2026,10:25,CellPhone S,Laptop ASUS Zenbook 14 UX3405CA-PZ187WS,31990000,30790000,"Giảm 
4%",,,Asus,Business& Productivity,Zenbook,Core Ultra 5,Core Ultra 5 225H,16GB,SSD 512 GB,14 inches,Intel Arc Graphics,,,https://cellphones.com.vn/laptop-asus-zenbook-14-ux3405ca-pz187ws.html,UX3405CA-PZ187WS,No,Còn hàng
03/08/2026,10:25,CellPhone S,Laptop ASUS Vivobook S16 S3607CA-SH083WS,,26990000,,,,Asus,Business& Productivity,Vivobook,Core Ultra 7,Core Ultra 7 255H,16GB,SSD 512 GB,16 inches,Intel Arc Graphics,,,https://cellphones.com.vn/laptop-asus-vivobook-s16-s3607ca-sh083ws.html,S3607CA-SH083WS,No,Còn hàng
03/08/2026,10:25,CellPhone S,Laptop ASUS VivoBook S14 M3407HA-SF480W,25490000,22490000,"Giảm 
12%",,,Asus,Business& Productivity,Vivobook,Ryzen 5,Ryzen 5 220,16GB,SSD 512 GB,14 inches,AMD Radeon Graphics,,,https://cellphones.com.vn/laptop-asus-vivobook-s14-m3407ha-sf480w.html,M3407HA-SF480W,No,Còn hàng
03/08/2026,10:25,CellPhone S,Laptop ASUS TUF Gaming A14 FA401GM-RG013W,57990000,53490000,"Giảm 
8%",,,Asus,Gaming,TUF,Ryzen 9 AI,AMD Ryzen AI 9 465,32GB,SSD 1 TB,14 inches,RTX 5060,8G,,https://cellphones.com.vn/laptop-asus-tuf-gaming-a14-fa401gm-rg013w-ryzen-ai-9.html,FA401GM-RG013W,No,Còn hàng
03/08/2026,10:25,CellPhone S,Laptop ASUS TUF Gaming F16 FX608JHI-TU210W,47990000,40990000,"Giảm 
15%",,,Asus,Gaming,TUF,Core i5,Core i5 14450HX,16GB,SSD 512 GB,16 inches,RTX 5050,8G,,https://cellphones.com.vn/laptop-asus-tuf-gaming-f16-fx608jhi-tu210w.html,FX608JHI-TU210W,No,Còn hàng
03/08/2026,10:25,CellPhone S,Laptop ASUS ROG Zephyrus G14 GU405AW-SY029W,119990000,115990000,"Giảm 
3%",,,Asus,Gaming,ROG Zephyrus,Core Ultra 9,Core Ultra 9 386H,32GB,SSD 1 TB,14 inches,RTX 5080,16G,,https://cellphones.com.vn/laptop-asus-rog-zephyrus-g14-gu405aw-sy029w.html,GU405AW-SY029W,No,Còn hàng
03/08/2026,10:25,CellPhone S,Laptop ASUS ROG Strix G16 G615LR-S5238W,58990000,54990000,"Giảm 
7%",,,Asus,Gaming,ROG Strix,Core Ultra 7,Core Ultra 7 255HX,"32GB DDR5-5600 SO-DIMM, tốc độ bộ nhớ của hệ thống thay đổi tùy theo CPU","1TB PCIe 4.0 NVMe M.2 SSD (2 Khe cắm M.2 hỗ trợ SATA hoặc NVMe, hỗ trợ tối đa 2TB)","16 inches, Thời gian phản hồi (G2G) 3ms Độ sáng 500nits Tỷ lệ tương phản 1200:1 Độ phủ màu DCI-P3 100% Màn hình chống chói G-Sync Nebula ROG Nebula Display Dolby Vision HDR ROG intelligent cooling",RTX 5070 Ti,12G,,https://cellphones.com.vn/laptop-asus-rog-strix-g16-g615lr-s5238w.html,G615LR-S5238W,No,Còn hàng
03/08/2026,10:25,CellPhone S,Laptop ASUS Vivobook 14 M1405NAQ-LY011W,21690000,19490000,"Giảm 
10%",,,Asus,Business& Productivity,Vivobook,Ryzen 7,Ryzen 7 170,16GB,SSD 512 GB,14 inches,AMD Radeon Graphics,,,https://cellphones.com.vn/laptop-asus-vivobook-14-m1405naq-ly011w.html,M1405NAQ-LY011W,No,Còn hàng
03/08/2026,10:25,CellPhone S,Laptop ASUS Vivobook S14 OLED S5406SA-PP059WS,35990000,35290000,"Giảm 
2%",,,Asus,Business& Productivity,Vivobook,Core Ultra 7,Core Ultra 7 258V,32GB LPDDR5X 32GB,1TB M.2 NVMe PCIe 4.0 SSD,"14 inches, Giảm 70% ánh sáng xanh có hại 1.07 tỷ màu Display HDR True Black 600 Gamut mapping Độ phủ màu 100% DCI-P3 Độ sáng tối đa 600nits HDR",Intel Arc Graphics,,,https://cellphones.com.vn/laptop-asus-vivobook-s14-oled-s5406sa-pp059ws.html,S5406SA-PP059WS,No,Còn hàng
03/08/2026,10:25,CellPhone S,Laptop ASUS Vivobook S14 S3407QA-SF043WS,25990000,21490000,"Giảm 
17%",,,Asus,Business& Productivity,Vivobook,Snapdragon X,Snapdragon X X1 26 100,16GB,SSD 512 GB,14 inches,Qualcomm Adreno GPU,,,https://cellphones.com.vn/laptop-asus-vivobook-s14-s3407qa-sf043ws.html,S3407QA-SF043WS,No,Còn hàng
03/08/2026,10:25,CellPhone S,Laptop ASUS Zenbook S 14 OLED UX5406SA-PV140WS,44990000,42390000,"Giảm 
6%",,,Asus,Business& Productivity,Zenbook,Core Ultra 7,Core Ultra 7 258V,32GB,SSD 1 TB,14 inches,Intel Arc Graphics,,,https://cellphones.com.vn/laptop-asus-zenbook-s-14-oled-ux5406sa-pv140ws.html,UX5406SA-PV140WS,No,Còn hàng
03/08/2026,10:25,CellPhone S,Laptop ASUS Vivobook Go 14 E1404FA-EB482W,15990000,15490000,"Giảm 
3%",,,Asus,Business& Productivity,Vivobook,Ryzen 5,Ryzen 5 7520U,16GB,SSD 512 GB,14 inches,AMD Radeon Graphics,,,https://cellphones.com.vn/laptop-asus-vivobook-go-14-e1404fa-eb482w.html,E1404FA-EB482W,No,Còn hàng
03/08/2026,10:25,CellPhone S,Laptop ASUS VivoBook 14 M1407GA-LY270W,26990000,23690000,"Giảm 
12%",,,Asus,Business& Productivity,Vivobook,Ryzen 7 AI,Ryzen AI 7 445,16GB,SSD 512 GB,14 inches,AMD Radeon Graphics,,,https://cellphones.com.vn/laptop-asus-vivobook-14-m1407ga-ly270w.html,M1407GA-LY270W,No,Còn hàng
03/08/2026,10:25,CellPhone S,Laptop ASUS TUF Gaming A14 FA401KM-RG010WS,,45190000,,,,Asus,Gaming,TUF,Ryzen 7 AI,Ryzen AI 7 350,32GB,SSD 1 TB,14 inches,RTX 5060,8G,,https://cellphones.com.vn/laptop-asus-tuf-gaming-a14-fa401km-rg010ws-ryzen-ai-7.html,FA401KM-RG010WS,No,Còn hàng
03/08/2026,10:25,CellPhone S,Laptop ASUS ROG Strix G18 G815LP-S9102W,,56990000,,,,Asus,Gaming,ROG Strix,Core Ultra 9,Core Ultra 9 275HX,32GB DDR5-5600 SO-DIMM,"1TB PCIe 4.0 NVMe M.2 SSD (2 Khe cắm M.2 hỗ trợ cả SATA hoặc NVMe, tối đa 2TB)","18 inches, Thời gian phản hồi (G2G) 3ms Góc nhìn 170 Độ sáng 500 nits Tỷ lệ tương phản 1000:1 Độ phủ màu DCI-P3 100% Chống chói G-Sync Màn hình ROG Nebula Hỗ trợ Dolby Vision HDR Tản nhiệt thông minh ROG",RTX 5070,8G,,https://cellphones.com.vn/laptop-asus-rog-strix-g18-g815lp-s9102w.html,G815LP-S9102W,No,Còn hàng
03/08/2026,10:25,CellPhone S,Laptop ASUS Zenbook S 16 UM5606KA-RK113WS,42990000,37990000,"Giảm 
12%",,,Asus,Business& Productivity,Zenbook,Ryzen 7 AI,Ryzen AI 7 350,24GB LPDDR5X Onboard,1TB M.2 NVMe PCIe 4.0 SSD,"16 inches, Thời gian phản hồi 0.2ms Độ sáng 400nits Độ sáng tối đa 500nits HDR Độ phủ màu 100% DCI-P3 HDR True Black 500 1.07 tỷ màu Giảm 70% ánh sáng xanh có hại TÜV Rheinland-certified SGS Eye Care Display",,,,https://cellphones.com.vn/laptop-asus-zenbook-s-16-um5606ka-rk113ws-ryzen-ai-7.html,UM5606KA-RK113WS,No,Còn hàng
03/08/2026,10:25,CellPhone S,Laptop ASUS ROG Strix G16 G614PH-TS118W,52990000,49990000,"Giảm 
6%",,,Asus,Gaming,ROG Strix,Ryzen 9,Ryzen 9 8940HX,16GB,SSD 512 GB,16 inches,RTX 5050,8G,,https://cellphones.com.vn/laptop-asus-rog-strix-g16-g614ph-ts118w.html,G614PH-TS118W,No,Còn hàng
03/08/2026,10:25,CellPhone S,Laptop ASUS Zenbook 14 UM3406KA-PP113WS,28990000,27190000,"Giảm 
6%",,,Asus,Business& Productivity,Zenbook,Ryzen 7 AI,Ryzen AI 7 350,16GB,SSD 512 GB,14 inches,AMD Radeon Graphics,,,https://cellphones.com.vn/laptop-asus-zenbook-14-um3406ka-pp113ws-ryzen-ai-7.html,UM3406KA-PP113WS,No,Còn hàng
03/08/2026,10:25,CellPhone S,Laptop ASUS ROG Zephyrus G16 GU606AM-TB032W,89990000,87990000,"Giảm 
2%",,,Asus,Gaming,ROG Zephyrus,Core Ultra 9,Core Ultra 9 386H,32GB LPDDR5X 8533 Onboard,"1TB PCIe 4.0 NVMe M.2 SSD (2 Khe cắm M.2 hỗ trợ cả SATA hoặc NVMe, tối đa 2TB)","16 inches, Độ sáng tối đa 1100 nits (Peak) Tỷ lệ tương phản 1.000.000:1 Độ phủ màu DCI-P3 100% Màn hình chống chói NVIDIA G-SYNC Chứng nhận màu sắc Pantone Validated ROG Nebula HDR Display Hỗ trợ Dolby Vision HDR",RTX 5060,8G,,https://cellphones.com.vn/laptop-asus-rog-zephyrus-g16-gu606am-tb032w.html,GU606AM-TB032W,No,Còn hàng
03/08/2026,10:25,CellPhone S,Laptop ASUS Vivobook 16 A1607QA-MB067WS,20990000,17990000,"Giảm 
14%",,,Asus,Business& Productivity,Vivobook,Snapdragon X,Snapdragon X X1 26 100,16GB,SSD 512 GB,16 inches,Qualcomm Adreno GPU,,,https://cellphones.com.vn/laptop-asus-vivobook-16-a1607qa-mb067ws-snapdragon.html,A1607QA-MB067WS,No,Còn hàng
03/08/2026,10:25,CellPhone S,Laptop ASUS Gaming VivoBook K3605ZF-RP634W,20990000,16990000,"Giảm 
19%",,,Asus,Gaming,Gaming Vivobook,Core i5,Core i5 12500H,16GB,SSD 512 GB,16 inches,RTX 2050,4G,,https://cellphones.com.vn/laptop-asus-gaming-vivobook-k3605zf-rp634w.html,K3605ZF-RP634W,No,Còn hàng
03/08/2026,10:25,CellPhone S,Laptop ASUS VivoBook 14 OLED A1405VA-KM095W,20990000,16990000,"Giảm 
19%",,,Asus,Business& Productivity,Vivobook,Core i5,Core i5-13500H,16GB 8GB DDR4 on board + 8GB DDR4 SO-DIMM,512GB M.2 NVM PCIe 3.0 SSD,"14 inches, Thời gian phản hồi 0,2ms Độ sáng tối đa 600nits HDR Độ phủ màu 100% DCI-P3",,,,https://cellphones.com.vn/laptop-asus-vivobook-14-oled-a1405va-km095w.html,A1405VA-KM095W,No,Còn hàng
03/08/2026,10:25,CellPhone S,Laptop ASUS Vivobook 14 X1404VA-EB355W,25990000,21490000,"Giảm 
17%",,,Asus,Business& Productivity,Vivobook,Core 7,Core 7 150U,16GB,SSD 512 GB,14 inches,Intel Graphics,,,https://cellphones.com.vn/laptop-asus-vivobook-14-x1404va-eb355w.html,X1404VA-EB355W,No,Còn hàng
03/08/2026,10:25,CellPhone S,Laptop ASUS TUF Gaming F16 FX608JMR-RV048W,40990000,39590000,"Giảm 
3%",,,Asus,Gaming,TUF,Core i7,Core i7 14650HX,16GB,SSD 1 TB,16 inches,RTX 5060,8G,,https://cellphones.com.vn/laptop-asus-tuf-gaming-f16-fx608jmr-rv048w.html,FX608JMR-RV048W,No,Còn hàng
03/08/2026,10:25,CellPhone S,Laptop ASUS TUF Gaming A16 FA608UM‑RV266W,44990000,43590000,"Giảm 
3%",,,Asus,Gaming,Gaming A16,Ryzen 7,Ryzen 7 260,16GB,SSD 512 GB,16 inches,RTX 5060,8G,,https://cellphones.com.vn/laptop-asus-tuf-gaming-a16-fa608um-rv266w.html,FA608UM‑RV266W,No,Còn hàng
03/08/2026,10:25,CellPhone S,Laptop ASUS ROG Strix G16 G614PM-S5181WS,48990000,48290000,"Giảm 
1%",,,Asus,Gaming,ROG Strix,Ryzen 9,Ryzen 9 8940HX,16GB,SSD 1 TB,16 inches,RTX 5060,8G,,https://cellphones.com.vn/laptop-asus-rog-strix-g16-g614pm-s5181ws.html,G614PM-S5181WS,No,Còn hàng
03/08/2026,10:25,CellPhone S,Laptop ASUS Zenbook 14 Oled UX3405MA-PP151W,28990000,25490000,"Giảm 
12%",,,Asus,Business& Productivity,Zenbook,Core Ultra 5,Core Ultra 5 125H,16GB,SSD 512 GB,14 inches,Intel® Arc Graphics,,,https://cellphones.com.vn/laptop-asus-zenbook-14-oled-ux3405ma-pp151w.html,UX3405MA-PP151W,No,Còn hàng
03/08/2026,10:25,CellPhone S,Laptop ASUS VivoBook S 16 OLED S5606MA-MX051W,29990000,26990000,"Giảm 
10%",,,Asus,Business& Productivity,Vivobook,Core Ultra 7,Core Ultra 7 155H,16GB LPDDR5X Onboard,512GB M.2 NVMe PCIe 4.0 SSD,"16 inches, Độ sáng tối đa 600nits HDR Gam màu 100% DCI-P3 Tỷ lệ tương phản 1.000.000:1 Ánh sáng xanh ít gây hại hơn 70% TÜV Rheinland-certified 1.07 tỷ màu",Intel Arc Graphics,,,https://cellphones.com.vn/laptop-asus-vivobook-s-16-oled-s5606ma-mx051w.html,S5606MA-MX051W,No,Còn hàng
03/08/2026,10:25,CellPhone S,Laptop ASUS VivoBook S14 S3407CA-SF913W,29990000,26190000,"Giảm 
13%",,,Asus,Business& Productivity,Vivobook,Core Ultra 5,Core Ultra 5 225H,16GB,SSD 512 GB,14 inches,Intel Graphics,,,https://cellphones.com.vn/laptop-asus-vivobook-s14-s3407ca-sf913w.html,S3407CA-SF913W,No,Còn hàng
03/08/2026,10:25,CellPhone S,Laptop ASUS Vivobook 14 X1404MA-EB219W,26990000,20890000,"Giảm 
23%",,,Asus,Business& Productivity,Vivobook,Core 5,Core 5 320,8GB DDR5 SO-DIMM,512GB M.2 NVMe PCIe 4.0 SSD,"14 inches, Độ phủ màu 45% NTSC Màn hình chống chói",Intel Graphics,,,https://cellphones.com.vn/laptop-asus-vivobook-14-x1404ma-eb219w.html,X1404MA-EB219W,No,Còn hàng
03/08/2026,10:25,CellPhone S,Laptop ASUS Vivobook 14 OLED A1405ZA-KM264W,17990000,14990000,"Giảm 
17%",,,Asus,Business& Productivity,Vivobook,Core i5,Core i5 12500H,16GB DDR4,SSD 512 GB,"14 inches, Tỷ lệ 16:10 Thời gian phản hồi 0.2 ms Độ sáng tối đa 600nits HDR Độ phủ màu 100% DCI-P3 HDR True Black 600 1.07 tỷ màu Giảm ánh sáng xanh SGS Eye Care Display Gamut mapping Pantone",Intel Iris Xe Graphics,,,https://cellphones.com.vn/laptop-asus-vivobook-14-oled-a1405za-km264w.html,A1405ZA-KM264W,No,Còn hàng
03/08/2026,10:25,CellPhone S,Laptop ASUS TUF Gaming F16 FX608JH-RV039W,33370000,32890000,"Giảm 
1%",,,Asus,Gaming,TUF,Core i5,Core i5 13450HX,16GB,SSD 1 TB,16 inches,RTX 5050,8G,,https://cellphones.com.vn/laptop-asus-tuf-gaming-f16-fx608jh-rv039w.html,FX608JH-RV039W,No,Còn hàng
03/08/2026,10:25,CellPhone S,Laptop ASUS Vivobook S 14 OLED S5406MA-PP046WS,26990000,22990000,"Giảm 
15%",,,Asus,Business& Productivity,Vivobook,Core Ultra 5,Core Ultra 5 125H,16GB LPDDR5X Onboard,512GB M.2 NVMe PCIe 4.0 SSD,"14 inches, Độ sáng 400nits Độ sáng tối đa 600nits HDR Độ phủ màu 100% DCI-P3 VESA CERTIFIED Display HDR True Black 600 1.07 tỷ màu Ánh sáng xanh ít gây hại hơn 70%",,,,https://cellphones.com.vn/laptop-asus-vivoboook-s-14-oled-s5406ma-pp046ws.html,S5406MA-PP046WS,No,Còn hàng
03/08/2026,10:25,CellPhone S,Laptop ASUS TUF Gaming A15 FA506NCR-HN047W,23490000,18990000,"Giảm 
19%",,,Asus,Gaming,TUF,Ryzen 7,Ryzen 7 7435HS,16GB,SSD 512 GB,15.6 inches,RTX 3050,4G,,https://cellphones.com.vn/laptop-asus-tuf-gaming-a15-fa506ncr-hn047w.html,FA506NCR-HN047W,No,Còn hàng
03/08/2026,10:25,CellPhone S,Laptop ASUS VivoBook S14 M3407GA-SF030W,30990000,27590000,"Giảm 
11%",,,Asus,Business& Productivity,Vivobook,Ryzen 7 AI,Ryzen AI 7 445,16GB,SSD 512 GB,14 inches,AMD Radeon Graphics,,,https://cellphones.com.vn/laptop-asus-vivobook-s14-m3407ga-sf030w.html,M3407GA-SF030W,No,Còn hàng
03/08/2026,10:25,CellPhone S,Laptop ASUS VivoBook 15 OLED A1505VA-L1114W,20990000,15490000,"Giảm 
26%",,,Asus,Business& Productivity,Vivobook,Core i5,Core i5 13500H,16GB,SSD 512 GB,15.6 inches,Intel Iris Xe Graphics,,,https://cellphones.com.vn/laptop-asus-vivobook-15-oled-a1505va-l1114w.html,A1505VA-L1114W,No,Còn hàng
03/08/2026,10:25,CellPhone S,Laptop ASUS ROG Strix G16 G614JU-N3206W,38990000,30990000,"Giảm 
21%",,,Asus,Gaming,ROG Strix,Core i7,Core i7 13650HX,16GB DDR5-4800 SO-DIMM,1TB PCIe 4.0 NVMe M.2 SSD 2x DDR5 SO-DIMM slots 2x M.2 PCIe,"16 inches, Độ sáng 250nits Độ phủ màu SRGB 100% Màn hình chống chói G-Sync Dolby Vision HDR ROG intelligent cooling",RTX 4050,6G,,https://cellphones.com.vn/laptop-asus-rog-strix-g16-g614ju-n3206w.html,G614JU-N3206W,No,Còn hàng
03/08/2026,10:25,CellPhone S,Laptop ASUS Vivobook S16 S3607VA-RP056W,25990000,23590000,"Giảm 
9%",,,Asus,Business& Productivity,Vivobook,Core i7,Core i7 13620H,16GB,SSD 512 GB,16 inches,Intel UHD Graphics,,,https://cellphones.com.vn/laptop-asus-vivobook-s16-s3607va-rp056w.html,S3607VA-RP056W,No,Còn hàng
03/08/2026,10:25,CellPhone S,Laptop ASUS Zenbook 14 UM3406KA-PP590WS,34990000,32390000,"Giảm 
7%",,,Asus,Business& Productivity,Zenbook,Ryzen 7 AI,Ryzen AI 7 350,32GB,SSD 1 TB,14 inches,AMD Radeon Graphics,,,https://cellphones.com.vn/laptop-asus-zenbook-14-um3406ka-pp590ws-ryzen-ai-7.html,UM3406KA-PP590WS,No,Còn hàng
03/08/2026,10:25,CellPhone S,Laptop ASUS VivoBook 16 M3607GA-SH034W,30990000,27690000,"Giảm 
11%",,,Asus,Business& Productivity,Vivobook,Ryzen 7 AI,Ryzen AI 7 445,16GB,SSD 512 GB,16 inches,AMD Radeon Graphics,,,https://cellphones.com.vn/laptop-asus-vivobook-16-m3607ga-sh034w-ryzen-ai-7.html,M3607GA-SH034W,No,Còn hàng
03/08/2026,10:25,CellPhone S,Laptop ASUS Vivobook S 14 OLED M5406WA-PP071WS,33990000,29590000,"Giảm 
13%",,,Asus,Business& Productivity,Vivobook,Ryzen 9 AI,Ryzen AI 9 HX 370,32GB LPDDR5X Onboard,1TB M.2 NVMe PCIe 4.0 SSD (1x M.2 2280 PCIe 3.0x4),"14 inches, Độ sáng tối đa HDR 600nits Độ phủ màu DCI-P3 100% 1.000.000:1 Màn hình HDR True Black 600 ĐÃ CHỨNG NHẬN VESA 1.07 tỷ màu Được PANTONE xác thực Màn hình bóng Giảm 65% ánh sáng xanh có hại",AMD Radeon 890M,,,https://cellphones.com.vn/laptop-asus-vivobook-s-14-oled-m5406wa-pp071ws.html,M5406WA-PP071WS,No,Còn hàng
03/08/2026,10:25,CellPhone S,Laptop ASUS Vivobook 15 OLED A1505VA MA468W,20990000,20490000,"Giảm 
2%",,,Asus,Business& Productivity,Vivobook,Core i5,Core I5-13500H,16GB DDR4 (8GB onboard + 8GB SO-DIMM),512GB M.2 NVMe PCIe 3.0 SSD,"15.6 inches, 16:9 Độ sáng tối đa HDR 600 nits Độ phủ màu 100% DCI-P3 tỷ lệ tương phản 1.000.000:1 HDR True Black 600 1.07 tỷ màu Ánh sáng xanh ít gây hại hơn 70% Chứng nhận TÜV Rheinland SGS Màn hình chăm sóc mắt",,,,https://cellphones.com.vn/laptop-asus-vivobook-15-oled-a1505va-ma468w.html,A1505VA MA468W,No,Còn hàng
03/08/2026,10:25,CellPhone S,Laptop ASUS ROG Zephyrus G16 GU606AR-TB027W,99990000,96990000,"Giảm 
3%",,,Asus,Gaming,ROG Zephyrus,Core Ultra 9,Core Ultra 9 386H,32GB LPDDR5X 8533 Onboard,"1TB PCIe 4.0 NVMe M.2 SSD (2 Khe cắm M.2 hỗ trợ cả SATA hoặc NVMe, tối đa 2TB)","16 inches, Độ sáng tối đa 1100 nits (Peak) Tỷ lệ tương phản 1.000.000:1 Màn hình chống chói NVIDIA G-SYNC Chứng nhận màu sắc Pantone Validated ROG Nebula HDR Display Hỗ trợ Dolby Vision HDR",RTX 5070 Ti,12G,,https://cellphones.com.vn/laptop-asus-rog-zephyrus-g16-gu606ar-tb027w.html,GU606AR-TB027W,No,Còn hàng
03/08/2026,10:25,CellPhone S,Laptop ASUS Vivobook 15 X1504MA-BQ632W,26990000,21090000,"Giảm 
22%",,,Asus,Business& Productivity,Vivobook,Core 5,Core 5 320,8GB,SSD 512 GB,15.6 inches,Intel Graphics,,,https://cellphones.com.vn/laptop-asus-vivobook-15-x1504ma-bq632w.html,X1504MA-BQ632W,No,Còn hàng
03/08/2026,10:25,CellPhone S,Laptop ASUS VivoBook S16 S3607AA-SH042W,31990000,27990000,"Giảm 
13%",,,Asus,Business& Productivity,Vivobook,Core Ultra 5,Core Ultra 5 325,16GB,SSD 512 GB,16 inches,Intel Arc Graphics,,,https://cellphones.com.vn/laptop-asus-vivobook-s16-s3607aa-sh042w.html,S3607AA-SH042W,No,Còn hàng
03/08/2026,10:25,CellPhone S,Laptop ASUS ROG Zephyrus G14 GA403WM-QS051WS,56940000,55990000,"Giảm 
2%",,,Asus,Gaming,ROG Zephyrus,Ryzen 9 AI,Ryzen AI 9 HX 370,32GB LPDDR5X 7500 Onboard,"1TB PCIe 4.0 NVMe M.2 SSD (1 Khe cắm M.2 hỗ trợ SATA hoặc NVMe, tối đa 2TB)","14 inches, Độ sáng 500nits Tỷ lệ tương phản 1000000:1 Độ phủ màu DCI-P3 100% G-Sync / Adaptive-Sync Màn hình Nebula ROG Nebula Display Dolby Vision HDR Tản nhiệt thông minh ROG",RTX 5060,8G,,https://cellphones.com.vn/laptop-asus-rog-zephyrus-g14-ga403wm-qs051ws-ryzen-ai-9.html,GA403WM-QS051WS,No,Còn hàng
03/08/2026,10:25,CellPhone S,Laptop ASUS ROG Flow Z13 GZ302EA-RU080WS,,77990000,,,,Asus,Gaming,ROG Flow,Ryzen AI MAX+,Ryzen AI MAX+ 395,32GB LPDDR5X 8000 Onboard (Tốc độ thực tế có thể thay đổi tùy theo cấu hình),1TB PCIe 4.0 NVMe M.2 SSD (2230),"13.4 inches, Độ sáng 500nits Độ phủ màu DCI-P3 100% ROG Nebula Display Support Dolby Vision HDR",,,,https://cellphones.com.vn/laptop-asus-rog-flow-z13-gz302ea-ru080ws-ryzen-ai.html,GZ302EA-RU080WS,No,Còn hàng
03/08/2026,10:25,CellPhone S,Laptop ASUS ROG Strix G16 G615LR-S5289W,57990000,55990000,"Giảm 
3%",,,Asus,Gaming,ROG Strix,Core Ultra 7,Core Ultra 7 255HX,16GB DDR5-5600 SO-DIMM,"1TB PCIe 4.0 NVMe M.2 SSD (2 Khe cắm M.2 hỗ trợ cả SATA hoặc NVMe, tối đa 2TB)","16 inches, Thời gian phản hồi 3ms Độ sáng 500nit Tỷ lệ tương phản 1200:1 Độ phủ màu DCI-P3 100% Màn hình chống chói G-Sync ROG Nebula Display Hỗ trợ Dolby Vision HDR Tản nhiệt thông minh ROG",RTX 5070 Ti,12G,,https://cellphones.com.vn/laptop-asus-rog-strix-g16-g615lr-s5289w.html,G615LR-S5289W,No,Còn hàng
03/08/2026,10:25,CellPhone S,Laptop ASUS Gaming V16 K3607VJ-RP106W,24490000,21990000,"Giảm 
10%",,,Asus,Gaming,Gaming V16,Core 7,Core 7 240H,16GB DDR5 SO-DIMM,512GB M.2 NVMe PCIe 4.0 SSD,"16 inches, Độ sáng 300nits Độ phủ màu 45% NTSC Màn hình chống chói",RTX 3050,6G,,https://cellphones.com.vn/laptop-asus-v16-k3607vj-rp106w.html,K3607VJ-RP106W,No,Còn hàng
03/08/2026,10:25,CellPhone S,Laptop ASUS ROG Strix G16 G614JU-N4132W,38990000,30490000,"Giảm 
22%",,,Asus,Gaming,ROG Strix,Core i7,Core i7 13650HX,16GB DDR5-4800 SO-DIMM,512GB PCIe 4.0 NVMe M.2 SSD,"16 inches, Thời gian phản hồi 3ms Độ phủ màu 100.00% DCI-P3 Màn hình chống chói G-Sync ROG Nebula Display Dolby Vision HDR",RTX 4050,6G,,https://cellphones.com.vn/laptop-asus-rog-strix-g16-g614ju-n4132w.html,G614JU-N4132W,No,Còn hàng
03/08/2026,10:25,CellPhone S,Laptop ASUS Vivobook S14 M3407KA-SF034W,33990000,25990000,"Giảm 
24%",,,Asus,Business& Productivity,Vivobook,Ryzen 5 AI,Ryzen AI 5 330,16GB DDR5 Onboard,512GB M.2 NVMe PCIe 4.0 SSD,"14 inches, Thời gian phản hồi 0.2ms Độ sáng 300 nits Độ phủ màu 95% DCI-P3 Tỷ lệ tương phản 1.000.000:1 1.07 tỷ màu (Color Depth 10-bit)",AMD Radeon Graphics,,,https://cellphones.com.vn/laptop-asus-vivobook-s14-m3407ka-sf034w-ryzen-ai-5.html,M3407KA-SF034W,No,Còn hàng
03/08/2026,10:25,CellPhone S,Laptop ASUS VivoBook Go 14 E1404FA-NK177W,14490000,13690000,"Giảm 
6%",,,Asus,Business& Productivity,Vivobook,Ryzen 5,Ryzen 5 7520U,16GB,SSD 512 GB,14 inches,AMD Radeon Graphics,,,https://cellphones.com.vn/laptop-asus-vivobook-go-14-e1404fa-nk177w.html,E1404FA-NK177W,No,Còn hàng
03/08/2026,10:25,CellPhone S,Laptop Asus Vivobook 13 Slate Oled T3300KA,17790000,16490000,"Giảm 
7%",,,Asus,Business& Productivity,Vivobook,Pentium,Pentium N6000,8GB 8GB LPDDR4X on board,256GB M.2 NVMe ™ PCIe® 3.0 SSD,"13.3 inches, 100% DCI-P3 550 nits 1.07 triệu màu VESA DisplayHDR™ True Black 500",,,,https://cellphones.com.vn/laptop-asus-vivobook-13-slate-oled-t3300-43247.html,T3300KA,No,Còn hàng
03/08/2026,10:25,CellPhone S,Laptop ASUS TUF Gaming F15 FX507ZC4-HN074W,25990000,18990000,"Giảm 
27%",,,Asus,Gaming,TUF,Core i5,Core i5 12500H,8GB,SSD 512 GB,15.6 inches,RTX 3050,4G,,https://cellphones.com.vn/laptop-asus-tuf-gaming-f15-fx507zc4-hn074w.html,FX507ZC4-HN074W,No,Còn hàng
03/08/2026,10:25,CellPhone S,Laptop ASUS VivoBook 15 X1504VA-NJ070W,18490000,13990000,"Giảm 
24%",,,Asus,Business& Productivity,Vivobook,Core i5,Core i5 1335U,16GB DDR4,512GB M.2 NVMe PCIe 3.0 SSD,"15.6 inches, Độ sáng 250nits Độ phủ màu 45% NTSC Màn hình chống chói TÜV Rheinland-certified Tỉ lệ 16:9",,,,https://cellphones.com.vn/laptop-asus-vivobook-15-x1504va-nj070w.html,X1504VA-NJ070W,No,Còn hàng
03/08/2026,10:25,CellPhone S,Laptop ASUS Vivobook S14 S3407CA-LY096WS,30990000,27590000,"Giảm 
11%",,,Asus,Business& Productivity,Vivobook,Core Ultra 7,Core Ultra 7 255H,16GB,SSD 512 GB,14 inches,Intel UHD Graphics,,,https://cellphones.com.vn/laptop-asus-vivobook-s14-s3407ca-ly096ws.html,S3407CA-LY096WS,No,Còn hàng
03/08/2026,10:25,CellPhone S,Laptop ASUS ROG Strix G18 G815LM-S9088W,52090000,51990000,"Giảm 
0%",,,Asus,Gaming,ROG Strix,Core Ultra 9,Core Ultra 9 275HX,32GB DDR5-5600 SO-DIMM,"1TB PCIe 4.0 NVMe M.2 SSD (2 Khe cắm M.2 hỗ trợ cả SATA hoặc NVMe, tối đa 2TB)","18 inches, Thời gian phản hồi (G2G) 3ms Góc nhìn 170 Độ sáng 500 nits Tỷ lệ tương phản 1000:1 Độ phủ màu DCI-P3 100% Chống chói G-Sync Màn hình ROG Nebula Hỗ trợ Dolby Vision HDR Tản nhiệt thông minh ROG",RTX 5060,8G,,https://cellphones.com.vn/laptop-asus-rog-strix-g18-g815lm-s9088w.html,G815LM-S9088W,No,Còn hàng
03/08/2026,10:25,CellPhone S,Laptop ASUS TUF Gaming A16 FA608PP‑RV089W,50990000,49490000,"Giảm 
3%",,,Asus,Gaming,Gaming A16,Ryzen 9,Ryzen 9 8940HX,16GB,SSD 512 GB,16 inches,RTX 5070,8G,,https://cellphones.com.vn/laptop-asus-tuf-gaming-a16-fa608pp-rv089w.html,FA608PP‑RV089W,No,Còn hàng
03/08/2026,10:25,CellPhone S,Laptop ASUS Vivobook 14 X1404VA-NK394W,,13490000,,,,Asus,Business& Productivity,Vivobook,Core i3,Core i3 1315U,8GB,SSD 512 GB,14 inches,Intel UHD Graphics,,,https://cellphones.com.vn/laptop-asus-vivobook-14-x1404va-nk394w.html,X1404VA-NK394W,No,Còn hàng
03/08/2026,10:25,CellPhone S,Laptop ASUS TUF Gaming A16 Advantage Edition FA617NSR-RL100W,28490000,22490000,"Giảm 
21%",,,Asus,Gaming,Gaming A16,Ryzen 7,Ryzen 7 7435HS,16GB DDR5-4800 SO-DIMM,512GB PCIe 4.0 NVMe M.2 SSD,"16 inches, Thời gian phản hồi 7ms Độ sáng 300nits Độ phủ màu NTSC 45% Màn hình chống chói FreeSync Premium",,,,https://cellphones.com.vn/laptop-asus-tuf-gaming-a16-advantage-edition-fa617nsr-rl100w.html,FA617NSR-RL100W,No,Còn hàng
03/08/2026,10:25,CellPhone S,Laptop ASUS Vivobook S14 S3407AA-SF032W,33990000,31290000,"Giảm 
8%",,,Asus,Business& Productivity,Vivobook,Core Ultra 7,Core Ultra 7 355,16GB,SSD 512 GB,14 inches,Intel Graphics,,,https://cellphones.com.vn/laptop-asus-vivobook-s14-s3407aa-sf032w.html,S3407AA-SF032W,No,Còn hàng
03/08/2026,10:25,CellPhone S,Laptop ASUS Vivobook 15 X1502VA-BQ886W,21990000,20690000,"Giảm 
6%",,,Asus,Business& Productivity,Vivobook,Core i7,Core i7 13620H,16GB,SSD 512 GB,15.6 inches,Intel UHD Graphics,,,https://cellphones.com.vn/laptop-asus-vivobook-15-x1502va-bq886w.html,X1502VA-BQ886W,No,Còn hàng
03/08/2026,10:25,CellPhone S,Laptop ASUS Vivobook 15 X1502VA-BQ885W,16990000,16690000,"Giảm 
2%",,,Asus,Business& Productivity,Vivobook,Core i5,Core i5-13420H,16GB DDR4,512GB M.2 NVMe PCIe 4.0 SSD,"15.6 inches, Độ sáng 250nits Độ phủ màu 45% NTSC Màn hình chống chói TÜV Rheinland-certified",Intel HD Graphics,,,https://cellphones.com.vn/laptop-asus-vivobook-15-x1502va-bq885w.html,X1502VA-BQ885W,No,Còn hàng
03/08/2026,10:25,CellPhone S,Laptop ASUS Vivobook 15 X1504ZA-NJ1039W,17990000,14990000,"Giảm 
17%",,,Asus,Business& Productivity,Vivobook,Core i7,Core i7 1255U,16GB,SSD 512 GB,15.6 inches,Intel Iris Xe Graphics,,,https://cellphones.com.vn/laptop-asus-vivobook-15-x1504za-nj1039w.html,X1504ZA-NJ1039W,No,Còn hàng
03/08/2026,10:25,CellPhone S,Laptop ASUS ROG Strix G16 G614PR-TS103W,,68990000,,,,Asus,Gaming,ROG Strix,Ryzen 9,Ryzen 9 8940HX,16GB,SSD 512 GB,16 inches,RTX 5070 Ti,12G,,https://cellphones.com.vn/laptop-asus-rog-strix-g16-g614pr-ts103w.html,G614PR-TS103W,No,Còn hàng
03/08/2026,10:25,CellPhone S,Laptop ASUS TUF Gaming F16 FX607VJB-RL151W,24990000,23490000,"Giảm 
6%",,,Asus,Gaming,TUF,Core 5,Core 5 210H,16GB,SSD 512 GB,16 inches,RTX 3050,6G,,https://cellphones.com.vn/laptop-asus-tuf-gaming-f16-fx607vjb-rl151w.html,FX607VJB-RL151W,No,Còn hàng
03/08/2026,10:25,CellPhone S,Laptop ASUS ROG Strix G16 G614JIR-N4046W,55990000,46990000,"Giảm 
16%",,,Asus,Gaming,ROG Strix,Core i9,Core i9 14900HX 2.2,32GB DDR5-5600 SO-DIMM,1TB PCIe 4.0 NVMe M.2 SSD (nâng cấp tối đa 2TB),"16 inches, Thời gian phản hồi 3ms Độ sáng 500nits Độ tương phản 1200:1 Độ phủ màu DCI-P3 100% Chống chói màn hình chống chói G-Sync ROG Nebula Display ROG intelligent cooling Dolby Vision HDR",RTX 4070,8G,,https://cellphones.com.vn/laptop-asus-rog-strix-g16-g614jir-n4046w.html,G614JIR-N4046W,No,Còn hàng
03/08/2026,10:25,CellPhone S,Laptop ASUS Vivobook S14 S3407VA-LY046W,19990000,18490000,"Giảm 
8%",,,Asus,Business& Productivity,Vivobook,Core i5,Core i5 13420H,16GB,SSD 512 GB,14 inches,Intel UHD Graphics,,,https://cellphones.com.vn/laptop-asus-vivobook-s14-s3407va-ly046w.html,S3407VA-LY046W,No,Còn hàng
03/08/2026,10:25,CellPhone S,Laptop ASUS Vivobook 14 OLED A1405ZA-KM263W,20490000,16990000,"Giảm 
17%",,,Asus,Business& Productivity,Vivobook,Core i7,Core i7-12700H,16GB DDR4,512GB M.2 NVMe PCIe 3.0 SSD,"14 inches, Thời gain phản hồi 0.2ms Độ sáng 600nits HDR peak brightness Độ phủ màu 100% DCI-P3 Gamut mapping HDR True Black 600 1.07 tỷ màu SGS Eye Care Display Giảm 70% ánh sáng xanh có hại",,,,https://cellphones.com.vn/laptop-asus-vivobook-14-oled-a1405za-km263w.html,A1405ZA-KM263W,No,Còn hàng
03/08/2026,10:25,CellPhone S,Laptop ASUS Zenbook S 16 UM5606KA-RK127WS,42990000,40990000,"Giảm 
5%",,,Asus,Business& Productivity,Zenbook,Ryzen 7 AI,Ryzen AI 7 350,24GB,SSD 1 TB,16 inches,AMD Radeon Graphics,,,https://cellphones.com.vn/laptop-asus-zenbook-s-16-um5606ka-rk127ws-ryzen-ai-7.html,UM5606KA-RK127WS,No,Còn hàng
03/08/2026,10:25,CellPhone S,Laptop ASUS Vivobook S14 M3407KA-SF032WS,,25990000,,,,Asus,Business& Productivity,Vivobook,Ryzen 7 AI,Ryzen AI 7 350,32GB DDR5,512GB M.2 NVMe PCIe 4.0 SSD,"14 inches, Độ sáng 300 nits Độ phủ màu 95% DCI-P3 Tỷ lệ tương phản 1.000.000:1 1.07 tỷ màu Màn hình chống chói",AMD Radeon Graphics,,,https://cellphones.com.vn/laptop-asus-vivobook-s14-m3407ka-sf032ws-ryzen-ai-7.html,M3407KA-SF032WS,No,Còn hàng
03/08/2026,10:25,CellPhone S,Laptop ASUS Zenbook 14 UM3406KA-PP555WS,31990000,27890000,"Giảm 
13%",,,Asus,Business& Productivity,Zenbook,Ryzen 7 AI,Ryzen AI 7 350,32GB LPDDR5X,512GB M.2 NVMe PCIe 4.0 SSD,"14 inches, Thời gian phản hồi 0.2ms Độ sáng 400nits Độ sáng tối đa 600nits HDR Độ phủ màu 100% DCI-P3 HDR True Black 600 1.07 tỷ màu Giảm 70% ánh sáng xanh có hại TÜV Rheinland-certified Màn hình chăm sóc mắt SGS",,,,https://cellphones.com.vn/laptop-asus-zenbook-14-um3406ka-pp555ws-ryzen-ai-7.html,UM3406KA-PP555WS,No,Còn hàng
03/08/2026,10:25,CellPhone S,Laptop ASUS Vivobook GO 15 E1504FA-NJ454W,14490000,13990000,"Giảm 
3%",,,Asus,Business& Productivity,Vivobook,Ryzen 5,Ryzen 5 7520U,16GB LPDDR5 Onboard,512GB M.2 NVMe PCIe 3.0 SSD,"15.6 inches, Độ sáng 250 nits Độ phủ màu 45% NTSC Màn hình chống chói TÜV Rheinland-certified",AMD Radeon Graphics,,,https://cellphones.com.vn/laptop-asus-vivobook-go-15-e1504fa-nj454w.html,E1504FA-NJ454W,No,Còn hàng
03/08/2026,10:25,CellPhone S,Laptop ASUS VivoBook S16 S3607AA-SH043W,33990000,31490000,"Giảm 
7%",,,Asus,Business& Productivity,Vivobook,Core Ultra 7,Core Ultra 7 355,16GB,SSD 512 GB,16 inches,Intel Arc Graphics,,,https://cellphones.com.vn/laptop-asus-vivobook-s16-s3607aa-sh043w.html,S3607AA-SH043W,No,Còn hàng
03/08/2026,10:25,CellPhone S,Laptop ASUS Zenbook UX425EA,24690000,20490000,"Giảm 
17%",,,Asus,,,,,,,,,,,https://cellphones.com.vn/laptop-asus-zenbook-14-ux425ea-ki429t.html,,No,Còn hàng
03/08/2026,10:25,CellPhone S,Laptop ASUS Vivobook 15 OLED A1505VA-MA492W,21990000,18990000,"Giảm 
14%",,,Asus,Business& Productivity,Vivobook,Core i7,Core i7 13700H,16GB DDR4,512GB M.2 NVMe PCIe 4.0 SSD,"15.6 inches, Tỷ lệ 16:9 Thời gian phản hồi 0.2 ms Độ sáng tối đa 600nits HDR Độ phủ màu 100% DCI-P3 HDR True Black 600 1.07 tỷ màu Giảm ánh sáng xanh SGS Eye Care Display Gamut mapping Pantone",Intel Iris Xe Graphics,,,https://cellphones.com.vn/laptop-asus-vivobook-15-oled-a1505va-ma492w.html,A1505VA-MA492W,No,Còn hàng
03/08/2026,10:25,CellPhone S,Laptop ASUS Zenbook DUO UX8406CA-PZ109WS,61990000,55890000,"Giảm 
10%",,,Asus,Business& Productivity,Zenbook,Core Ultra 9,Core Ultra 9 285H,32GB LPDDR5X Onboard,1TB M.2 NVMe PCIe 4.0 SSD,"14 inches, Thời gian phản hồi 0.2ms Độ sáng 400nits Độ sáng tối đa 500nits HDR Độ phủ màu 100% DCI-P3 Gamut mapping HDR True Black 500 1.07 tỷ màu Giảm 70% ánh sáng xanh có hại",,,,https://cellphones.com.vn/laptop-asus-zenbook-duo-ux8406ca-pz109ws.html,UX8406CA-PZ109WS,No,Còn hàng
03/08/2026,10:25,CellPhone S,Laptop ASUS TUF Gaming F16 FX608JH-RV131W,36990000,34490000,"Giảm 
7%",,,Asus,Gaming,TUF,Core i5,Core i5 13450HX,32GB,SSD 512 GB,16 inches,RTX 5050,8G,,https://cellphones.com.vn/laptop-asus-tuf-gaming-f16-fx608jh-rv131w.html,FX608JH-RV131W,No,Còn hàng
03/08/2026,10:25,CellPhone S,Laptop ASUS Zenbook 14 OLED UM3402YA-KM405W,24990000,20490000,"Giảm 
18%",,,Asus,Business& Productivity,Zenbook,Ryzen 5,Ryzen 5 7530U,16GB LPDDR4X Onboard,512GB M.2 NVMe PCIe 3.0 SSD,"14 inches, Thời gian phản hồi 0.2ms Độ sáng tối đa 400 nit HDR Độ phủ màu 100% DCI-P3 Display HDR True Black 600 1 tỉ màu PANTONE Validated Glossy display Giảm ánh sáng xanh 70% SGS Eye Care Display",,,,https://cellphones.com.vn/laptop-asus-zenbook-14-oled-um3402ya-km405w.html,UM3402YA-KM405W,No,Còn hàng
03/08/2026,10:25,CellPhone S,Laptop ASUS TUF Gaming A15 FA506NCR-HN097W,21990000,18990000,"Giảm 
14%",,,Asus,Gaming,TUF,Ryzen 7,Ryzen 7 7435HS,16GB DDR5-5600 SO-DIMM,"512GB PCIe 4.0 NVMe M.2 SSD (2 Khe cắm M.2 hỗ trợ SATA hoặc NVMe, Tối đa 1TB)","15.6 inches, Độ sáng 250nits Độ phủ màu NTSC 45%, SRGB 62.5%, Adobe 47.34% Màn hình chống chói Adaptive-Sync",RTX 3050,4G,,https://cellphones.com.vn/laptop-asus-tuf-gaming-a15-fa506ncr-hn097w.html,FA506NCR-HN097W,No,Còn hàng
03/08/2026,10:25,CellPhone S,Laptop Acer Aspire Lite 16 GEN 2 AL16-52P-76DU,19990000,18190000,"Giảm 
9%",,,Acer,Business& Productivity,Aspire Lite,Core i7,Core i7 1355U,16GB,SSD 512 GB,16 inches,Intel Iris Xe Graphics,,,https://cellphones.com.vn/laptop-acer-aspire-lite-16-gen-2-al16-52p-76du.html,AL16-52P-76DU,No,Còn hàng
03/08/2026,10:25,CellPhone S,Laptop Acer Gaming Aspire 7 A715-59G-57TU,23990000,22990000,"Giảm 
4%",,,Acer,Gaming,Gaming Aspire,Core i5,Core i5 12450H,16GB,SSD 512 GB,15.6 inches,RTX 3050,6G,,https://cellphones.com.vn/laptop-acer-gaming-aspire-7-a715-59g-57tu.html,A715-59G-57TU,No,Còn hàng
03/08/2026,10:25,CellPhone S,Laptop Acer Gaming Nitro ProPanel ANV15-52-50VA,29990000,27990000,"Giảm 
7%",,,Acer,Gaming,Nitro ProPanel,Core 5,Core 5 210H,16GB,SSD 512 GB,15.6 inches,RTX 3050,6G,,https://cellphones.com.vn/laptop-acer-gaming-nitro-v-15-propanel-anv15-52-50va.html,ANV15-52-50VA,No,Còn hàng
03/08/2026,10:25,CellPhone S,Laptop Acer Gaming Nitro ProPanel ANV15-41-R7CR,32990000,27990000,"Giảm 
15%",,,Acer,Gaming,Nitro ProPanel,Ryzen 5,Ryzen 5 7535HS,16GB,SSD 512 GB,15.6 inches,RTX 4050,6G,,https://cellphones.com.vn/laptop-acer-gaming-nitro-v-15-propanel-anv15-41-r7cr.html,ANV15-41-R7CR,No,Còn hàng
03/08/2026,10:25,CellPhone S,Laptop Acer Gaming Predator Helios Neo 16 PHN16-I31-72XE,69990000,59990000,"Giảm 
14%",,,Acer,Gaming,Predator,Core i7,Core i7 14650HX,32GB,SSD 512 GB,16 inches,RTX 5060,8G,,https://cellphones.com.vn/laptop-acer-gaming-predator-helios-neo-16-phn16-i31-72xe.html,PHN16-I31-72XE,No,Còn hàng
03/08/2026,10:25,CellPhone S,Laptop Acer Aspire Lite 15 AL15-46P-R73C,17990000,14490000,"Giảm 
19%",,,Acer,Business& Productivity,Aspire Lite,Ryzen 3,Ryzen 3 5400U,8GB,SSD 512 GB,15.6 inches,AMD Radeon Graphics,,,https://cellphones.com.vn/laptop-acer-aspire-lite-15-al15-46p-r73c.html,AL15-46P-R73C,No,Còn hàng
03/08/2026,10:25,CellPhone S,Laptop Acer Gaming Nitro Lite 16 NL16-71G-71UJ,31590000,26990000,"Giảm 
15%",,,Acer,Gaming,Nitro Lite,Core i7,Core i7 13620H,16GB,SSD 512 GB,16 inches,RTX 3050,6G,,https://cellphones.com.vn/laptop-acer-gaming-nitro-lite-16-nl16-71g-71uj.html,NL16-71G-71UJ,No,Còn hàng
03/08/2026,10:25,CellPhone S,Laptop Acer Gaming Nitro ProPanel ANV15-41-R9M1,30990000,25490000,"Giảm 
18%",,,Acer,Gaming,Nitro ProPanel,Ryzen 5,Ryzen 5 7535HS,16GB,SSD 512 GB,15.6 inches,RTX 3050,6G,,https://cellphones.com.vn/laptop-acer-gaming-nitro-v-15-propanel-anv15-41-r9m1.html,ANV15-41-R9M1,No,Còn hàng
03/08/2026,10:25,CellPhone S,Laptop Acer Gaming Nitro V 15 ANV15-41-R732,31990000,25990000,"Giảm 
19%",,,Acer,Gaming,Nitro V,Ryzen 5,Ryzen 5 6600H,16GB,SSD 512 GB,15.6 inches,RTX 4050,6G,,https://cellphones.com.vn/laptop-acer-gaming-nitro-v-15-anv15-41-r732.html,ANV15-41-R732,No,Còn hàng
03/08/2026,10:25,CellPhone S,Laptop Acer Aspire Lite Gen 2 AL14-52M-32KV,,13490000,,,,Acer,Business& Productivity,Aspire Lite,Core i3,Core i3 1305U,8GB,SSD 256 GB,14 inches,Intel UHD Graphics,,,https://cellphones.com.vn/laptop-acer-aspire-lite-gen-2-al14-52m-32kv.html,AL14-52M-32KV,No,Còn hàng
03/08/2026,10:25,CellPhone S,Laptop Acer Gaming Nitro Lite 16 NL16-71G-56WQ,29590000,24990000,"Giảm 
16%",,,Acer,Gaming,Nitro Lite,Core i5,Core i5 13420H,16GB,SSD 512 GB,16 inches,RTX 3050,6G,,https://cellphones.com.vn/laptop-acer-gaming-nitro-lite-16-nl16-71g-56wq.html,NL16-71G-56WQ,No,Còn hàng
03/08/2026,10:25,CellPhone S,Laptop Acer Gaming Predator Helios Neo 16 AI PHN16-73-757W,65990000,60990000,"Giảm 
8%",,,Acer,Gaming,Predator,Core Ultra 7,Core Ultra 7 255HX,32GB,SSD 1 TB,16 inches,RTX 5060,8G,,https://cellphones.com.vn/laptop-acer-gaming-predator-helios-neo-16-ai-phn16-73-757w.html,PHN16-73-757W,No,Còn hàng
03/08/2026,10:25,CellPhone S,Laptop Acer Gaming Predator Helios Neo 16S AI PHN16S-71-95MS,,115000000,,,,Acer,Gaming,Predator,Core Ultra 9,Core Ultra 9 275HX,64GB,SSD 1 TB,16 inches,RTX 5070 Ti,12G,,https://cellphones.com.vn/laptop-acer-gaming-predator-helios-neo-16s-ai-phn16s-71-95ms.html,PHN16S-71-95MS,No,Còn hàng
03/08/2026,10:25,CellPhone S,Laptop Acer Swift Go SFG14-41-R251,20990000,18990000,"Giảm 
10%",,,Acer,Business& Productivity,Swift,Ryzen 5,Ryzen 5 7430U,16GB,SSD 1 TB,14 inches,AMD Radeon Graphics,,,https://cellphones.com.vn/laptop-acer-swift-go-14-sfg14-41-r251.html,SFG14-41-R251,No,Còn hàng
03/08/2026,10:25,CellPhone S,Laptop Acer Aspire Lite 15 AL15-42P-R08M,21990000,17990000,"Giảm 
18%",,,Acer,Business& Productivity,Aspire Lite,Ryzen 7,Ryzen 7 7730U,16GB,SSD 512 GB,15.6 inches,AMD Radeon Graphics,,,https://cellphones.com.vn/laptop-acer-aspire-lite-15-al15-42p-r08m.html,AL15-42P-R08M,No,Còn hàng
03/08/2026,10:25,CellPhone S,Laptop Acer Nitro V 15 ANV15-41-R1JY,22990000,19290000,"Giảm 
16%",,,Acer,Gaming,Nitro V,Ryzen 5,Ryzen 5 6600H,16GB,SSD 512 GB,15.6 inches,RTX 3050,6G,,https://cellphones.com.vn/laptop-acer-nitro-v-15-anv15-41-r1jy.html,ANV15-41-R1JY,No,Còn hàng
03/08/2026,10:25,CellPhone S,Laptop Acer Predator Helios Neo 16S PHN16S-I51-97T9,75990000,73990000,"Giảm 
3%",,,Acer,Gaming,Predator,Core Ultra 9,Core Ultra 9 386H,16GB,SSD 512 GB,16 inches,RTX 5070,8G,,https://cellphones.com.vn/laptop-acer-predator-helios-neo-16s-phn16s-i51-97t9.html,PHN16S-I51-97T9,No,Còn hàng
03/08/2026,10:25,CellPhone S,Laptop Acer Gaming Predator Helios Neo 16 PHN16-I31-50H7,59990000,49990000,"Giảm 
17%",,,Acer,Gaming,Predator,Core i5,Core i5 14450HX,32GB,SSD 512 GB,16 inches,RTX 5050,8G,,https://cellphones.com.vn/laptop-acer-gaming-predator-helios-neo-16-phn16-i31-50h7.html,PHN16-I31-50H7,No,Còn hàng
03/08/2026,10:25,CellPhone S,Laptop Acer Aspire Lite 15 AL15-42P-R8E6,16190000,15990000,"Giảm 
1%",,,Acer,Business& Productivity,Aspire Lite,Ryzen 5,Ryzen 5 7430U,16GB,SSD 512 GB,15.6 inches,AMD Radeon Graphics,,,https://cellphones.com.vn/laptop-acer-aspire-lite-15-al15-42p-r8e6.html,AL15-42P-R8E6,No,Còn hàng
03/08/2026,10:25,CellPhone S,Laptop Acer Gaming Predator Helios Neo 16 PHN16-I31-74MN,64990000,54990000,"Giảm 
15%",,,Acer,Gaming,Predator,Core i7,Core i7 14650HX,32GB,SSD 512 GB,16 inches,RTX 5050,8G,,https://cellphones.com.vn/laptop-acer-gaming-predator-helios-neo-16-phn16-i31-74mn.html,PHN16-I31-74MN,No,Còn hàng
03/08/2026,10:25,CellPhone S,Laptop Acer Predator Helios Neo 16S PHN16S-I51-98CX,,72990000,,,,Acer,Gaming,Predator,Core Ultra 9,Core Ultra 9 386H,16GB,SSD 512 GB,16 inches,RTX 5060,8G,,https://cellphones.com.vn/laptop-acer-predator-helios-neo-16s-phn16s-i51-98cx.html,PHN16S-I51-98CX,No,Còn hàng
03/08/2026,10:25,CellPhone S,Laptop Acer Gaming Aspire 7 A715-59G-73LB,27590000,24990000,"Giảm 
9%",,,Acer,Gaming,Gaming Aspire,Core i7,Core i7 12650H,16GB,SSD 512 GB,15.6 inches,RTX 3050,6G,,https://cellphones.com.vn/laptop-acer-gaming-aspire-7-a715-59g-73lb.html,A715-59G-73LB,No,Còn hàng
03/08/2026,10:25,CellPhone S,Laptop Acer Aspire Lite 15 AL15-21P-R91W,21990000,19590000,"Giảm 
11%",,,Acer,Business& Productivity,Aspire Lite,Ryzen 5,Ryzen 5 40,16GB Onboard LPDDR5 5500 MHz,512GB PCIe NVMe SSD (Nâng cấp tối đa 2TB),"15.6 inches, Độ sáng 250nits Độ phủ màu 45% NTSC Màn hình Acer ComfyView LED-backlit TFT LCD Tỷ lệ 16:9 Góc nhìn rộng",AMD Radeon Graphics,,,https://cellphones.com.vn/laptop-acer-aspire-lite-15-al15-21p-r91w.html,AL15-21P-R91W,No,Còn hàng
03/08/2026,10:25,CellPhone S,Laptop Acer Gaming Aspire 7 A715-59G-59RD,27990000,25990000,"Giảm 
7%",,,Acer,Gaming,Gaming Aspire,Core 5,Core 5 210H,16GB,SSD 512 GB,15.6 inches,RTX 3050,6G,,https://cellphones.com.vn/laptop-acer-gaming-aspire-7-a715-59g-59rd.html,A715-59G-59RD,No,Còn hàng
03/08/2026,10:25,CellPhone S,Laptop Acer Gaming Nitro Lite 16 NL16-71G-71FN,31990000,29990000,"Giảm 
6%",,,Acer,Gaming,Nitro Lite,Core i7,Core i7 13620H,16GB,SSD 512 GB,16 inches,RTX 4050,6G,,https://cellphones.com.vn/laptop-acer-gaming-nitro-lite-16-nl16-71g-71fn.html,NL16-71G-71FN,No,Còn hàng
03/08/2026,10:25,CellPhone S,Laptop Gaming Acer Nitro V ANV15-51-57B2,26990000,23290000,"Giảm 
14%",,,Acer,Gaming,Nitro V,Core i5,Core i5 13420H,16GB,SSD 512 GB,15.6 inches,RTX 4050,6G,,https://cellphones.com.vn/laptop-gaming-acer-nitro-v-anv15-51-57b2.html,ANV15-51-57B2,No,Còn hàng
03/08/2026,10:25,CellPhone S,Laptop Acer Gaming Nitro ProPanel ANV15-41-R0FE,32990000,26990000,"Giảm 
18%",,,Acer,Gaming,Nitro ProPanel,Ryzen 7,Ryzen 7 7735HS,16GB,SSD 512 GB,15.6 inches,RTX 3050,6G,,https://cellphones.com.vn/laptop-acer-gaming-nitro-v-15-propanel-anv15-41-r0fe.html,ANV15-41-R0FE,No,Còn hàng
03/08/2026,10:25,CellPhone S,Laptop Acer Gaming Nitro ProPanel ANV15-41-R0Y4,34990000,29990000,"Giảm 
14%",,,Acer,Gaming,Nitro ProPanel,Ryzen 7,Ryzen 7 7735HS,16GB,SSD 512 GB,15.6 inches,RTX 4050,6G,,https://cellphones.com.vn/laptop-acer-gaming-nitro-v-15-propanel-anv15-41-r0y4.html,ANV15-41-R0Y4,No,Còn hàng
03/08/2026,10:25,CellPhone S,Laptop Acer Aspire Lite 14 AL14-52M-52UU,19990000,18690000,"Giảm 
7%",,,Acer,Business& Productivity,Aspire Lite,Core i5,Core i5 1335U,16GB,SSD 512 GB,14 inches,Intel UHD Graphics,,,https://cellphones.com.vn/laptop-acer-aspire-lite-14-al14-52m-52uu.html,AL14-52M-52UU,No,Còn hàng
03/08/2026,10:25,CellPhone S,Laptop Acer Aspire Go 14 AG14-72P-563L,19990000,19490000,"Giảm 
3%",,,Acer,Business& Productivity,Aspire Go,Core 5,Core 5 120U,16GB,SSD 512 GB,14 inches,Intel UHD Graphics,,,https://cellphones.com.vn/laptop-acer-aspire-go-14-ag14-72p-563l.html,AG14-72P-563L,No,Còn hàng
03/08/2026,10:25,CellPhone S,Laptop Acer Gaming Aspire 7 A715-59G-79XF,,28990000,,,,Acer,Gaming,Gaming Aspire,Core 7,Core 7 240H,16GB,SSD 512 GB,15.6 inches,RTX 3050,6G,,https://cellphones.com.vn/laptop-acer-gaming-aspire-7-a715-59g-79xf.html,A715-59G-79XF,No,Còn hàng
03/08/2026,10:25,CellPhone S,Laptop Acer Gaming Nitro Propanel ANV16-72-71T9,,40990000,,,,Acer,Gaming,Nitro ProPanel,Core 7,Core 7 240H,16GB,SSD 512 GB,16 inches,RTX 5060,8G,,https://cellphones.com.vn/laptop-acer-gaming-nitro-v-16-propanel-anv16-72-71t9.html,ANV16-72-71T9,No,Còn hàng
03/08/2026,10:25,CellPhone S,Laptop Acer Gaming Nitro ProPanel ANV15-52-59AA,37990000,30590000,"Giảm 
19%",,,Acer,Gaming,Nitro ProPanel,Core i5,Core i5 13420H,16GB,SSD 512 GB,15.6 inches,RTX 5050,8G,,https://cellphones.com.vn/laptop-acer-gaming-nitro-v-15-propanel-anv15-52-59aa.html,ANV15-52-59AA,No,Còn hàng
03/08/2026,10:25,CellPhone S,Laptop Acer Aspire Lite 15 AL15-72P-581V,19990000,18490000,"Giảm 
8%",,,Acer,Business& Productivity,Aspire Lite,Core i5,Core i5 13500H,16GB,SSD 512 GB,15.6 inches,Intel UHD Graphics,,,https://cellphones.com.vn/laptop-acer-aspire-lite-15-al15-72p-581v.html,AL15-72P-581V,No,Còn hàng
03/08/2026,10:25,CellPhone S,Laptop Acer Gaming Nitro ProPanel ANV15-52-72BM,39990000,33990000,"Giảm 
15%",,,Acer,Gaming,Nitro ProPanel,Core i7,Core i7 13620H,16GB,SSD 512 GB,15.6 inches,RTX 5050,8G,,https://cellphones.com.vn/laptop-acer-gaming-nitro-v-15-propanel-anv15-52-72bm.html,ANV15-52-72BM,No,Còn hàng
03/08/2026,10:25,CellPhone S,Laptop Acer Aspire Go 15 AG15-72P-54GY,24990000,19490000,"Giảm 
22%",,,Acer,Business& Productivity,Aspire Go,Core 5,Core 5 120U,16GB,SSD 512 GB,15.6 inches,Intel UHD Graphics,,,https://cellphones.com.vn/laptop-acer-aspire-go-15-ag15-72p-54gy.html,AG15-72P-54GY,No,Còn hàng
03/08/2026,10:25,CellPhone S,Laptop Acer Gaming Nitro ProPanel ANV16-72-782F,,38990000,,,,Acer,Gaming,Nitro ProPanel,Core 7,Core 7 240H,16GB,SSD 512 GB,16 inches,RTX 5050,8G,,https://cellphones.com.vn/laptop-acer-gaming-nitro-propanel-anv16-72-782f.html,ANV16-72-782F,No,Còn hàng
03/08/2026,10:25,CellPhone S,Laptop Acer Swift 14 AI SF14-51-75VP,39990000,35990000,"Giảm 
10%",,,Acer,Business& Productivity,Swift,Core Ultra 7,Core Ultra 7 258V,32GB,SSD 1 TB,14 inches,Intel Arc Graphics 140V,,,https://cellphones.com.vn/laptop-acer-swift-14-ai-sf14-51-75vp.html,SF14-51-75VP,No,Còn hàng
03/08/2026,10:25,CellPhone S,Laptop Acer Gaming Nitro ProPanel ANV15-41-R7AP,22990000,17390000,"Giảm 
24%",,,Acer,Gaming,Nitro ProPanel,Ryzen 5,Ryzen 5 7535HS,16GB,SSD 512 GB,15.6 inches,RTX 2050,4G,,https://cellphones.com.vn/laptop-gaming-acer-nitro-v-anv15-41-r7ap.html,ANV15-41-R7AP,No,Còn hàng
03/08/2026,10:25,CellPhone S,Laptop Acer Gaming Nitro ProPanel ANV16S-41-R337,46990000,41290000,"Giảm 
12%",,,Acer,Gaming,Nitro ProPanel,Ryzen 7,Ryzen 7 260,16GB,"1024GB PCIe NVMe SSD, 2 khe cắm SSD (Up to 4TB PCIe Gen4 NVMe SSD​)",16 inches,RTX 5050,8G,,https://cellphones.com.vn/laptop-acer-gaming-nitro-v-16s-propanel-anv16s-41-r337.html,ANV16S-41-R337,No,Còn hàng
03/08/2026,10:25,CellPhone S,Laptop Acer Gaming Nitro ProPanel ANV16S-61-R0B8,44990000,42990000,"Giảm 
4%",,,Acer,Gaming,Nitro ProPanel,Ryzen 5 AI,Ryzen AI 5 340,16GB,SSD 512 GB,16 inches,RTX 5050,8G,,https://cellphones.com.vn/laptop-acer-gaming-nitro-v-16-ai-propanel-anv16s-61-r0b8.html,ANV16S-61-R0B8,No,Còn hàng
03/08/2026,10:25,CellPhone S,Laptop Acer Swift Go 14 AI SFG14-I71-70RP,49990000,47590000,"Giảm 
5%",,,Acer,Business& Productivity,Swift,Core Ultra X7,Core Ultra X7 358H,32GB,1024GB PCIe NVMe SSD (Nâng cấp tối đa 2TB),14 inches,Intel Arc B390,,,https://cellphones.com.vn/laptop-acer-swift-go-14-ai-sfg14-i71-70rp.html,SFG14-I71-70RP,No,Còn hàng
03/08/2026,10:25,CellPhone S,Laptop Acer Gaming Nitro ProPanel ANV15-51-73UU,28990000,27990000,"Giảm 
3%",,,Acer,Gaming,Nitro ProPanel,Core i7,Core i7 13620H,16GB,SSD 512 GB,15.6 inches,RTX 3050,6G,,https://cellphones.com.vn/laptop-acer-nitro-v-15-propanel-anv15-51-73uu.html,ANV15-51-73UU,No,Còn hàng
03/08/2026,10:25,CellPhone S,Laptop Acer Gaming Nitro ProPanel ANV15-52-73Z8,34990000,33990000,"Giảm 
3%",,,Acer,Gaming,Nitro ProPanel,Core 7,Core 7 240H,16GB,SSD 512 GB,15.6 inches,RTX 4050,6G,,https://cellphones.com.vn/laptop-acer-gaming-nitro-v-15-propanel-anv15-52-73z8.html,ANV15-52-73Z8,No,Còn hàng
03/08/2026,10:25,CellPhone S,Laptop Acer Aspire Go 15 AI AG15-52P-52WT,23490000,21690000,"Giảm 
8%",,,Acer,Business& Productivity,Aspire Go,Core Ultra 5,Core Ultra 5 115U,16GB,SSD 512 GB,15.6 inches,Intel Graphics,,,https://cellphones.com.vn/laptop-acer-aspire-go-15-ai-ag15-52p-52wt.html,AG15-52P-52WT,No,Còn hàng
03/08/2026,10:25,CellPhone S,Laptop Acer Gaming Nitro Propanel ANV16S-71-58WQ,44990000,40990000,"Giảm 
9%",,,Acer,Gaming,Nitro ProPanel,Core 5,Core 5 210H,32GB,SSD 512 GB,16 inches,RTX 5050,8G,,https://cellphones.com.vn/laptop-acer-gaming-nitro-v-16s-propanel-anv16s-71-58wq.html,ANV16S-71-58WQ,No,Còn hàng
03/08/2026,10:25,CellPhone S,Laptop Acer Aspire Lite 15 AL15-36P-30TN,16990000,15990000,"Giảm 
6%",,,Acer,Business& Productivity,Aspire Lite,Core 3,Core 3 N350,8GB,SSD 512 GB,15.6 inches,Intel Graphics,,,https://cellphones.com.vn/laptop-acer-aspire-lite-15-al15-36p-30tn.html,AL15-36P-30TN,No,Còn hàng
03/08/2026,10:25,CellPhone S,Laptop Acer Gaming Nitro ProPanel ANV15-52-74UM,31990000,29990000,"Giảm 
6%",,,Acer,Gaming,Nitro ProPanel,Core 7,Core 7 240H,16GB,SSD 512 GB,15.6 inches,RTX 3050,6G,,https://cellphones.com.vn/laptop-acer-gaming-nitro-v-15-propanel-anv15-52-74um.html,ANV15-52-74UM,No,Còn hàng
03/08/2026,10:25,CellPhone S,Laptop Acer Swift 14 AI SF14-51-53P9,34990000,29990000,"Giảm 
14%",,,Acer,Business& Productivity,Swift,Core Ultra 5,Core Ultra 5 226V,16GB,SSD 1 TB,14 inches,Intel Arc Graphics 130V,,,https://cellphones.com.vn/laptop-acer-swift-14-ai-sf14-51-53p9.html,SF14-51-53P9,No,Còn hàng
03/08/2026,10:25,CellPhone S,Laptop Acer Gaming Nitro ProPanel AN16S-61-R193,60990000,59990000,"Giảm 
2%",,,Acer,Gaming,Nitro ProPanel,Ryzen 9 AI,Ryzen AI 9 365,16GB,SSD 512 GB,16 inches,RTX 5070,8G,,https://cellphones.com.vn/laptop-acer-gaming-nitro-16-ai-propanel-an16s-61-r193.html,AN16S-61-R193,No,Còn hàng
03/08/2026,10:25,CellPhone S,Laptop Acer Gaming Nitro ProPanel ANV15-52-50RB,,33490000,,,,Acer,Gaming,Nitro ProPanel,Core 5,Core 5 210H,16GB,SSD 512 GB,15.6 inches,RTX 4050,6G,,https://cellphones.com.vn/laptop-acer-gaming-nitro-propanel-anv15-52-50rb.html,ANV15-52-50RB,No,Còn hàng
03/08/2026,10:25,CellPhone S,Laptop Acer Aspire Lite 15 AL15-48P-R86Q,,18990000,,,,Acer,Business& Productivity,Aspire Lite,Ryzen 7,Ryzen 7 5825U,8GB,SSD 512 GB,15.6 inches,AMD Radeon Graphics,,,https://cellphones.com.vn/laptop-acer-aspire-lite-15-al15-48p-r86q.html,AL15-48P-R86Q,No,Còn hàng
03/08/2026,10:25,CellPhone S,Laptop Acer Aspire Lite 15 AL15-71P-517D,16190000,15290000,"Giảm 
6%",,,Acer,Business& Productivity,Aspire Lite,Core i5,Core i5-12450H,16GB DDR45 4800MHz,512GB PCIe NVMe SSD,"15.6 inches, Độ sáng 250nits Acer ComfyView",,,,https://cellphones.com.vn/laptop-acer-aspire-lite-15-al15-71p-517d.html,AL15-71P-517D,No,Còn hàng
03/08/2026,10:25,CellPhone S,Laptop Acer Aspire Go 14 AI AG14-71M-57WR,18990000,17990000,"Giảm 
5%",,,Acer,Business& Productivity,Aspire Go,Core Ultra 5,Core Ultra 5 125H,16GB,SSD 512 GB,14 inches,Intel Arc Graphics,,,https://cellphones.com.vn/laptop-acer-aspire-go-14-ai-ag14-71m-57wr.html,AG14-71M-57WR,No,Còn hàng
03/08/2026,10:25,CellPhone S,Laptop Acer Aspire Lite 15 AL15-53P-56EC,22990000,21990000,"Giảm 
4%",,,Acer,Business& Productivity,Aspire Lite,Core 5,Core 5 120U,16GB DDR4 3200 MHz,512GB PCIe NVMe SSD (Nâng cấp tối đa 2TB),"15.6 inches, Độ sáng 250nits Độ phủ màu NTSC 45% Màn hình LCD TFT đèn nền LED Acer ComfyView",Intel UHD Graphics,,,https://cellphones.com.vn/laptop-acer-aspire-lite-15-al15-53p-56ec.html,AL15-53P-56EC,No,Còn hàng
03/08/2026,10:25,CellPhone S,Laptop Acer Gaming Nitro ProPanel ANV15-52-59RR,,33990000,,,,Acer,Gaming,Nitro ProPanel,Core 5,Core 5 210H,16GB,SSD 512 GB,15.6 inches,RTX 5050,8G,,https://cellphones.com.vn/laptop-acer-gaming-nitro-v-15-propanel-anv15-52-59rr.html,ANV15-52-59RR,No,Còn hàng
03/08/2026,10:25,CellPhone S,Laptop Acer Aspire Lite 14 AL14-44P-R0SP,21990000,20990000,"Giảm 
5%",,,Acer,Business& Productivity,Aspire Lite,Ryzen 7,Ryzen 7 7730U,8GB,SSD 512 GB,14 inches,AMD Radeon 680M Graphics,,,https://cellphones.com.vn/laptop-acer-aspire-lite-14-al14-44p-r0sp.html,AL14-44P-R0SP,No,Còn hàng
03/08/2026,10:25,CellPhone S,Laptop Acer Aspire Lite 16 AI AL16-71P-582Q,24990000,23990000,"Giảm 
4%",,,Acer,Business& Productivity,Aspire Lite,Core Ultra 5,Core Ultra 5 125H,16GB,SSD 512 GB,16 inches,Intel Arc Graphics,,,https://cellphones.com.vn/laptop-acer-aspire-lite-16-ai-al16-71p-582q.html,AL16-71P-582Q,No,Còn hàng
03/08/2026,10:25,CellPhone S,Laptop Acer Aspire Lite 15 AL15-21P-R87W,17990000,16990000,"Giảm 
6%",,,Acer,Business& Productivity,Aspire Lite,Ryzen 3,Ryzen 3 30,8GB Onboard LPDDR5 5500 MHz,512GB PCIe NVMe SSD (Nâng cấp tối đa 2TB),"15.6 inches, Độ sáng 250nits Độ phủ màu 45% NTSC Màn hình Acer ComfyView LED-backlit TFT LCD Tỷ lệ 16:9 Góc nhìn rộng Thiết kế siêu mỏng",AMD Radeon Graphics,,,https://cellphones.com.vn/laptop-acer-aspire-lite-15-al15-21p-r87w.html,AL15-21P-R87W,No,Còn hàng
03/08/2026,10:25,CellPhone S,Laptop Acer Aspire Lite 16 AL15-44P-R4UH,22990000,21990000,"Giảm 
4%",,,Acer,Business& Productivity,Aspire Lite,Ryzen 7,Ryzen 7 7730U,8GB,SSD 512 GB,15.6 inches,AMD Radeon Graphics,,,https://cellphones.com.vn/laptop-acer-aspire-lite-16-al15-44p-r4uh.html,AL15-44P-R4UH,No,Còn hàng
03/08/2026,10:25,CellPhone S,Laptop Gaming Acer Nitro V ANV15-51-72VS,25990000,19990000,"Giảm 
23%",,,Acer,Gaming,Nitro V,Core i7,Core i7 13620H,16GB,SSD 512 GB,15.6 inches,RTX 2050,4G,,https://cellphones.com.vn/laptop-gaming-acer-nitro-v-anv15-51-72vs.html,ANV15-51-72VS,No,Còn hàng
03/08/2026,10:25,CellPhone S,Laptop Acer Gaming Nitro ProPanel AN16S-61-R9CN,,53990000,,,,Acer,Gaming,Nitro ProPanel,Ryzen 7 AI,Ryzen AI 7 350,16GB,SSD 512 GB,16 inches,RTX 5070,8G,,https://cellphones.com.vn/laptop-acer-gaming-nitro-propanel-an16s-61-r9cn.html,AN16S-61-R9CN,No,Còn hàng
03/08/2026,10:25,CellPhone S,Laptop Acer Aspire Lite AL16-51P-55N7 NX.KX0SV.001,14990000,13290000,"Giảm 
11%",,,Acer,Business& Productivity,Aspire Lite,Core i5,Core i5-1235U,16GB DDR5 4800 MT/s,512GB PCIe NVMe SSD (Up to 2TB),"16 inches, Độ sáng 300 nits Độ phủ màu 45% NTSC Acer ComfyView",,,,https://cellphones.com.vn/laptop-acer-aspire-lite-al16-51p-55n7.html,AL16-51P-55N7,No,Còn hàng
03/08/2026,10:25,CellPhone S,Laptop Acer Swift Lite 14 AI SFL14-51M-78XZ,22990000,20990000,"Giảm 
9%",,,Acer,Business& Productivity,Swift,Core Ultra 7,Core Ultra 7 155U,16GB,SSD 512 GB,14 inches,Intel Graphics,,,https://cellphones.com.vn/laptop-acer-swift-lite-14-ai-sfl14-51m-78xz.html,SFL14-51M-78XZ,No,Còn hàng
03/08/2026,10:25,CellPhone S,Laptop Acer Aspire Lite 16 Gen 2 AL16-52P-572A,16390000,15290000,"Giảm 
7%",,,Acer,Business& Productivity,Aspire Lite,Core i5,Core i5 1334U,16GB,SSD 512 GB,16 inches,Intel Iris Xe Graphics,,,https://cellphones.com.vn/laptop-acer-aspire-lite-16-gen-2-al16-52p-572a.html,AL16-52P-572A,No,Còn hàng
03/08/2026,10:25,CellPhone S,Laptop Acer Gaming Aspire 7 A715-76G-73FM,23990000,16490000,"Giảm 
31%",,,Acer,Gaming,Gaming Aspire,Core i7,Core i7-12650H,16GB DDR4 3200 MHz,"512GB PCIe NVMe SSD (nâng cấp tối đa 1 TB SSD PCIe Gen4, 16 Gb/s, NVMe)","15.6 inches, Acer ComfyView",,,,https://cellphones.com.vn/laptop-acer-gaming-aspire-7-a715-76g-73fm.html,,No,Còn hàng
03/08/2026,10:25,CellPhone S,Laptop Gaming Acer Nitro V ANV15-51-55CA,27990000,23490000,"Giảm 
16%",,,Acer,Gaming,Nitro V,Core i5,Core i5 13420H,16GB,SSD 512 GB,15.6 inches,RTX 4050,6G,,https://cellphones.com.vn/laptop-gaming-acer-nitro-v-anv15-51-55ca.html,ANV15-51-55CA,No,Còn hàng
03/08/2026,10:25,CellPhone S,Laptop Acer Aspire Lite 16 AI AL16-71P-5674,,,,,,Acer,Business& Productivity,Aspire Lite,Core Ultra 5,Core Ultra 5 125H,16GB DDR5 5600MHz,"512GB SSD PCIe NVMe, nâng cấp tối đa 2TB","16 inches, Độ sáng 300nits Độ phủ màu 45% NTSC Acer ComfyView",,,,https://cellphones.com.vn/laptop-acer-aspire-lite-16-ai-al16-71p-5674.html,AL16-71P-5674,No,Chưa rõ
03/08/2026,10:25,CellPhone S,Laptop Acer Nitro 5 AN515-44-R9JM NH.Q9MSV.003,20999000,18490000,"Giảm 
12%",,,Acer,Gaming,Nitro,Ryzen 5,Ryzen 5 4600H,8GB,SSD 512 GB,15.6 inches,GTX 1650,4G,,https://cellphones.com.vn/laptop-gaming-acer-nitro-5-an515-ryzen-5.html,AN515-44-R9JM,No,Còn hàng
03/08/2026,10:25,CellPhone S,Laptop Acer Gaming Nitro ProPanel ANV15-51-73BT,27990000,22990000,"Giảm 
18%",,,Acer,Gaming,Nitro ProPanel,Core i7,Core i7 13620H,16GB,SSD 512 GB,15.6 inches,RTX 2050,4G,,https://cellphones.com.vn/laptop-gaming-acer-nitro-v-15-propanel-anv15-51-73bt.html,ANV15-51-73BT,No,Còn hàng
03/08/2026,10:25,CellPhone S,Laptop Gaming Acer Nitro 5 AN515 58 52SP,27990000,16490000,"Giảm 
41%",,,Acer,Gaming,Nitro,Core i5,Core i5 12500H,8GB,SSD 512 GB,15.6 inches,RTX 3050,4G,,https://cellphones.com.vn/laptop-gaming-acer-nitro-5-an515-58-52sp-43910.html,AN515 58 52SP,No,Còn hàng
03/08/2026,10:25,CellPhone S,Laptop Acer Aspire Lite 15 AL15-33P-38BA,,,,,,Acer,Business& Productivity,Aspire Lite,Core 3,Core 3 N355,8GB,SSD 512 GB,15.6 inches,Intel Graphics,,,https://cellphones.com.vn/laptop-acer-aspire-lite-15-al15-33p-38ba.html,AL15-33P-38BA,No,Chưa rõ
03/08/2026,10:25,CellPhone S,Laptop Acer Gaming Predator Helios 18 AI PH18-73-93P0,99990000,89990000,"Giảm 
10%",,,Acer,Gaming,Predator,Core Ultra 9,Core Ultra 9 275HX,64GB DDR5 4000 MT/s,3TB M.2 NVMe (1TB*3),"18 inches, SDR mode 600 nits / HDR mode 1000 nits Độ phủ màu 100% DCI-P3 Acer ComfyView Màn hình LCD TFT có đèn nền LED, công nghệ Mini LED tích hợp Có khả năng Nvidia Advanced Optimus HDR 1000",RTX 5080,16G,,https://cellphones.com.vn/laptop-acer-gaming-predator-helios-18-ai-ph18-73-93p0.html,PH18-73-93P0,No,Còn hàng
03/08/2026,10:25,CellPhone S,Laptop Acer Gaming Aspire 5 A515-58GM-598J,,,,,,Acer,,,,,,,,,,,https://cellphones.com.vn/laptop-acer-gaming-aspire-5-a515-58gm-598j.html,,No,Chưa rõ
03/08/2026,10:25,CellPhone S,Laptop Acer Swift Go 14 AI SFG14-75-5264,,29990000,,,,Acer,,,,,,,,,,,https://cellphones.com.vn/laptop-acer-swift-go-14-ai-sfg14-75-5264.html,,No,Còn hàng
03/08/2026,10:25,CellPhone S,Laptop Acer Gaming Predator Helios Neo 16S AI PHN16S-71-94T0,,64490000,,,,Acer,Gaming,Predator,Core Ultra 9,Core Ultra 9 275HX,32GB DDR5 Up to 6400 MT/s,"2 TB M.2 NVMe (2 khe, 1TB*2)","16 inches, AcerCineCrystal True Black HDR 500(@HDR 500 Có khả năng Nvidia Advanced Optimus Độ phủ màu 100% DCI-P3 Độ sáng 500nits",RTX 5070 Ti,12G,,https://cellphones.com.vn/laptop-acer-gaming-predator-helios-neo-16s-ai-phn16s-71-94t0.html,PHN16S-71-94T0,No,Còn hàng
03/08/2026,10:25,CellPhone S,Laptop Gaming Acer Nitro 5 AN515-45-R9SC NH.QBRSV.001,39990000,31590000,"Giảm 
21%",,,Acer,,,,,,,,,,,https://cellphones.com.vn/laptop-acer-nitro-5-an515-45-r9sc.html,,No,Còn hàng
03/08/2026,10:25,CellPhone S,Laptop Acer Gaming Nitro ProPanel ANV16-41-R6NA,34990000,32990000,"Giảm 
6%",,,Acer,Gaming,Nitro ProPanel,Ryzen 7,Ryzen 7 8845HS,16GB DDR5 5600 MT/s,"512GB PCIe NVMe SSD, 2 khe SSD (Up to 2TB PCIe Gen4 NVMe SSD)","16 inches, Độ sáng 300nits Độ phủ màu 100% sRGB Acer ComfyVie Màn hình LCD TFT có đèn nền LED Góc nhìn rộng lên đến 170 độ",RTX 4060,8G,,https://cellphones.com.vn/laptop-gaming-acer-nitro-v-anv16-41-r6na.html,ANV16-41-R6NA,No,Còn hàng
03/08/2026,10:25,CellPhone S,Laptop Acer Gaming Aspire 7 A715-59G-78WG,,,,,,Acer,Gaming,Gaming Aspire,Core i7,Core i7-13620H,16GB DDR4 Up to 3200MHz,512GB PCIe NVMe SSD (Nâng cấp tối đa 4TB),"15.6 inches, Độ sáng 250nits Độ phủ màu NTSC 45% Màn hình LCD TFT đèn nền LED Acer ComfyView",RTX 3050,6G,,https://cellphones.com.vn/laptop-acer-gaming-aspire-7-a715-59g-78wg.html,,No,Chưa rõ
03/08/2026,10:25,CellPhone S,Laptop Acer Gaming Nitro ProPanel ANV16-41-R7EN,32290000,30290000,"Giảm 
6%",,,Acer,Gaming,Nitro ProPanel,Ryzen 7,Ryzen 7 8845HS,16GB DDR5 5600 MT/s,"512GB PCIe NVMe SSD, 2 khe SSD (Up to 4TB PCIe Gen4 NVMe SSD)","16 inches, Độ sáng 300nits Độ phủ màu 100% sRGB Acer ComfyView Màn hình LCD TFT có đèn nền LED Góc nhìn rộng lên đến 170 độ",RTX 3050,6G,,https://cellphones.com.vn/laptop-gaming-acer-nitro-v-anv16-41-r7en.html,ANV16-41-R7EN,No,Còn hàng
03/08/2026,10:25,CellPhone S,Laptop Acer Aspire Go 14 AI AG14-71M-7681,,,,,,Acer,,,,,,,,,,,https://cellphones.com.vn/laptop-acer-aspire-go-14-ai-ag14-71m-7681.html,,No,Chưa rõ
03/08/2026,10:25,CellPhone S,Laptop Acer Aspire Lite 14 AL14-52P-309T,,,,,,Acer,Business& Productivity,Aspire Lite,Core i3,Core i3-1305U,8GB DDR5 4800MHz,512GB PCIe NVMe SSD (nâng cấp tối đa 2TB),"14 inches, Độ phủ màu NTSC 45% Độ sáng 300 nits Màn hình LCD TFT đèn nền LED Acer ComfyView",,,,https://cellphones.com.vn/laptop-acer-aspire-lite-14-al14-52p-309t.html,AL14-52P-309T,No,Chưa rõ
03/08/2026,10:25,CellPhone S,Laptop Acer Gaming Nitro ProPanel ANV16S-61-R9ZV,55990000,50290000,"Giảm 
10%",,,Acer,Gaming,Nitro ProPanel,Ryzen 7 AI,Ryzen AI 7 350,32GB DDR5 Up to 5600 MT/s,1024GB PCIe NVMe SSD (Up to 4TB PCIe Gen4 NVMe SSD​),"16 inches, Độ phủ màu sRGB 100% Độ sáng 400nits Màn hình LCD TFT Acer ComfyView LED-backlit độ sáng cao 3 ms (GTG) thông qua LCD Overdrive Góc nhìn rộng Thiết kế siêu mỏng",RTX 5060,8G,,https://cellphones.com.vn/laptop-acer-gaming-nitro-v-16-ai-propanel-anv16s-61-r9zv.html,ANV16S-61-R9ZV,No,Còn hàng
03/08/2026,10:25,CellPhone S,Laptop Acer Gaming Nitro ProPanel ANV16-41-R36Y,,31490000,,,,Acer,Gaming,Nitro ProPanel,Ryzen 7,Ryzen 7 8845HS,16GB DDR5 5600 MT/s,"512GB PCIe NVMe SSD, 2 khe SSD (Up to 2TB PCIe Gen4 NVMe SSD)","16 inches, Độ sáng 300nits Độ phủ màu 100% sRGB Acer ComfyVie Màn hình LCD TFT có đèn nền LED Góc nhìn rộng lên đến 170 độ",RTX 4050,6G,,https://cellphones.com.vn/laptop-gaming-acer-nitro-v-anv16-41-r36y.html,ANV16-41-R36Y,No,Còn hàng
03/08/2026,10:25,CellPhone S,Laptop Acer Aspire 3 A315-42-R4XD NX.HF9SV.008,,18990000,,,,Acer,Business& Productivity,Aspire 3,Ryzen 5,Ryzen 5 3500U,8GB,SSD 512 GB,15.6 inches,Intel Graphics HD 520,,,https://cellphones.com.vn/laptop-acer-aspire-3-a315-42-r4xd.html,A315-42-R4XD,No,Còn hàng
03/08/2026,10:25,CellPhone S,Laptop Acer Aspire 5 A514-52-33AB,,,,,,Acer,Business& Productivity,Aspire 5,Core i3,Core i3 10110U,4GB,SSD 256 GB,14 inches,Intel UHD Graphics 620,,,https://cellphones.com.vn/laptop-acer-aspire-5-a514-52-33ab.html,A514-52-33AB,No,Chưa rõ
03/08/2026,10:25,CellPhone S,Laptop Acer Swift Go 14 AI SFG14-74-58FJ,,,,,,Acer,,,,,,,,,,,https://cellphones.com.vn/laptop-acer-swift-go-14-ai-sfg14-74-58fj.html,,No,Chưa rõ
03/08/2026,10:25,CellPhone S,Laptop Aspire 14 AI A14-52M-71YQ,,,,,,Acer,,,,,,,,,,,https://cellphones.com.vn/laptop-acer-aspire-14-ai-a14-52m-71yq.html,,No,Chưa rõ
03/08/2026,10:25,CellPhone S,Laptop Acer Swift X AI OLED SFX14-72G-708X,,,,,,Acer,,,,,,,,,,,https://cellphones.com.vn/laptop-acer-swift-x-ai-oled-sfx14-72g-708x.html,,No,Chưa rõ
03/08/2026,10:25,CellPhone S,Laptop Acer Gaming Predator Helios 16 AI PH16-73-950C,,,,,,Acer,Gaming,Predator,Core Ultra 9,Core Ultra 9 275HX,32GB DDR5 Up to 6400MHz,2TB PCIe NVMe SED SSD (Up to 4TB PCIe Gen4 NVMe SSD​),"16 inches, Acer CineCrystal Độ sáng 400 nits (đạt 500 nits ở HDR 500) Độ phủ màu DCI-P3 100% Hỗ trợ True Black HDR 500 Góc nhìn rộng Tương thích Nvidia Advanced Optimus",RTX 5090,24G,,https://cellphones.com.vn/laptop-acer-gaming-predator-helios-16-ai-ph16-73-950c.html,PH16-73-950C,No,Chưa rõ
03/08/2026,10:25,CellPhone S,Laptop Acer Gaming Nitro ProPanel ANV15-42-R5EF,,,,,,Acer,Gaming,Nitro ProPanel,Ryzen 5,Ryzen 5 7640HS,16GB DDR5 5600 MHz,512GB PCIe NVMe SSD (Nâng cấp tối đa 4TB),"15.6 inches, Màn hình Acer ComfyView LED-backlit TFT LCD Độ phủ màu 100% sRGB Độ sáng 300nits Góc nhìn rộng Thiết kế viền mỏng (ultra-slim)",RTX 4050,6G,,https://cellphones.com.vn/laptop-acer-gaming-nitro-propanel-anv15-42-r5ef.html,ANV15-42-R5EF,No,Chưa rõ
03/08/2026,10:25,CellPhone S,Laptop Acer Aspire Lite AL14-51M-59BN NX.KTXSV.001,,,,,,Acer,Business& Productivity,Aspire Lite,Core i5,Core i5-1235U,16GB DDR5 4800MHz,512GB SSD M.2 NVMe,14 inches,,,,https://cellphones.com.vn/laptop-acer-aspire-lite-al14-51m-59bn.html,AL14-51M-59BN,No,Chưa rõ
03/08/2026,10:25,CellPhone S,Laptop Gaming Acer Nitro 5 AN515-45-R6EV NH.QBMSV.006,,,,,,Acer,Gaming,Nitro,Ryzen 5,Ryzen 5 5600H,16GB,SSD 512 GB,15.6 inches,GTX 1650,4G,,https://cellphones.com.vn/laptop-gaming-acer-nitro-5-an515-45-r6ev-nhqbmsv-006.html,AN515-45-R6EV,No,Chưa rõ
03/08/2026,10:25,CellPhone S,Laptop gaming Acer Nitro 5 AN515-45-R9SC NH.QBRSV.001,39990000,31590000,"Giảm 
21%",,,Acer,Gaming,Nitro,Ryzen 7,Ryzen 7 5800H,8GB,SSD 512 GB,15.6 inches,RTX 3070,8G,,https://cellphones.com.vn/laptop-gaming-acer-nitro-5-an515-45-r9sc.html,AN515-45-R9SC,No,Còn hàng
03/08/2026,10:25,CellPhone S,Laptop Acer Gaming Nitro ProPanel ANV16S-61-R7KQ,48990000,43990000,"Giảm 
10%",,,Acer,Gaming,Nitro ProPanel,,,16GB DDR5,"512GB PCIe NVMe SSD, 2 khe cắm SSD (Up to 4TB PCIe Gen4 NVMe SSD​)","16 inches, Độ sáng 400nits Độ phủ màu sRGB 100% Màn hình LCD TFT Acer ComfyView LED-backlit độ sáng cao",RTX 5060,8G,,https://cellphones.com.vn/laptop-acer-gaming-nitro-v-16-ai-propanel-anv16s-61-r7kq.html,ANV16S-61-R7KQ,No,Còn hàng
03/08/2026,10:25,CellPhone S,Laptop Acer Aspire Lite 14 AL14-45P-R7Z3,,,,,,Acer,Business& Productivity,Aspire Lite,Ryzen 3,Ryzen 3 5400U,8GB,SSD 512 GB,14 inches,AMD Radeon Graphics,,,https://cellphones.com.vn/laptop-acer-aspire-lite-14-al14-45p-r7z3.html,AL14-45P-R7Z3,No,Chưa rõ
03/08/2026,10:25,CellPhone S,Laptop Dell 14 DC14250 DC4C5386W,30990000,28990000,"Giảm 
6%",,,Dell,Business& Productivity,Dell 14,Core 5,Core 5 120U,16GB,SSD 512 GB,14 inches,Intel Graphics,,,https://cellphones.com.vn/laptop-dell-14-dc14250-dc4c5386w.html,DC4C5386W,No,Còn hàng
03/08/2026,10:25,CellPhone S,Laptop Dell Pro 15 Essential PV15250 VKVKD - Nhập khẩu chính hãng,14990000,14490000,"Giảm 
3%",,,Dell,Business& Productivity,Dell Pro,Core 3,Core 3 100U,8GB,SSD 512 GB,15.6 inches,Intel Graphics,,,https://cellphones.com.vn/laptop-dell-pro-15-essential-pv15250-vkvkd.html,VKVKD,No,Còn hàng
03/08/2026,10:25,CellPhone S,Laptop Dell 15 DC15250 1XVHG - Nhập khẩu chính hãng,,18990000,,,,Dell,Business& Productivity,Dell 15,Core i5,Core i5 1334U,16GB,SSD 512 GB,15.6 inches,Intel UHD Graphics,,,https://cellphones.com.vn/laptop-dell-15-dc15250-1xvhg.html,1XVHG,No,Còn hàng
03/08/2026,10:25,CellPhone S,Laptop Dell 15 DC15250 71084746,22990000,20990000,"Giảm 
9%",,,Dell,Business& Productivity,Dell 15,Core i5,Core i5 1334U,16GB,SSD 512 GB,15.6 inches,Intel UHD Graphics,,,https://cellphones.com.vn/laptop-dell-15-dc15250-71084746.html,71084746,No,Còn hàng
03/08/2026,10:25,CellPhone S,Laptop Dell 15 DC15250 KR0N9 - Nhập khẩu chính hãng,20990000,17990000,"Giảm 
14%",,,Dell,Business& Productivity,Dell 15,Core i5,Core i5 1334U,16GB,SSD 512 GB,15.6 inches,Intel UHD Graphics,,,https://cellphones.com.vn/laptop-dell-15-dc15250-kr0n9.html,KR0N9,No,Còn hàng
03/08/2026,10:25,CellPhone S,Laptop Dell Inspiron 15 3530 J9XFD - Nhập khẩu chính hãng,18990000,17490000,"Giảm 
8%",,,Dell,Business& Productivity,Inspiron,Core i5,Core i5 1334U,16GB,SSD 512 GB,15.6 inches,Intel Iris Xe Graphics,,,https://cellphones.com.vn/laptop-dell-inspiron-15-3530-j9xfd.html,J9XFD,No,Còn hàng
03/08/2026,10:25,CellPhone S,Laptop Dell 14 DC14250 C3U085W11SLU,20990000,18990000,"Giảm 
10%",,,Dell,Business& Productivity,Dell 14,Core 3,Core 3 100U,8GB,SSD 512 GB,14 inches,Intel Graphics,,,https://cellphones.com.vn/laptop-dell-14-dc14250-c3u085w11slu.html,C3U085W11SLU,No,Còn hàng
03/08/2026,10:25,CellPhone S,Laptop Dell 16 Plus DB16250 DB6U5387W1,36990000,35990000,"Giảm 
3%",,,Dell,Business& Productivity,Dell 16,Core Ultra 5,Core Ultra 5 226V,16GB,SSD 1 TB,16 inches,Intel Iris Xe Graphics,,,https://cellphones.com.vn/laptop-dell-16-plus-db16250-db6u5387w1.html,DB6U5387W1,No,Còn hàng
03/08/2026,10:25,CellPhone S,Laptop Dell 15 DC15250 71073959,26990000,23490000,"Giảm 
13%",,,Dell,Business& Productivity,Dell 15,Core i7,Core i7 1355U,16GB,SSD 512 GB,15.6 inches,Intel UHD Graphics,,,https://cellphones.com.vn/laptop-dell-15-dc15250-71073959.html,71073959,No,Còn hàng
03/08/2026,10:25,CellPhone S,Laptop Dell 15 DC15255 DC5R5802W1,20990000,19990000,"Giảm 
5%",,,Dell,Business& Productivity,Dell 15,Ryzen 5,Ryzen 5 7530U,16GB,SSD 512 GB,15.6 inches,AMD Radeon Graphics,,,https://cellphones.com.vn/laptop-dell-15-dc15255-dc5r5802w1.html,DC5R5802W1,No,Còn hàng
03/08/2026,10:25,CellPhone S,Laptop Dell 14 DC14255 R7165W11SLU,28990000,27490000,"Giảm 
5%",,,Dell,Business& Productivity,Dell 14,Ryzen 7,Ryzen 7 250,16GB,SSD 512 GB,14 inches,AMD Radeon Graphics,,,https://cellphones.com.vn/laptop-dell-14-dc14255-r7165w11slu.html,R7165W11SLU,No,Còn hàng
03/08/2026,10:25,CellPhone S,Laptop Dell 15 DC15255 HV1N4 - Nhập khẩu chính hãng,20990000,18490000,"Giảm 
12%",,,Dell,Business& Productivity,Dell 15,Ryzen 5,Ryzen 5 7530U,16GB,SSD 1 TB,15.6 inches,AMD Radeon Graphics,,,https://cellphones.com.vn/laptop-dell-15-dc15255-hv1n4.html,HV1N4,No,Còn hàng
03/08/2026,10:25,CellPhone S,Laptop Dell Inspiron 14 5440 N5440-C7U165W11IBD2,29990000,27490000,"Giảm 
8%",,,Dell,Business& Productivity,Inspiron,Core 7,Core 7 150U,16GB,SSD 512 GB,14 inches,NVIDIA GeForce MX570A 2GB GDDR6 Intel Iris Xe Graphics,2G,,https://cellphones.com.vn/laptop-dell-inspiron-14-5440-n5440-c7u165w11ibd2.html,C7U165W11IBD2,No,Còn hàng
03/08/2026,10:25,CellPhone S,Laptop Dell Inspiron 14 5440 D0F3W - Nhập khẩu chính hãng,20990000,19990000,"Giảm 
5%",,,Dell,Business& Productivity,Inspiron,Core i5,Core i5 1334U,24GB,SSD 1 TB,14 inches,Intel UMA Graphics,,,https://cellphones.com.vn/laptop-dell-inspiron-14-5440-d0f3w.html,D0F3W,No,Còn hàng
03/08/2026,10:25,CellPhone S,Laptop Dell 15 DC15250 71084747,26990000,23490000,"Giảm 
13%",,,Dell,Business& Productivity,Dell 15,Core i7,Core i7 1355U,16GB,SSD 512 GB,15.6 inches,Intel UHD Graphics,,,https://cellphones.com.vn/laptop-dell-15-dc15250-71084747.html,71084747,No,Còn hàng
03/08/2026,10:25,CellPhone S,Laptop Dell Vostro 3530 2H1TPI7,23990000,22490000,"Giảm 
6%",,,Dell,Business& Productivity,Vostro,Core i7,Core i7 1355U,16GB,SSD 512 GB,15.6 inches,Intel Iris Xe Graphics,,,https://cellphones.com.vn/laptop-dell-vostro-3530-2h1tpi7.html,2H1TPI7,No,Còn hàng
03/08/2026,10:25,CellPhone S,Laptop Dell 15 DC15250 1XVHG V2 - Nhập khẩu chính hãng,21990000,19990000,"Giảm 
9%",,,Dell,Business& Productivity,Dell 15,Core i5,Core i5 1334U,24GB,SSD 512 GB,15.6 inches,Intel UHD Graphics,,,https://cellphones.com.vn/laptop-dell-15-dc15250-1xvhg-v2.html,V2,No,Còn hàng
03/08/2026,10:25,CellPhone S,Laptop Dell 15 DC15255 G8MK9 - Nhập khẩu chính hãng,,19990000,,,,Dell,Business& Productivity,Dell 15,Ryzen 7,Ryzen 7 7730U,16GB,SSD 512 GB,15.6 inches,AMD Radeon Graphics,,,https://cellphones.com.vn/laptop-dell-15-dc15255-g8mk9.html,G8MK9,No,Còn hàng
03/08/2026,10:25,CellPhone S,Laptop Dell 15 DC15250 I5U165W11SLU,25990000,20990000,"Giảm 
19%",,,Dell,Business& Productivity,Dell 15,Core i5,Core i5 1334U,16GB,SSD 512 GB,15.6 inches,Intel UHD Graphics,,,https://cellphones.com.vn/laptop-dell-15-dc15250-i5u165w11slu.html,I5U165W11SLU,No,Còn hàng
03/08/2026,10:25,CellPhone S,Laptop Dell Pro 13 Plus PB13250-236V-16512W,37990000,35990000,"Giảm 
5%",,,Dell,Business& Productivity,Dell Pro,Core Ultra 5,Core Ultra 5 236V vPro,16GB,SSD 512 GB,13.3 inches,Intel Arc Graphics 130V,,,https://cellphones.com.vn/laptop-dell-pro-13-plus-pb13250-236v-16512w.html,16512W,No,Còn hàng
03/08/2026,10:25,CellPhone S,Laptop Dell 15 DC15255 X9YM41,22990000,21990000,"Giảm 
4%",,,Dell,Business& Productivity,Dell 15,Ryzen 7,Ryzen 7 7730U,16GB,SSD 1 TB,15.6 inches,AMD Radeon Graphics,,,https://cellphones.com.vn/laptop-dell-15-dc15255-x9ym41.html,X9YM41,No,Còn hàng
03/08/2026,10:25,CellPhone S,Laptop Dell Pro 14 PC14250-225U-16512WH,27990000,26290000,"Giảm 
6%",,,Dell,Business& Productivity,Dell Pro,Core Ultra 5,Core Ultra 5 225U,16GB,SSD 512 GB,14 inches,Intel graphics,,,https://cellphones.com.vn/laptop-dell-pro-14-pc14250-225u-16512wh.html,16512WH,No,Còn hàng
03/08/2026,10:25,CellPhone S,Laptop Dell 14 DC14255 DC4AI5278W1,25990000,24490000,"Giảm 
6%",,,Dell,Business& Productivity,Dell 14,Ryzen 5 AI,Ryzen AI 5 330,16GB,SSD 512 GB,14 inches,AMD Radeon Graphics,,,https://cellphones.com.vn/laptop-dell-14-dc14255-dc4ai5278w1-ryzen-ai-5.html,DC4AI5278W1,No,Còn hàng
03/08/2026,10:25,CellPhone S,Laptop Dell 16 DC16250 C7U161W11BLU,29990000,28490000,"Giảm 
5%",,,Dell,Business& Productivity,Dell 16,Core 7,Core 7 150U,16GB,SSD 1 TB,16 inches,Intel Graphics,,,https://cellphones.com.vn/laptop-dell-16-dc16250-c7u161w11blu.html,C7U161W11BLU,No,Còn hàng
03/08/2026,10:25,CellPhone S,Laptop Dell 16 DC16251 DC6C7557W1,35990000,32990000,"Giảm 
8%",,,Dell,Business& Productivity,Dell 16,Core 7,Core 7 150U,16GB,SSD 1 TB,16 inches,NVIDIA GeForce MX570A 2GB GDDR6 Intel Iris Xe Graphics,2G,,https://cellphones.com.vn/laptop-dell-16-dc16251-dc6c7557w1.html,DC6C7557W1,No,Còn hàng
03/08/2026,10:25,CellPhone S,Laptop Dell Inspiron 14 5441 N4O10441W1,30390000,27490000,"Giảm 
10%",,,Dell,Business& Productivity,Inspiron,Snapdragon X,Snapdragon X Plus X1P 64 100,16GB,SSD 1 TB,14 inches,Qualcomm Adreno,,,https://cellphones.com.vn/laptop-dell-inspiron-14-5441-n4o10441w1.html,N4O10441W1,No,Còn hàng
03/08/2026,10:25,CellPhone S,Laptop Dell 15 DC15250 MCW52 - Nhập khẩu chính hãng,23990000,21990000,"Giảm 
8%",,,Dell,Business& Productivity,Dell 15,Core i7,Core i7 1355U,16GB,SSD 512 GB,15.6 inches,Intel UHD Graphics,,,https://cellphones.com.vn/laptop-dell-15-dc15250-mcw52.html,MCW52,No,Còn hàng
03/08/2026,10:25,CellPhone S,Laptop Dell 15 DC15250 DC5I7748W1,26990000,23490000,"Giảm 
13%",,,Dell,Business& Productivity,Dell 15,Core i7,Core i7 1355U,16GB,SSD 512 GB,15.6 inches,Intel UHD Graphics,,,https://cellphones.com.vn/laptop-dell-15-dc15250-dc5i7748w1.html,DC5I7748W1,No,Còn hàng
03/08/2026,10:25,CellPhone S,Laptop Dell 14 DC14250 DC4C5375W1 - Bảo hành 2 năm,31390000,30990000,"Giảm 
1%",,,Dell,Business& Productivity,Dell 14,Core 5,Core 5 120U,16GB DDR5 5200 MT/s,512GB M.2 PCIe NVMe (nâng cấp tối đa 1TB),"14 inches, Độ phủ màu 45% NTSC Độ sáng 300 nits Màn hình chống chói",Intel Graphics,,,https://cellphones.com.vn/laptop-dell-14-dc14250-dc4c5375w1.html,DC4C5375W1,No,Còn hàng
03/08/2026,10:25,CellPhone S,Laptop Dell 15 DC15255 DC5R5973W1 - Bảo hành 2 năm,25290000,24990000,"Giảm 
1%",,,Dell,Business& Productivity,Dell 15,Ryzen 5,Ryzen 5 7530U,16GB DDR4 3200 MT/s,512GB M.2 PCIe NVMe (nâng cấp tối đa 1TB),"15.6 inches, Độ sáng 250 nits Màn hình chống chói Đèn nền LED Backlit Thiết kế viền mỏng",AMD Radeon Graphics,,,https://cellphones.com.vn/laptop-dell-15-dc15255-dc5r5973w1.html,DC5R5973W1,No,Còn hàng
03/08/2026,10:25,CellPhone S,Laptop Dell 15 DC15250 4CDJW - Nhập khẩu chính hãng,26990000,22990000,"Giảm 
15%",,,Dell,Business& Productivity,Dell 15,Core i7,Core i7 1355U,16GB DDR5,SSD 512 GB,"15.6 inches, Độ phủ màu 45% NTSC",Intel UHD Graphics,,,https://cellphones.com.vn/laptop-dell-15-dc15250-4cdjw.html,4CDJW,No,Còn hàng
03/08/2026,10:25,CellPhone S,Laptop Dell 15 DC15250 CPH99,22990000,20990000,"Giảm 
9%",,,Dell,Business& Productivity,Dell 15,Core i5,Core i5 1334U,16GB,SSD 512 GB,15.6 inches,Intel UHD Graphics,,,https://cellphones.com.vn/laptop-dell-15-dc15250-cph99.html,CPH99,No,Còn hàng
03/08/2026,10:25,CellPhone S,Laptop Dell 15 DC15250 CPH997,26990000,25990000,"Giảm 
4%",,,Dell,Business& Productivity,Dell 15,Core i7,Core i7 1355U,16GB,SSD 1 TB,15.6 inches,Intel UHD Graphics,,,https://cellphones.com.vn/laptop-dell-15-dc15250-cph997.html,CPH997,No,Còn hàng
03/08/2026,10:25,CellPhone S,Laptop Dell 15 DC15250 M0RCP - Nhập khẩu chính hãng,24990000,23990000,"Giảm 
4%",,,Dell,Business& Productivity,Dell 15,Core i7,Core i7 1355U,16GB,SSD 1 TB,15.6 inches,Intel UHD Graphics,,,https://cellphones.com.vn/laptop-dell-15-dc15250-m0rcp.html,M0RCP,No,Còn hàng
03/08/2026,10:25,CellPhone S,Laptop Dell 15 DC15250 I5U165W11SLU-5,22990000,21490000,"Giảm 
7%",,,Dell,Business& Productivity,Dell 15,Core i5,Core i5 1334U,16GB,SSD 512 GB,15.6 inches,Intel UHD Graphics,,,https://cellphones.com.vn/laptop-dell-15-dc15250-i5u165w11slu-5.html,DC15250,No,Còn hàng
03/08/2026,10:25,CellPhone S,Laptop Dell 15 DC15250 H5YXJ - Nhập khẩu chính hãng,24990000,23990000,"Giảm 
4%",,,Dell,Business& Productivity,Dell 15,Core i7,Core i7 1355U,16GB,SSD 1 TB,15.6 inches,Intel UHD Graphics,,,https://cellphones.com.vn/laptop-dell-15-dc15250-h5yxj.html,H5YXJ,No,Còn hàng
03/08/2026,10:25,CellPhone S,Laptop Dell 14 DC14255 71083617,33990000,30990000,"Giảm 
9%",,,Dell,Business& Productivity,Dell 14,Ryzen 7 AI,Ryzen AI 7 350,16GB,SSD 1 TB,14 inches,AMD Radeon Graphics,,,https://cellphones.com.vn/laptop-dell-14-dc14255-71083617-ryzen-ai-7.html,71083617,No,Còn hàng
03/08/2026,10:25,CellPhone S,Laptop Dell 15 DC15250 DC5I7952W1,26990000,23990000,"Giảm 
11%",,,Dell,Business& Productivity,Dell 15,Core i7,Core i7 1355U,16GB,SSD 512 GB,15.6 inches,Intel UHD Graphics,,,https://cellphones.com.vn/laptop-dell-15-dc15250-dc5i7952w1.html,DC5I7952W1,No,Còn hàng
03/08/2026,10:25,CellPhone S,Laptop Dell 14 DC14250 C7U161W11SLU,30990000,29490000,"Giảm 
5%",,,Dell,Business& Productivity,Dell 14,Core 7,Core 7 150U,16GB,SSD 1 TB,14 inches,Intel Graphics,,,https://cellphones.com.vn/laptop-dell-14-dc14250-c7u161w11slu.html,C7U161W11SLU,No,Còn hàng
03/08/2026,10:25,CellPhone S,Laptop Dell XPS 14 9440 71054773,,,,,,Dell,,,,,,,,,,,https://cellphones.com.vn/laptop-dell-xps-14-9440-71054773.html,,No,Chưa rõ
03/08/2026,10:25,CellPhone S,Laptop Dell Inspiron 15 3530 N5I5407W1,19290000,17990000,"Giảm 
7%",,,Dell,Business& Productivity,Inspiron,Core i5,Core i5 1334U ,16GB DDR4,512GB SSD M.2 PCIe NVMe,"15.6 inches, Độ sáng 250 nits Màn hình chống chói LED Backlit Narrow Border Display",Intel Iris Xe Graphics,,,https://cellphones.com.vn/laptop-dell-inspiron-15-3530-n5i5407w1.html,N5I5407W1,No,Còn hàng
03/08/2026,10:25,CellPhone S,Laptop Dell Inspiron 15 3530,,,,,,Dell,Business& Productivity,Inspiron,Core i7,Core i7 1355U,16GB DDR4 2666Mhz,1TB SSD PCIe (M.2 2230) - combo M.2 2230/2280,"15.6 inches, Màn hình chống chói",Intel Iris Xe Graphics,,,https://cellphones.com.vn/laptop-dell-inspiron-15-3530-p16wd.html,,No,Chưa rõ
03/08/2026,10:25,CellPhone S,Laptop Dell Latitude 5420 70251602,,,,,,Dell,,,,,,,,,,,https://cellphones.com.vn/laptop-dell-latitude-5420-70251602.html,,No,Chưa rõ
03/08/2026,10:25,CellPhone S,Laptop Dell Inspiron 5425,,,,,,Dell,Business& Productivity,Inspiron,Ryzen 5,Ryzen 5 5625U,16GB,SSD 512 GB,14 inches,AMD Radeon Graphics,,,https://cellphones.com.vn/laptop-dell-inspiron-5425.html,5425,No,Chưa rõ
03/08/2026,10:25,CellPhone S,Laptop Dell Vostro 15 3530 80GG93,,,,,,Dell,,,,,,,,,,,https://cellphones.com.vn/laptop-dell-vostro-15-3530-80gg93.html,,No,Chưa rõ
03/08/2026,10:25,CellPhone S,Laptop Alienware X14 R1,,,,,,Dell,Gaming,Alienware,Core i7,Core i7 12700H,16GB,SSD 512 GB,14 inches,RTX 3050,4G,,https://cellphones.com.vn/laptop-alienware-x14-r1.html,X14 R1,No,Chưa rõ
03/08/2026,10:25,CellPhone S,Laptop Dell Latitude 3450 L3450-1335U-16512W-FBL,,,,,,Dell,,,,,,,,,,,https://cellphones.com.vn/laptop-dell-latitude-3450-l3450-1335u-16512w.html,,No,Chưa rõ
03/08/2026,10:25,CellPhone S,Laptop Dell Alienware X15 R2,,,,,,Dell,Gaming,Alienware,Core i9,Core i9 12900H,16GB,SSD 1 TB,15.6 inches,RTX 3070,8G,,https://cellphones.com.vn/laptop-dell-alienware-x15-r2.html,X15 R2,No,Chưa rõ
03/08/2026,10:25,CellPhone S,Laptop Dell 15 DC15250 I7U161W11SLU-27,,,,,,Dell,,,,,,,,,,,https://cellphones.com.vn/laptop-dell-15-dc15250-i7u161w11slu-27.html,,No,Chưa rõ
03/08/2026,10:25,CellPhone S,Laptop Dell Alienware M16,,,,,,Dell,Gaming,Alienware,Core i7,Core i7 13650HX,16GB,SSD 512 GB,16 inches,RTX 4050,6G,,https://cellphones.com.vn/laptop-dell-alienware-m16.html,M16,No,Chưa rõ
03/08/2026,10:25,CellPhone S,Laptop Dell 15 DC15250 71100516 - Bảo hành 2 năm,34090000,33990000,"Giảm 
0%",,,Dell,Business& Productivity,Dell 15,Core i7,Core i7-1355U,16GB DDR5 44000 MHz,"512GB SSD M.2 PCIe NVMe Ổ cứng SSD M.2 2280, dung lượng tối đa 2 TB","15.6 inches, Độ sáng 250 nits Độ phủ màu 45% NTSC Màn hình chống chói Viền mỏng (Narrow Border) Đèn nền LED",,,,https://cellphones.com.vn/laptop-dell-15-dc15250-71100516.html,,No,Còn hàng
03/08/2026,10:25,CellPhone S,Laptop Dell 14 DC14255 DC4A5330W1 - Bảo hành 2 năm,32590000,32490000,"Giảm 
0%",,,Dell,Business& Productivity,Dell 14,Ryzen 5 AI,Ryzen AI 5 330,16GB DDR5 5600MT/s,512GB M.2 PCIe NVMe (nâng cấp tối đa 1TB),"14 inches, Độ phủ màu 45% NTSC Độ sáng 300 nits Màn hình chống chói",AMD Radeon Graphics,,,https://cellphones.com.vn/laptop-dell-14-dc14255-dc4a5330w1.html,,No,Còn hàng
03/08/2026,10:25,CellPhone S,Laptop Dell 15 DC15250 CPH991,,,,,,Dell,,,,,,,,,,,https://cellphones.com.vn/laptop-dell-15-dc15250-cph991.html,,No,Chưa rõ
03/08/2026,10:25,CellPhone S,Laptop Dell Inspiron 7559,,,,,,Dell,Business& Productivity,Inspiron,Core i7,I7 6700HQ,8GB,SSD 1 TB,15.6 inches,Nvidia GeForce GTX 960M,,,https://cellphones.com.vn/laptop-dell-inspiron-7559.html,7559,No,Chưa rõ
03/08/2026,10:25,CellPhone S,Laptop HP Omnibook 5 AI 16-AF1048TU BZ7Q9PA,27190000,25490000,"Giảm 
6%",,,Hp,Business& Productivity,OmniBook,Core Ultra 5,Core Ultra 5 225U,16GB,SSD 512 GB,16 inches,Intel Graphics,,,https://cellphones.com.vn/laptop-hp-omnibook-5-ai-16-af1048tu-bz7q9pa.html,BZ7Q9PA,No,Còn hàng
03/08/2026,10:25,CellPhone S,Laptop HP Victus 15-FA2731TX B85LNPA,29990000,24990000,"Giảm 
17%",,,Hp,Gaming,VICTUS,Core i5,Core i5 13420H,16GB,SSD 512 GB,15.6 inches,RTX 3050,6G,,https://cellphones.com.vn/laptop-hp-victus-15-fa2731tx-b85lnpa.html,B85LNPA,No,Còn hàng
03/08/2026,10:25,CellPhone S,Laptop HP Victus 15-FA2451TX D17WPPA,31190000,27490000,"Giảm 
12%",,,Hp,Gaming,VICTUS,Core i5,Core i5 13420H,16GB,SSD 512 GB,15.6 inches,RTX 4050,6G,,https://cellphones.com.vn/laptop-hp-victus-15-fa2451tx-d17wppa.html,D17WPPA,No,Còn hàng
03/08/2026,10:25,CellPhone S,Laptop HP 250 G10 B3WA7AT,18990000,17890000,"Giảm 
6%",,,Hp,Business& Productivity,HP 250,Core i5,Core i5 1334U,8GB,SSD 512 GB,15.6 inches,Intel UHD Graphics,,,https://cellphones.com.vn/laptop-hp-250-g10-b3wa7at.html,B3WA7AT,No,Còn hàng
03/08/2026,10:25,CellPhone S,Laptop HP 15-FD1289TU C2CV8PA,24990000,23490000,"Giảm 
6%",,,Hp,Business& Productivity,HP 15,Core Ultra 7,Core Ultra 7 155H,16GB,SSD 512 GB,15.6 inches,Intel Arc Graphics,,,https://cellphones.com.vn/laptop-hp-15-fd1289tu-c2cv8pa.html,C2CV8PA,No,Còn hàng
03/08/2026,10:25,CellPhone S,Laptop HP 250R G9 AX3D4AT,20890000,19790000,"Giảm 
5%",,,Hp,Business& Productivity,HP 250R,Core i5,Core i5 1335U,16GB,SSD 512 GB,15.6 inches,Intel UHD Graphics,,,https://cellphones.com.vn/laptop-hp-250r-g9-ax3d4at.html,AX3D4AT,No,Còn hàng
03/08/2026,10:25,CellPhone S,Laptop HP Omnibook X Flip 14-FK0092AU BZ7P5PA,30990000,29990000,"Giảm 
3%",,,Hp,Business& Productivity,OmniBook,Ryzen 5 AI,Ryzen AI 5 340,16GB,SSD 512 GB,14 inches,AMD Radeon 840M Graphics,,,https://cellphones.com.vn/laptop-hp-omnibook-x-flip-14-fk0092au-bz7p5pa-ryzen-ai-5.html,BZ7P5PA,No,Còn hàng
03/08/2026,10:25,CellPhone S,Laptop HP 250R G10 C3RV3AT,15990000,14790000,"Giảm 
8%",,,Hp,Business& Productivity,HP 250R,Core 3,Core 3 100U,8GB,SSD 512 GB,15.6 inches,Intel Graphics,,,https://cellphones.com.vn/laptop-hp-250r-g10-c3rv3at.html,C3RV3AT,No,Còn hàng
03/08/2026,10:25,CellPhone S,Laptop HP 250R G10 C3SH7AT,25190000,19790000,"Giảm 
21%",,,Hp,Business& Productivity,HP 250R,Core 5,Core 5 120U,16GB,SSD 512 GB,15.6 inches,Intel Graphics,,,https://cellphones.com.vn/laptop-hp-250r-g10-c3sh7at.html,C3SH7AT,No,Còn hàng
03/08/2026,10:25,CellPhone S,Laptop HP 250 G10 B73TQAT,15390000,14490000,"Giảm 
6%",,,Hp,Business& Productivity,HP 250,Core i3,Core i3 1315U,8GB,SSD 512 GB,15.6 inches,Intel UHD Graphics,,,https://cellphones.com.vn/laptop-hp-250-g10-b73tqat.html,B73TQAT,No,Còn hàng
03/08/2026,10:25,CellPhone S,Laptop HP Gaming OMEN 16-AM0176TX BX9D3PA,45990000,43890000,"Giảm 
5%",,,Hp,Gaming,OMEN,Core Ultra 7,Core Ultra 7 255H,16GB,SSD 512 GB,16 inches,RTX 5060,8G,,https://cellphones.com.vn/laptop-hp-gaming-omen-16-am0176tx-bx9d3pa.html,BX9D3PA,No,Còn hàng
03/08/2026,10:25,CellPhone S,Laptop HP OmniBook 7 14-FR0033TU C1MN2PA,28490000,26990000,"Giảm 
5%",,,Hp,Business& Productivity,OmniBook,Core Ultra 5,Core Ultra 5 225U,16GB,SSD 512 GB,14 inches,Intel Graphics,,,https://cellphones.com.vn/laptop-hp-omnibook-7-14-fr0033tu-c1mn2pa.html,C1MN2PA,No,Còn hàng
03/08/2026,10:25,CellPhone S,Laptop HP Victus 15-FB3116AX BX8U4PA,29490000,25490000,"Giảm 
14%",,,Hp,Gaming,VICTUS,Ryzen 7,Ryzen 7 7445HS,16GB,SSD 512 GB,15.6 inches,RTX 3050,6G,,https://cellphones.com.vn/laptop-hp-victus-15-fb3116ax-bx8u4pa.html,BX8U4PA,No,Còn hàng
03/08/2026,10:25,CellPhone S,Laptop HP 14‑EM0023AU D0BG7PA,23990000,19990000,"Giảm 
17%",,,Hp,Business& Productivity,HP 14,Ryzen 5,Ryzen 5 7520U,16GB,SSD 512 GB,14 inches,AMD Radeon 610M Graphics,,,https://cellphones.com.vn/laptop-hp-14-em0023au-d0bg7pa.html,D0BG7PA,No,Còn hàng
03/08/2026,10:25,CellPhone S,Laptop HP Probook 455 G10 878T8PA,27290000,25990000,"Giảm 
5%",,,Hp,Business& Productivity,Probook,Ryzen 7,Ryzen 7 7730U,16GB,SSD 512 GB,15.6 inches,AMD Radeon Graphics,,,https://cellphones.com.vn/laptop-hp-probook-455-g10-878t8pa.html,878T8PA,No,Còn hàng
03/08/2026,10:25,CellPhone S,Laptop HP 14-EP0110TU 8C5K9PA,22090000,21190000,"Giảm 
4%",,,Hp,Business& Productivity,HP 14,Core i7,Core i7 1355U,16GB,SSD 512 GB,14 inches,Intel Iris Xe Graphics,,,https://cellphones.com.vn/laptop-hp-14-ep0110tu-8c5k9pa.html,8C5K9PA,No,Còn hàng
03/08/2026,10:25,CellPhone S,Laptop HP 245 G10 BG5U8PT,19990000,19590000,"Giảm 
2%",,,Hp,Business& Productivity,HP 245,Ryzen 7,Ryzen 7 7730U,16GB,SSD 512 GB,14 inches,AMD Radeon Graphics,,,https://cellphones.com.vn/laptop-hp-245-g10-bg5u8pt.html,BG5U8PT,No,Còn hàng
03/08/2026,10:25,CellPhone S,Laptop HP Omnibook X Flip 14-FM0088TU BZ7Q2PA,33990000,31390000,"Giảm 
8%",,,Hp,Business& Productivity,OmniBook,Core Ultra 5,Core Ultra 5 226V,16GB,SSD 512 GB,14 inches,Intel Arc 130V GPU (8GB),8G,,https://cellphones.com.vn/laptop-hp-omnibook-x-flip-14-fm0088tu-bz7q2pa.html,BZ7Q2PA,No,Còn hàng
03/08/2026,10:25,CellPhone S,Laptop HP 14-EP1200TU D0BG9PA,29590000,25990000,"Giảm 
12%",,,Hp,Business& Productivity,HP 14,Core Ultra 7,Core Ultra 7 155H,24GB,SSD 512 GB,14 inches,Intel Graphics,,,https://cellphones.com.vn/laptop-hp-14-ep1200tu-d0bg9pa.html,D0BG9PA,No,Còn hàng
03/08/2026,10:25,CellPhone S,Laptop HP 250R G9 AX3C8AT,15390000,14490000,"Giảm 
6%",,,Hp,Business& Productivity,HP 250R,Core i3,Core i3 1315U,8GB,SSD 512 GB,15.6 inches,Intel UHD Graphics,,,https://cellphones.com.vn/laptop-hp-250r-g9-ax3c8at.html,AX3C8AT,No,Còn hàng
03/08/2026,10:25,CellPhone S,Laptop HP EliteBook X Flip G1I 14 B9FR8PT AI,65290000,62990000,"Giảm 
4%",,,Hp,Business& Productivity,EliteBook,Core Ultra 7,Core Ultra 7 268V,32GB,SSD 1 TB,14 inches,Intel Arc 140V GPU (16GB),16G,,https://cellphones.com.vn/laptop-hp-elitebook-x-flip-g1i-14-b9fr8pt-ai.html,B9FR8PT,No,Còn hàng
03/08/2026,10:25,CellPhone S,Laptop HP Probook 455 G10 878U6PA,24390000,21990000,"Giảm 
10%",,,Hp,Business& Productivity,Probook,Ryzen 5,Ryzen 5 7530U,16GB,SSD 512 GB,15.6 inches,AMD Radeon Graphics,,,https://cellphones.com.vn/laptop-hp-probook-455-g10-878u6pa.html,878U6PA,No,Còn hàng
03/08/2026,10:25,CellPhone S,Laptop HP Omnibook 7 Aero 13-BG1087AU BZ7S1PA,29790000,28490000,"Giảm 
4%",,,Hp,Business& Productivity,OmniBook,Ryzen 5 AI,Ryzen AI 5 340,16GB,SSD 512 GB,13.3 inches,AMD Radeon 840M Graphics,,,https://cellphones.com.vn/laptop-hp-omnibook-7-aero-13-bg1087au-bz7s1pa-ryzen-ai-5.html,BZ7S1PA,No,Còn hàng
03/08/2026,10:25,CellPhone S,Laptop HP Probook 445 G10 878T9PA,27990000,24990000,"Giảm 
11%",,,Hp,Business& Productivity,Probook,Ryzen 7,Ryzen 7 7730U,16GB,SSD 512 GB,14 inches,AMD Radeon Graphics,,,https://cellphones.com.vn/laptop-hp-probook-445-g10-878t9pa.html,878T9PA,No,Còn hàng
03/08/2026,10:25,CellPhone S,Laptop HP 250R G9 C40LHAT,15990000,14490000,"Giảm 
9%",,,Hp,Business& Productivity,HP 250R,Core 3,Core 3 100U,8GB,SSD 512 GB,15.6 inches,Intel Graphics,,,https://cellphones.com.vn/laptop-hp-250r-g9-c40lhat.html,C40LHAT,No,Còn hàng
03/08/2026,10:25,CellPhone S,Laptop HP 14-EP1178TU C89ZRPA,21990000,20990000,"Giảm 
5%",,,Hp,Business& Productivity,HP 14,Core 5,Core 5 120U,16GB,SSD 1 TB,14 inches,Intel Graphics,,,https://cellphones.com.vn/laptop-hp-14-ep1178tu-c89zrpa.html,C89ZRPA,No,Còn hàng
03/08/2026,10:25,CellPhone S,Laptop HP Omnibook X Flip 14-FM0076TU BZ7P6PA,40890000,37490000,"Giảm 
8%",,,Hp,Business& Productivity,OmniBook,Core Ultra 7,Core Ultra 7 258V,32GB,SSD 512 GB,14 inches,Intel Arc 140V GPU (16GB),16G,,https://cellphones.com.vn/laptop-hp-omnibook-x-flip-14-fm0076tu-bz7p6pa.html,BZ7P6PA,No,Còn hàng
03/08/2026,10:25,CellPhone S,Laptop HP OmniBook X Flip 14-FM0086TU BZ7Q0PA,33990000,31990000,"Giảm 
6%",,,Hp,Business& Productivity,OmniBook,Core Ultra 5,Core Ultra 5 226V,16GB LPDDR5x-8533 MT/s (onboard),SSD 1 TB,"14 inches, Kính tràn viền (Edge-to-edge Glass) Viền mỏng Micro-edge Kính cường lực Corning Gorilla Glass 3 Độ sáng 400 nits Độ phủ màu 62.5% sRGB",Intel Arc 130V GPU,,,https://cellphones.com.vn/laptop-hp-omnibook-x-flip-14-fm0086tu-bz7q0pa.html,BZ7Q0PA,No,Còn hàng
03/08/2026,10:25,CellPhone S,Laptop HP Omnibook X Flip 14-FK0082AU BZ7N8PA,40890000,37490000,"Giảm 
8%",,,Hp,Business& Productivity,OmniBook,Ryzen 7 AI,Ryzen AI 7 350,32GB,SSD 1 TB,14 inches,AMD Radeon 860M Graphics,,,https://cellphones.com.vn/laptop-hp-omnibook-x-flip-14-fk0082au-bz7n8pa-ryzen-ai-7.html,BZ7N8PA,No,Còn hàng
03/08/2026,10:25,CellPhone S,Laptop HP Probook 465 G11 A8WS4PT,28490000,24990000,"Giảm 
12%",,,Hp,Business& Productivity,Probook,Ryzen 7,Ryzen 7 7735HS,16GB,SSD 512 GB,16 inches,AMD Radeon Graphics,,,https://cellphones.com.vn/laptop-hp-probook-465-g11-a8ws4pt.html,A8WS4PT,No,Còn hàng
03/08/2026,10:25,CellPhone S,Laptop HP 14-EP0112TU 8C5L1PA,19590000,18490000,"Giảm 
6%",,,Hp,Business& Productivity,HP 14,Core i5,Core i5 1335U,16GB,SSD 512 GB,14 inches,Intel Iris Xe Graphics,,,https://cellphones.com.vn/laptop-hp-14-ep0112tu-8c5l1pa.html,8C5L1PA,No,Còn hàng
03/08/2026,10:25,CellPhone S,Laptop HP Omnibook 5 16-AG1068AU BZ7T0PA,28190000,26990000,"Giảm 
4%",,,Hp,Business& Productivity,OmniBook,Ryzen 5 AI,Ryzen AI 5 340,16GB,SSD 512 GB,16 inches,AMD Radeon 840M Graphics,,,https://cellphones.com.vn/laptop-hp-omnibook-5-16-ag1068au-bz7t0pa-ryzen-ai-5.html,BZ7T0PA,No,Còn hàng
03/08/2026,10:25,CellPhone S,Laptop HP OmniBook 7 14-FR0024TU C1MN0PA,38590000,34990000,"Giảm 
9%",,,Hp,Business& Productivity,OmniBook,Core Ultra 7,Core Ultra 7 255H,32GB,SSD 512 GB,14 inches,Intel Arc 140T GPU,,,https://cellphones.com.vn/laptop-hp-omnibook-7-14-fr0024tu-c1mn0pa.html,C1MN0PA,No,Còn hàng
03/08/2026,10:25,CellPhone S,Laptop HP Gaming OMEN 16-AM0129TX BX9D1PA,,48890000,,,,Hp,Gaming,OMEN,Core Ultra 7,Core Ultra 7 255H,32GB,SSD 512 GB,16 inches,RTX 5070,8G,,https://cellphones.com.vn/laptop-hp-gaming-omen-16-am0129tx-bx9d1pa.html,BX9D1PA,No,Còn hàng
03/08/2026,10:25,CellPhone S,Laptop HP 245 G10 B8PF8AT,18990000,17490000,"Giảm 
8%",,,Hp,Business& Productivity,HP 245,Ryzen 5,Ryzen 5 7530U,16GB,SSD 256 GB,14 inches,AMD Radeon Graphics,,,https://cellphones.com.vn/laptop-hp-245-g10-b8pf8at.html,B8PF8AT,No,Còn hàng
03/08/2026,10:25,CellPhone S,Laptop HP 250R G9 AX3C7AT,14390000,13990000,"Giảm 
3%",,,Hp,Business& Productivity,HP 250R,Core i3,Core i3 1315U,8GB,SSD 256 GB,15.6 inches,Intel UHD Graphics,,,https://cellphones.com.vn/laptop-hp-250r-g9-ax3c7at.html,AX3C7AT,No,Còn hàng
03/08/2026,10:25,CellPhone S,Laptop HP Dragonfly G4 A9VD6PT,57590000,54990000,"Giảm 
5%",,,Hp,Business& Productivity,Dragonfly,Core i7,Core i7 1365U,32GB,SSD 1 TB,13.5 inches,Intel Iris Xe Graphics,,,https://cellphones.com.vn/laptop-hp-dragonfly-g4-a9vd6pt.html,A9VD6PT,No,Còn hàng
03/08/2026,10:25,CellPhone S,Laptop HP AI 14-HC0028TU D72BJPA,25190000,21990000,"Giảm 
13%",,,Hp,Business& Productivity,HP AI 14,Core Ultra 5,Core Ultra 5 225U,16GB,SSD 512 GB,14 inches,Graphics,,,https://cellphones.com.vn/laptop-hp-ai-14-hc0028tu-d72bjpa.html,D72BJPA,No,Còn hàng
03/08/2026,10:25,CellPhone S,Laptop HP EliteBook 6 G1I 13 BQ9L8PT,33290000,31290000,"Giảm 
6%",,,Hp,Business& Productivity,EliteBook,Core Ultra 5,Core Ultra 5 225U,16GB,SSD 512 GB,13.3 inches,Intel Graphics,,,https://cellphones.com.vn/laptop-hp-elitebook-6-g1i-13-bq9l8pt.html,BQ9L8PT,No,Còn hàng
03/08/2026,10:25,CellPhone S,Laptop HP EliteBook X G1A 14 AI BC4N4AT,54590000,52290000,"Giảm 
4%",,,Hp,Business& Productivity,EliteBook,Ryzen 7 AI PRO,Ryzen AI 7 PRO 360,32GB,SSD 1 TB,14 inches,AMD Radeon Graphics,,,https://cellphones.com.vn/laptop-hp-elitebook-x-g1a-14-ai-bc4n4at-ryzen-ai-7-pro.html,BC4N4AT,No,Còn hàng
03/08/2026,10:25,CellPhone S,Laptop HP 250R G9 C40LJAT,19590000,17990000,"Giảm 
8%",,,Hp,Business& Productivity,HP 250R,Core 5,Core 5 120U,8GB,SSD 512 GB,15.6 inches,Intel Graphics,,,https://cellphones.com.vn/laptop-hp-250r-g9-c40ljat.html,C40LJAT,No,Còn hàng
03/08/2026,10:25,CellPhone S,Laptop HP EliteBook X G1A 14 AI B9FE4PT,62290000,59590000,"Giảm 
4%",,,Hp,Business& Productivity,EliteBook,Ryzen 9 AI,Ryzen AI 9 HX PRO 375,32GB,SSD 1 TB,14 inches,AMD Radeon 890M Graphics,,,https://cellphones.com.vn/laptop-hp-elitebook-x-g1a-14-ai-b9fe4pt-ryzen-ai-9.html,B9FE4PT,No,Còn hàng
03/08/2026,10:25,CellPhone S,Laptop HP 14-EP1012TU D72CPPA,24390000,21990000,"Giảm 
10%",,,Hp,Business& Productivity,HP 14,Core 5,Core 5 120U,16GB,SSD 512 GB,14 inches,Intel Graphics,,,https://cellphones.com.vn/laptop-hp-14-ep1012tu-d72cppa.html,D72CPPA,No,Còn hàng
03/08/2026,10:25,CellPhone S,Laptop HP Omnibook 5 AI 16-AF1046TU BZ7Q8PA,28190000,26990000,"Giảm 
4%",,,Hp,Business& Productivity,OmniBook,Core Ultra 5,Core Ultra 5 225U,16GB,SSD 512 GB,16 inches,Intel Graphics,,,https://cellphones.com.vn/laptop-hp-omnibook-5-ai-16-af1046tu-bz7q8pa.html,BZ7Q8PA,No,Còn hàng
03/08/2026,10:25,CellPhone S,Laptop HP 15-FD0306TU A2NL7PA,,12490000,,,,Hp,Business& Productivity,HP 15,Core i3,Core i3 1315U,8GB,SSD 256 GB,15.6 inches,Intel UHD Graphics,,,https://cellphones.com.vn/laptop-hp-15-fd0306tu-a2nl7pa.html,A2NL7PA,No,Còn hàng
03/08/2026,10:25,CellPhone S,Laptop HP 250 G10 B1RY5PT,19290000,17890000,"Giảm 
7%",,,Hp,Business& Productivity,HP 250,Core i5,Core i5 1335U,8GB,SSD 512 GB,15.6 inches,Intel UHD Graphics,,,https://cellphones.com.vn/laptop-hp-250-g10-b1ry5pt.html,B1RY5PT,No,Còn hàng
03/08/2026,10:25,CellPhone S,Laptop HP 250R G10 C3SH6AT,19590000,18490000,"Giảm 
6%",,,Hp,Business& Productivity,HP 250R,Core 5,Core 5 120U,8GB,SSD 512 GB,15.6 inches,Intel Graphics,,,https://cellphones.com.vn/laptop-hp-250r-g10-c3sh6at.html,C3SH6AT,No,Còn hàng
03/08/2026,10:25,CellPhone S,Laptop HP ProBook 4 G1I 16 BQ5D8PT,34190000,32790000,"Giảm 
4%",,,Hp,Business& Productivity,Probook,Core Ultra 5,Core Ultra 5 225H,16GB,SSD 512 GB,16 inches,Intel Graphics,,,https://cellphones.com.vn/laptop-hp-probook-4-g1i-16-bq5d8pt.html,BQ5D8PT,No,Còn hàng
03/08/2026,10:25,CellPhone S,Laptop HP OmniBook 7 Aero 13-BG1085AU BZ7U6PA,33190000,30490000,"Giảm 
8%",,,Hp,Business& Productivity,OmniBook,Ryzen 7 AI,Ryzen AI 7 350,16GB LPDDR5x-7500 MT/s,SSD 512 GB,"13.3 inches, Độ phủ màu 100% sRGB Độ sáng 400 nits",AMD Radeon 860M,,,https://cellphones.com.vn/laptop-hp-omnibook-7-aero-13-bg1085au-bz7u6pa.html,BZ7U6PA,No,Còn hàng
03/08/2026,10:25,CellPhone S,Laptop HP EliteBook 6 G1I 13 BQ9M6PT,37590000,34990000,"Giảm 
7%",,,Hp,Business& Productivity,EliteBook,Core Ultra 7,Core Ultra 7 255U,16GB,SSD 512 GB,13.3 inches,Intel Graphics,,,https://cellphones.com.vn/laptop-hp-elitebook-6-g1i-13-bq9m6pt.html,BQ9M6PT,No,Còn hàng
03/08/2026,10:25,CellPhone S,Laptop HP ProBook 4 G1I 16 BQ5D9PT,36890000,33190000,"Giảm 
10%",,,Hp,Business& Productivity,Probook,Core Ultra 5,Core Ultra 5 225H,16GB,SSD 512 GB,16 inches,Intel Arc 130T GPU,,,https://cellphones.com.vn/laptop-hp-probook-4-g1i-16-bq5d9pt.html,BQ5D9PT,No,Còn hàng
03/08/2026,10:25,CellPhone S,Laptop HP 14-EP0220TU B73VWPA,,13490000,,,,Hp,Business& Productivity,HP 14,Core i3,Core i3 1315U,8GB,SSD 512 GB,14 inches,Intel UHD Graphics,,,https://cellphones.com.vn/laptop-hp-14-ep0220tu-b73vwpa.html,B73VWPA,No,Còn hàng
03/08/2026,10:25,CellPhone S,Laptop HP Omnibook 7 Aero 13-BG1083AU BZ7R9PA,37190000,34490000,"Giảm 
7%",,,Hp,Business& Productivity,OmniBook,Ryzen 7 AI,Ryzen AI 7 350,32GB,SSD 512 GB,13.3 inches,AMD Radeon 860M Graphics,,,https://cellphones.com.vn/laptop-hp-omnibook-7-aero-13-bg1083au-bz7r9pa-ryzen-ai-7.html,BZ7R9PA,No,Còn hàng
03/08/2026,10:25,CellPhone S,Laptop HP 15-FD0235TU 9Q970PA,19190000,15999000,"Giảm 
17%",,,Hp,Business& Productivity,HP 15,Core i5,Core i5 1334U,16GB,SSD 512 GB,15.6 inches,Intel Iris Xe,,,https://cellphones.com.vn/laptop-hp-15-fd0235tu-9q970pa.html,9Q970PA,No,Còn hàng
03/08/2026,10:25,CellPhone S,Laptop HP 250R G10 CC9C0PT,26390000,23990000,"Giảm 
9%",,,Hp,Business& Productivity,HP 250R,Core 7,Core 7 150U,16GB,SSD 512 GB,15.6 inches,Intel Graphics,,,https://cellphones.com.vn/laptop-hp-250r-g10-cc9c0pt.html,CC9C0PT,No,Còn hàng
03/08/2026,10:25,CellPhone S,Laptop HP 15-FC0086AU A6VV9PA,17590000,16090000,"Giảm 
9%",,,Hp,Business& Productivity,HP 15,Ryzen 5,Ryzen 5 7430U,16GB,SSD 512 GB,15.6 inches,AMD Radeon Graphics,,,https://cellphones.com.vn/laptop-hp-15-fc0086au-a6vv9pa.html,A6VV9PA,No,Còn hàng
03/08/2026,10:25,CellPhone S,Laptop HP Pavilion X360 14-EK2027TU 9Z2V9PA,,,,,,HP,,,,,,,,,,,https://cellphones.com.vn/laptop-hp-pavilion-x360-14-ek2027tu-9z2v9pa.html,,No,Chưa rõ
03/08/2026,10:25,CellPhone S,Laptop HP 14-EP1011TU 9Z2W3PA,,,,,,Hp,Business& Productivity,HP 14,Core 5,Core 5 120U,16GB DDR4 3200Mhz,512GB SSD PCIe (M.2 2280),"14 inches, Màn hình chống chói",,,,https://cellphones.com.vn/laptop-hp-14-ep1011tu-9z2w3pa.html,9Z2W3PA,No,Chưa rõ
03/08/2026,10:25,CellPhone S,Laptop HP Pavilion 15-EG3094TU 8C5L5PA V2,19990000,17990000,"Giảm 
10%",,,Hp,Business& Productivity,Pavilion,Core i5,Core i5 1335U,16GB DDR4 3200 MHz,512 GB SSD NVMe PCIe,"15.6 inches, Độ phủ màu 45% NTSC Màn hình chống chói Độ sáng 250 nits",Intel Iris Xe Graphics,,,https://cellphones.com.vn/laptop-hp-pavilion-15-eg3094tu-8c5l5pa-16gb.html,8C5L5PA,No,Còn hàng
03/08/2026,10:25,CellPhone S,Laptop HP 15-EF2126WM 4J771UA,13600000,11990000,"Giảm 
12%",,,Hp,Business& Productivity,HP 15,Ryzen 5,Ryzen 5 5500U,8GB 8GB DDR4-3200 MHz RAM (2 x 4GB),SSD 256 GB,"15.6 inches, Màn hình chống loá",AMD Radeon™ Graphics,,,https://cellphones.com.vn/laptop-hp-15-ef2126wm-4j771ua.html,4J771UA,No,Còn hàng
03/08/2026,10:25,CellPhone S,Laptop HP Pavilion 116-AF0054TU AY8C3PA,,,,,,Hp,Business& Productivity,Pavilion,Core Ultra 5,Core Ultra 5 125U,16GB LPDDR5 7467MHz Onboard,1TB SSD PCIe (M.2 2280),"16 inches, Màn hình chống chói",,,,https://cellphones.com.vn/laptop-hp-pavilion-16-af0054tu-ay8c3pa.html,AY8C3PA,No,Chưa rõ
03/08/2026,10:25,CellPhone S,Laptop HP Pavilion 15-EG2062TX 7C0W7PA,,,,,,HP,,,,,,,,,,,https://cellphones.com.vn/laptop-hp-pavilion-15-eg2062tx-7c0w7pa.html,,No,Chưa rõ
03/08/2026,10:25,CellPhone S,Laptop HP ProBook 450 G7 9LA52PA,,,,,,HP,,,,,,,,,,,https://cellphones.com.vn/laptop-hp-probook-450-g7-vga-2gb.html,,No,Chưa rõ
03/08/2026,10:25,CellPhone S,Laptop HP Pavilion 14-CE3013TU 8QN72PA,13490000,11990000,"Giảm 
11%",,,Hp,Business& Productivity,Pavilion,Core i3,Core i3 1005G1 ,,256GB SSD M.2 NVMe,"14 inches, 14"" ( 1920 x 1080 ) Full HD IPS không cảm ứng , HD webcam",,,,https://cellphones.com.vn/laptop-hp-pavilion-14-ce3013tu.html,8QN72PA,No,Còn hàng
03/08/2026,10:25,CellPhone S,Laptop HP 15-DY2095WM 47X70UA,,,,,,HP,,,,,,,,,,,https://cellphones.com.vn/laptop-hp-15-dy2095wm-47x70ua.html,,No,Chưa rõ
03/08/2026,10:25,CellPhone S,Laptop HP Envy X360 2IN2 2022,,,,,,Hp,Business& Productivity,Envy,Ryzen 5,Ryzen 5 5625U,8GB,SSD 256 GB,15.6 inches,AMD Radeon™ Graphics,,,https://cellphones.com.vn/laptop-hp-envy-x360-2in2-2022.html,2IN2 2022,No,Chưa rõ
03/08/2026,10:25,CellPhone S,Laptop HP EliteBook X Flip G1I 14 B9FR9PT AI,,,,,,HP,,,,,,,,,,,https://cellphones.com.vn/laptop-hp-elitebook-x-flip-g1i-14-b9fr9pt-ai.html,,No,Chưa rõ
03/08/2026,10:25,CellPhone S,Laptop HP EliteBook X Flip G1I B9FF4PT,,,,,,HP,,,,,,,,,,,https://cellphones.com.vn/laptop-hp-elitebook-x-flip-g1i-b9ff4pt.html,,No,Chưa rõ
03/08/2026,10:25,CellPhone S,Laptop HP Gaming VICTUS 16-D0291TX 5Z9R2PA,,,,,,HP,,,,,,,,,,,https://cellphones.com.vn/laptop-hp-gaming-victus-16-d0291tx-5z9r2pa.html,,No,Chưa rõ
03/08/2026,10:25,CellPhone S,Laptop HP Pavilion 15-EG2065TX 7C0Q3PA,16990000,15290000,"Giảm 
10%",,,Hp,Business& Productivity,Pavilion,Core i5,Core i5-1235U,8GB DDR4 3200MHz,SSD 256GB PCIe NVMe M.2,"15.6 inches, Display, 15.6 Inch FHD, IPS, 250nits, 45% NTSC, micro-edge BrightView",,,,https://cellphones.com.vn/laptop-hp-pavilion-15-eg2065tx-7c0q3pa.html,7C0Q3PA,No,Còn hàng
03/08/2026,10:25,CellPhone S,Laptop HP 15S FQ1111TU 193R0PA,,,,,,Hp,Business& Productivity,HP 15S,Core i3,Core i3 1005G1,4GB,SSD 256 GB,15.6 inches,Intel Graphics,,,https://cellphones.com.vn/laptop-hp-15s-fq1111tu-193r0pa.html,193R0PA,No,Chưa rõ
03/08/2026,10:25,CellPhone S,Laptop HP ENVY X360 13-BF0092TU 76V59PA,,,,,,HP,,,,,,,,,,,https://cellphones.com.vn/laptop-hp-envy-x360-13-bf0092tu-76v59pa.html,,No,Chưa rõ
03/08/2026,10:25,CellPhone S,Laptop HP Pavilion X360 14-EK0058TU 6L295PA,,,,,,HP,,,,,,,,,,,https://cellphones.com.vn/laptop-hp-pavilion-x360-14-ek0058tu-6l295pa.html,,No,Chưa rõ
03/08/2026,10:25,CellPhone S,Laptop HP Victus 15-FA2732TX B85LPPA,,,,,,HP,,,,,,,,,,,https://cellphones.com.vn/laptop-hp-victus-15-fa2732tx-b85lppa.html,,No,Chưa rõ
03/08/2026,10:25,CellPhone S,Laptop HP Pavilion 16-AF0053TU AY8C2PA,,,,,,HP,,,,,,,,,,,https://cellphones.com.vn/laptop-hp-pavilion-16-af0053tu-ay8c2pa.html,,No,Chưa rõ
03/08/2026,10:25,CellPhone S,Laptop HP OmniBook Ultra Flip 14-FH0095TU BZ7S2PA,,,,,,HP,,,,,,,,,,,https://cellphones.com.vn/laptop-hp-omnibook-ultra-flip-14-fh0095tu-bz7s2pa.html,,No,Chưa rõ
03/08/2026,10:25,CellPhone S,Laptop HP 240 G8 46J53PA,,,,,,Hp,Business& Productivity,HP 240,Core i3,Core i3 1005G1,8GB,SSD 512 GB,14 inches,Intel UHD Graphics 600,,,https://cellphones.com.vn/laptop-hp-240-g8-46j53pa.html,46J53PA,No,Chưa rõ
03/08/2026,10:25,CellPhone S,Laptop HP 15-AY071TU X3B53PA,,,,,,Hp,Business& Productivity,HP 15,Pentium,Pentium N3710,4GB,HDD 500GB,15.6 inches,Intel HD Graphics,,,https://cellphones.com.vn/laptop-hp-15-ay071tu-x3b53pa.html,AY071TU,No,Chưa rõ
03/08/2026,10:25,CellPhone S,Laptop HP Gaming Victus 16-E1104AX 7C0S9PA,,,,,,HP,,,,,,,,,,,https://cellphones.com.vn/laptop-hp-gaming-victus-16-e1104ax-7c0s9pa.html,,No,Chưa rõ
03/08/2026,10:25,CellPhone S,Laptop Lenovo LOQ Essential 15ARP10E 83S0000DVN,31990000,24990000,"Giảm 
22%",,,Lenovo,Gaming,LOQ,Ryzen 5,Ryzen 5 7535HS,16GB SODIMM DDR5-4800,SSD 512 GB,"15.6 inches, Độ sáng 300 nits Màn hình chống chói Độ phủ màu 100% sRGB AMD FreeSync",RTX 3050,6G,,https://cellphones.com.vn/laptop-lenovo-loq-essential-15arp10e-83s0000dvn.html,83S0000DVN,No,Còn hàng
03/08/2026,10:25,CellPhone S,Laptop Lenovo LOQ 15ARP10E 83S0007AVN,30490000,27990000,"Giảm 
8%",,,Lenovo,Gaming,LOQ,Ryzen 7,Ryzen 7 7735HS,16GB SODIMM DDR5-4800,SSD 512 GB,"15.6 inches, Độ sáng 300nits Màn hình chống chói Độ phủ màu 100% sRGB FreeSync",RTX 3050,6G,,https://cellphones.com.vn/laptop-lenovo-loq-15arp10e-83s0007avn.html,83S0007AVN,No,Còn hàng
03/08/2026,10:25,CellPhone S,Laptop Lenovo IdeaPad Slim 5 14IMH10 83V6001HVN,30990000,28990000,"Giảm 
6%",,,Lenovo,Business& Productivity,IdeaPad Slim 5,Core Ultra 5,Core Ultra 5 135H,32GB DDR5-5600,SSD 512 GB,"14 inches, Độ sáng 400nits Độ phủ màu 100% DCI-P3 DisplayHDR True Black 500",Intel Arc Graphics,,,https://cellphones.com.vn/laptop-lenovo-ideapad-slim-5-14imh10-83v6001hvn.html,83V6001HVN,No,Còn hàng
03/08/2026,10:25,CellPhone S,Laptop Lenovo IdeaPad Slim 3 14ARP10 83K600E9VN,23490000,18990000,"Giảm 
19%",,,Lenovo,Business& Productivity,IdeaPad Slim 3,Ryzen 5,Ryzen 5 7535HS,16GB SODIMM DDR5-4800,SSD 512 GB,"14 inches, Độ sáng 300nits Màn hình chống chói Độ phủ màu 45% NTSC",AMD Radeon 660M Graphics,,,https://cellphones.com.vn/laptop-lenovo-ideapad-slim-3-14arp10-83k600e9vn.html,83K600E9VN,No,Còn hàng
03/08/2026,10:25,CellPhone S,Laptop Lenovo Legion 5 15IRX10 83LY00HRVN,47490000,44990000,"Giảm 
5%",,,Lenovo,Gaming,Legion,Core i7,Core i7 13650HX,16GB SO-DIMM DDR5-4800,SSD 512 GB,"15.3 inches, Độ sáng 300nits Màn hình chống chói Độ phủ màu 100% sRGB Dolby Vision",RTX 5050,8G,,https://cellphones.com.vn/laptop-lenovo-legion-5-15irx10-83ly00hrvn.html,83LY00HRVN,No,Còn hàng
03/08/2026,10:25,CellPhone S,Laptop Lenovo LOQ 15ARP10E 83S000DEVN,34990000,27990000,"Giảm 
20%",,,Lenovo,Gaming,LOQ,Ryzen 7,Ryzen 7 170,16GB SODIMM DDR5-4800,SSD 512 GB,"15.6 inches, Độ sáng 300nits Màn hình chống chói Độ phủ màu 100% sRGB FreeSync",RTX 3050,6G,,https://cellphones.com.vn/laptop-lenovo-loq-15arp10e-83s000devn.html,83S000DEVN,No,Còn hàng
03/08/2026,10:25,CellPhone S,Laptop Lenovo ThinkPad E14 Gen 7 21SX005NVN,34990000,32990000,"Giảm 
6%",,,Lenovo,Business& Productivity,ThinkPad,Core Ultra 5,Core Ultra 5 225U,16GB SODIMM DDR5-5600,SSD 512 GB,"14 inches, Độ sáng 300 nits Màn hình chống chói Độ phủ màu 45% NTSC",Intel Graphics,,,https://cellphones.com.vn/laptop-lenovo-thinkpad-e14-gen-7-21sx005nvn.html,21SX005NVN,No,Còn hàng
03/08/2026,10:25,CellPhone S,Laptop Lenovo IdeaPad Slim 5 14AKP10 83HX00ABVN,28990000,26990000,"Giảm 
7%",,,Lenovo,Business& Productivity,IdeaPad Slim 5,Ryzen 5 AI,Ryzen AI 5 330,16GB SODIMM DDR5-5600,SSD 512 GB,"14 inches, Độ sáng 400nits Glossy Độ phủ màu 100% DCI-P3 DisplayHDR True Black 500",AMD Radeon 820M Graphics,,,https://cellphones.com.vn/laptop-lenovo-ideapad-slim-5-14akp10-83hx00abvn-ryzen-ai-5.html,83HX00ABVN,No,Còn hàng
03/08/2026,10:25,CellPhone S,Laptop Lenovo LOQ 15IRX9 83DV01H3VN,35490000,34990000,"Giảm 
1%",,,Lenovo,Gaming,LOQ,Core i7,Core i7 13645HX,16GB SODIMM DDR5-4800,SSD 512 GB,"15.6 inches, Độ sáng 300nits Màn hình chống chói Độ phủ màu 100% sRGB G-SYNC",RTX 4050,6G,,https://cellphones.com.vn/laptop-lenovo-loq-15irx9-83dv01h3vn.html,83DV01H3VN,No,Còn hàng
03/08/2026,10:25,CellPhone S,Laptop Lenovo LOQ 15AHP11 83TN0040VN,42990000,41990000,"Giảm 
2%",,,Lenovo,Gaming,LOQ,Ryzen 7,Ryzen 7 250,16GB DDR5-5600,SSD 512 GB,"15.3 inches, Độ sáng 300 nits Màn hình chống chói Độ phủ màu 100% sRGB AMD FreeSync NVIDIA G-Sync Low Blue Light",RTX 5050,8G,,https://cellphones.com.vn/laptop-lenovo-loq-15ahp11-83tn0040vn.html,83TN0040VN,No,Còn hàng
03/08/2026,10:25,CellPhone S,Laptop Lenovo LOQ 15IAX9E 83LK0079VN,23990000,21390000,"Giảm 
11%",,,Lenovo,Gaming,LOQ,Core i5,Core i5 12450H,16GB SO-DIMM DDR5-4800,SSD 512 GB,"15.6 inches, Độ sáng 300nits Màn hình chống chói Độ phủ màu 100% sRGB",RTX 3050,6G,,https://cellphones.com.vn/laptop-lenovo-loq-15iax9e-83lk0079vn.html,83LK0079VN,No,Còn hàng
03/08/2026,10:25,CellPhone S,Laptop Lenovo Legion 7 16IAX10 83KY001UVN,80990000,80290000,"Giảm 
1%",,,Lenovo,Gaming,Legion,Core Ultra 9,Core Ultra 9 275HX,32GB DDR5-5600,SSD 1 TB,"16 inches, Độ sáng 500nits (Điển hình) / 1100nits (Cao) Độ phủ màu 100% DCI-P3 DisplayHDR True Black 1000 Dolby Vision G-SYNC Ánh sáng xanh thấp Hiệu suất chơi game cao Không nhấp nháy",RTX 5060,8G,,https://cellphones.com.vn/laptop-lenovo-legion-7-16iax10-83ky001uvn.html,83KY001UVN,No,Còn hàng
03/08/2026,10:25,CellPhone S,Laptop Lenovo ThinkBook 14 G9 AHP 21V0005NVN,26990000,25990000,"Giảm 
4%",,,Lenovo,Business& Productivity,ThinkBook,Ryzen 5,Ryzen 5 220,16GB SODIMM DDR5-5600,SSD 512 GB,"14 inches, Độ sáng 400nits Màn hình chống chói Độ phủ màu 45% NTSC",AMD Radeon 740M Graphics,,,https://cellphones.com.vn/laptop-lenovo-thinkbook-14-g9-ahp-21v0005nvn.html,21V0005NVN,No,Còn hàng
03/08/2026,10:25,CellPhone S,Laptop Lenovo V15 G5 IRL 83HF00BRVA,20190000,17990000,"Giảm 
11%",,,Lenovo,Business& Productivity,Lenovo V15,Core i5,Core i5 13420H,8GB SODIMM DDR5-5200,SSD 512 GB,"15.6 inches, Độ sáng 300nits Màn hình chống chói Độ phủ màu 45% NTSC",Intel UHD Graphics,,,https://cellphones.com.vn/laptop-lenovo-v15-g5-irl-83hf00brva.html,83HF00BRVA,No,Còn hàng
03/08/2026,10:25,CellPhone S,Laptop Lenovo IdeaPad Slim 3 16IPH11 83US002TVN,33990000,29990000,"Giảm 
12%",,,Lenovo,Business& Productivity,IdeaPad Slim 3,Core Ultra 5,Intel Core Ultra 5 322,24GB DDR5-5600,SSD 512 GB,"16 inches, Độ sáng 400 nits Màn hình chống chói Độ phủ màu 45% NTSC",Intel Graphics,,,https://cellphones.com.vn/laptop-lenovo-ideapad-slim-3-16iph11-83us002tvn.html,83US002TVN,No,Còn hàng
03/08/2026,10:25,CellPhone S,Laptop Lenovo LOQ 15IRX10 83JE00PEVN,42990000,39990000,"Giảm 
7%",,,Lenovo,Gaming,LOQ,Core i7,Core i7 13650HX,16GB DDR5-4800,SSD 512 GB,"15.6 inches, Độ sáng 300nits Màn hình chống chói Độ phủ màu 100% sRGB G-SYNC",RTX 5050,8G,,https://cellphones.com.vn/laptop-lenovo-loq-15irx10-83je00pevn.html,83JE00PEVN,No,Còn hàng
03/08/2026,10:25,CellPhone S,Laptop Lenovo Legion 5 15AHP11 83Q7001JVN,58990000,53990000,"Giảm 
8%",,,Lenovo,Gaming,Legion,Ryzen 7,Ryzen 7 250,16GB SODIMM DDR5-5600,SSD 512 GB,"15.1 inches, Độ sáng 500 nits (typical), 1000 nits (peak) Độ phủ 100% DCI-P3 NVIDIA G-Sync DisplayHDR True Black 1000",RTX 5060,8G,,https://cellphones.com.vn/laptop-lenovo-legion-5-15ahp11-83q7001jvn.html,83Q7001JVN,No,Còn hàng
03/08/2026,10:25,CellPhone S,Laptop Lenovo Yoga Pro 7 15IPH11 83SN000BVN,77990000,76990000,"Giảm 
1%",,,Lenovo,Business& Productivity,Yoga,Core Ultra 7,Core Ultra 7 356H,32GB Soldered LPDDR5X-8533,SSD 1 TB,"15.3 inches, Độ sáng 500 nits (typical), 1100 nits (peak) Độ phủ màu 100% DCI-P3, 100% sRGB, 100% Adobe RGB Eyesafe Dolby Vision G-SYNC Flicker Free DisplayHDR True Black 1000 Hiệu chuẩn màu X-Rite PureSight Pro",RTX 5050,8G,,https://cellphones.com.vn/laptop-lenovo-yoga-pro-7-15iph11-83sn000bvn.html,83SN000BVN,No,Còn hàng
03/08/2026,10:25,CellPhone S,Laptop Lenovo ThinkBook 16 G9 IRL 21US008FVN,29990000,28290000,"Giảm 
6%",,,Lenovo,Business& Productivity,ThinkBook,Core i5,Core i5 13420H,16GB SODIMM DDR5-5200,SSD 512 GB,"16 inches, Độ sáng 400nits Màn hình chống chói Độ phủ màu 45% NTSC",Intel UHD Graphics,,,https://cellphones.com.vn/laptop-lenovo-thinkbook-16-g9-irl-21us008fvn.html,21US008FVN,No,Còn hàng
03/08/2026,10:25,CellPhone S,Laptop Lenovo Legion 5 15IRX10 83LY00HQVN,50490000,47990000,"Giảm 
5%",,,Lenovo,Gaming,Legion,Core i7,Core i7 13650HX,16GB SO-DIMM DDR5-4800,SSD 512 GB,"15.3 inches, Độ sáng 300nits Màn hình chống chói Độ phủ màu 100% sRGB Dolby Vision",RTX 5060,8G,,https://cellphones.com.vn/laptop-lenovo-legion-5-15irx10-83ly00hqvn.html,83LY00HQVN,No,Còn hàng
03/08/2026,10:25,CellPhone S,Laptop Lenovo IdeaPad Slim 3 14ARP10 83K600EAVN,25490000,20990000,"Giảm 
18%",,,Lenovo,Business& Productivity,IdeaPad Slim 3,Ryzen 7,Ryzen 7 7735HS,16GB SODIMM DDR5-4800,SSD 512 GB,"14 inches, Độ sáng 300nits Màn hình chống chói Độ phủ màu 45% NTSC",AMD Radeon 680M Graphics,,,https://cellphones.com.vn/laptop-lenovo-ideapad-slim-3-14arp10-83k600eavn.html,83K600EAVN,No,Còn hàng
03/08/2026,10:25,CellPhone S,Laptop Lenovo LOQ 15IRX10 83JE01AGVN,38490000,37490000,"Giảm 
3%",,,Lenovo,Gaming,LOQ,Core i7,Core i7 13645HX,16GB DDR5-5600,SSD 512 GB,"15.6 inches, Độ sáng 300nits Màn hình chống chói Độ phủ màu 100% sRGB G-SYNC",RTX 5050,8G,,https://cellphones.com.vn/laptop-lenovo-loq-15irx10-83je01agvn.html,83JE01AGVN,No,Còn hàng
03/08/2026,10:25,CellPhone S,Laptop Lenovo ThinkPad X9-15 Gen 1 Aura Edition 21Q60052VN,56990000,55990000,"Giảm 
2%",,,Lenovo,Business& Productivity,ThinkPad,Core Ultra 5,Core Ultra 5 228V,32GB LPDDR5x-8533 Onboard,SSD 1 TB,"15.3 inches, Chống phản chiếu / Chống vân tay Độ sáng 500nits Độ phủ màu 100% DCI-P3 VRR 30-120Hz DisplayHDR True Black 600 Dolby Vision",Intel Arc Graphics 130V,,,https://cellphones.com.vn/laptop-lenovo-thinkpad-x9-15-gen-1-aura-edition-21q60052vn.html,21Q60052VN,No,Còn hàng
03/08/2026,10:25,CellPhone S,Laptop Lenovo LOQ 15IRX9 83DV01ALVN,43990000,36990000,"Giảm 
16%",,,Lenovo,Gaming,LOQ,Core i7,Core i7 13650HX,16GB SO-DIMM DDR5-4800,SSD 512 GB,"15.6 inches, Độ sáng 300nits Màn hình chống chói Độ phủ màu 100% sRGB G-SYNC",RTX 4050,6G,,https://cellphones.com.vn/laptop-lenovo-loq-15irx9-83dv01alvn.html,83DV01ALVN,No,Còn hàng
03/08/2026,10:25,CellPhone S,Laptop Lenovo IdeaPad Slim 5 15ARP10 83J3001DVN,30990000,25490000,"Giảm 
18%",,,Lenovo,Business& Productivity,IdeaPad Slim 5,Ryzen 7,Ryzen 7 7735HS,16GB LPDDR5x-6400 Onboard,SSD 512 GB,"15.1 inches, Độ sáng 500nits Độ phủ màu 100% DCI-P3 DisplayHDR True Black 600",AMD Radeon 680M Graphics,,,https://cellphones.com.vn/laptop-lenovo-ideapad-slim-5-15arp10-83j3001dvn.html,83J3001DVN,No,Còn hàng
03/08/2026,10:25,CellPhone S,Laptop Lenovo IdeaPad Slim 5 14IMH10 83V6001GVN,24990000,23690000,"Giảm 
5%",,,Lenovo,Business& Productivity,IdeaPad Slim 5,Core Ultra 5,Core Ultra 5 135H,16GB DDR5-5600,SSD 512 GB,"14 inches, Độ sáng 400nits Độ phủ màu 100% DCI-P3 DisplayHDR True Black 500",Intel Arc Graphics,,,https://cellphones.com.vn/laptop-lenovo-ideapad-slim-5-14imh10-83v6001gvn.html,83V6001GVN,No,Còn hàng
03/08/2026,10:25,CellPhone S,Laptop Lenovo IdeaPad Slim 3 14IWC11 83RQ002PVN,22990000,19990000,"Giảm 
13%",,,Lenovo,Business& Productivity,IdeaPad Slim 3,Core 5,Core 5 320,8GB SODIMM DDR5-5600,"512GB SSD M.2 2242 PCIe 4.0x4 NVMe (Một ổ đĩa, SSD M.2 2242 dung lượng lên đến 1TB)","14 inches, Độ sáng 400 nits Màn hình chống chói Độ phủ màu 45% NTSC",Intel Graphics,,,https://cellphones.com.vn/laptop-lenovo-ideapad-slim-3-14iwc11-83rq002pvn.html,83RQ002PVN,No,Còn hàng
03/08/2026,10:25,CellPhone S,Laptop Lenovo Legion 7 16IAX10 83KY001VVN,85990000,84990000,"Giảm 
1%",,,Lenovo,Gaming,Legion,Core Ultra 9,Core Ultra 9 275HX,32GB DDR5-5600,SSD 1 TB,"16 inches, Độ sáng 500nits (Điển hình) / 1100nits (Cao) Độ phủ màu 100% DCI-P3 DisplayHDR True Black 1000 Dolby Vision G-SYNC Ánh sáng xanh thấp Hiệu suất chơi game cao Không nhấp nháy",RTX 5070,8G,,https://cellphones.com.vn/laptop-lenovo-legion-7-16iax10-83ky001vvn.html,83KY001VVN,No,Còn hàng
03/08/2026,10:25,CellPhone S,Laptop Lenovo IdeaPad Slim 3 15Q8X10 83N3002PVN,25990000,21490000,"Giảm 
17%",,,Lenovo,Business& Productivity,IdeaPad Slim 3,Snapdragon X,"Snapdragon X X1 26 100, 8C",16GB LPDDR5x-8448 Onboard,SSD 512 GB,"15.3 inches, Độ sáng 300nits Màn hình chống chói Độ phủ màu 45% NTSC",Qualcomm Adreno,,,https://cellphones.com.vn/laptop-lenovo-ideapad-slim-3-15q8x10-83n3002pvn.html,83N3002PVN,No,Còn hàng
03/08/2026,10:25,CellPhone S,Laptop Lenovo V14 G5 IRL 83HD0033VN,22990000,22490000,"Giảm 
2%",,,Lenovo,Business& Productivity,V14,Core 5,Core 5 210H,16GB SODIMM DDR5-5200,SSD 512 GB,"14 inches, Độ sáng 300nits Màn hình chống chói Độ phủ màu 45% NTSC",Intel Graphics,,,https://cellphones.com.vn/laptop-lenovo-v14-g5-irl-83hd0033vn.html,83HD0033VN,No,Còn hàng
03/08/2026,10:25,CellPhone S,Laptop Lenovo Yoga Slim 7 14IPH11 83QM002EVN,55990000,52990000,"Giảm 
5%",,,Lenovo,Business& Productivity,Yoga,Core Ultra 7,Core Ultra 7 355,32GB Soldered LPDDR5X-7467,SSD 1 TB,"14 inches, Độ sáng 400 nits (typical), 600 nits (peak) Độ phủ màu 100% DCI-P3, 100% sRGB Eyesafe Dolby Vision Flicker-Free DisplayHDR True Black 500 Hiệu chuẩn màu X-Rite",Intel Graphics,,,https://cellphones.com.vn/laptop-lenovo-yoga-slim-7-14iph11-83qm002evn.html,83QM002EVN,No,Còn hàng
03/08/2026,10:25,CellPhone S,Laptop Lenovo Yoga 7 2-in-1 14IPH11 83TC002JVN,54990000,53990000,"Giảm 
2%",,,Lenovo,Business& Productivity,Yoga,Core Ultra 7,Core Ultra 7 355,32GB LPDDR5X-7467 Onboard,SSD 1 TB,"14 inches, Màn hình OLED 400 nits (Glossy, chống bám vân tay) Độ phủ màu 100% DCI-P3, 100% sRGB Dolby Vision TÜV Low Blue Light",Intel Graphics,,,https://cellphones.com.vn/laptop-lenovo-yoga-7-2-in-1-14iph11-83tc002jvn.html,83TC002JVN,No,Còn hàng
03/08/2026,10:25,CellPhone S,Laptop Lenovo LOQ Essential 15IRX11 83SC003RVN,42990000,38990000,"Giảm 
9%",,,Lenovo,Gaming,LOQ,Core i5,Core i5 13450HX,16GB SO-DIMM DDR5-4800,SSD 512 GB,"15.6 inches, Độ sáng 300nits Độ phủ màu 100% sRGB Màn hình chống chói",RTX 5050,8G,,https://cellphones.com.vn/laptop-lenovo-loq-essential-15irx11-83sc003rvn.html,83SC003RVN,No,Còn hàng
03/08/2026,10:25,CellPhone S,Laptop Lenovo Yoga Slim 7 14AGP11 83QS001DVN,,37990000,,,,Lenovo,Business& Productivity,Yoga,Ryzen 7 AI,Ryzen AI 7 445,16GB Soldered LPDDR5X-8000,SSD 512 GB,"14 inches, Độ sáng 400 nits (typical), 600 nits (peak) Độ phủ màu 100% DCI-P3, 100% sRGB Eyesafe Dolby Vision Flicker Free DisplayHDR True Black 500 Hiệu chuẩn màu X-Rite",AMD Radeon 840M Graphics,,,https://cellphones.com.vn/laptop-lenovo-yoga-slim-7-14agp11-83qs001dvn-ryzen-ai-7.html,83QS001DVN,No,Còn hàng
03/08/2026,10:25,CellPhone S,Laptop Lenovo IdeaPad Slim 3 15ARP10 83K700YVVN,26990000,22790000,"Giảm 
16%",,,Lenovo,Business& Productivity,IdeaPad Slim 3,Ryzen 7,Ryzen 7 7735HS,16GB SODIMM DDR5-4800,SSD 512 GB,"15.3 inches, Độ sáng 300 nits Màn hình chống chói Độ phủ màu 45% NTSC",AMD Radeon 680M Graphics,,,https://cellphones.com.vn/laptop-lenovo-ideapad-slim-3-15arp10-83k700yvvn.html,83K700YVVN,No,Còn hàng
03/08/2026,10:25,CellPhone S,Laptop Lenovo ThinkPad E14 Gen 7 21T90029VN,43500000,43490000,"Giảm 
0%",,,Lenovo,Business& Productivity,ThinkPad,Core 7,Core 7 240H,32GB SODIMM DDR5-5600,SSD 512 GB,"14 inches, Độ sáng 300 nits Màn hình chống chói Độ phủ màu 45% NTSC",Intel Graphics,,,https://cellphones.com.vn/laptop-lenovo-thinkpad-e14-gen-7-21t90029vn.html,21T90029VN,No,Còn hàng
03/08/2026,10:25,CellPhone S,Laptop Lenovo ThinkPad X9-15 Gen 1 Aura Edition 21Q60050VN,,51990000,,,,Lenovo,Business& Productivity,ThinkPad,Core Ultra 5,Core Ultra 5 228V,"32GB LPDDR5x-8533, MoP Memory",SSD 512 GB,"15.3 inches, Chống chói / Chống vân tay Độ sáng 500nits Độ phủ màu 100% DCI-P3 DisplayHDR True Black 600 Dolby Vision",Intel Arc Graphics 130V,,,https://cellphones.com.vn/laptop-lenovo-thinkpad-x9-15-gen-1-21q60050vn.html,21Q60050VN,No,Còn hàng
03/08/2026,10:25,CellPhone S,Laptop Lenovo LOQ 15ARP10E 83S0004FVN,40990000,34990000,"Giảm 
15%",,,Lenovo,Gaming,LOQ,Ryzen 7,Ryzen 7 7735HS,16GB SODIMM DDR5-4800,SSD 512 GB,"15.6 inches, Độ sáng 300nits Màn hình chống chói Độ phủ màu 100% sRGB FreeSync",RTX 4050,6G,,https://cellphones.com.vn/laptop-lenovo-loq-15arp10e-83s0004fvn.html,83S0004FVN,No,Còn hàng
03/08/2026,10:25,CellPhone S,Laptop Lenovo IdeaPad Slim 5 14AGP11 83S1003GVN,44990000,37990000,"Giảm 
16%",,,Lenovo,Business& Productivity,IdeaPad Slim 5,Ryzen 7 AI,Ryzen AI 7 445,32GB SODIMM DDR5-5600,SSD 1 TB,"14 inches, Độ sáng 600 nits (Glossy) Độ phủ màu 100% DCI-P3 DisplayHDR True Black 500",AMD Radeon 840M Graphics,,,https://cellphones.com.vn/laptop-lenovo-ideapad-slim-5-14agp11-83s1003gvn-ryzen-ai-7.html,83S1003GVN,No,Còn hàng
03/08/2026,10:25,CellPhone S,Laptop Lenovo Legion 5 15IPH11 83RW0023VN,64990000,59990000,"Giảm 
8%",,,Lenovo,Gaming,Legion,Core Ultra 7,Core Ultra 7 356H,16GB SODIMM DDR5-5600,SSD 512 GB,"15.3 inches, Độ sáng 500 nits (typical), 1000 nits (peak) Độ phủ màu 100% DCI-P3 G-SYNC DisplayHDR True Black 1000",RTX 5060,8G,,https://cellphones.com.vn/laptop-lenovo-legion-5-15iph11-83rw0023vn.html,83RW0023VN,No,Còn hàng
03/08/2026,10:25,CellPhone S,Laptop Lenovo IdeaPad 5 2-in-1 14IPH11 83UG0026VN,32990000,29990000,"Giảm 
9%",,,Lenovo,Business& Productivity,IdeaPad 5 2-in-1,Core Ultra 5,Intel Core Ultra 5 322,16GB SODIMM DDR5-5600,SSD 512 GB,"14 inches, Độ sáng 400 nits Độ phủ màu 45% NTSC Low Blue Light (TÜV) Mặt kính (Glass)",Intel Graphics,,,https://cellphones.com.vn/laptop-lenovo-ideapad-5-2-in-1-14iph11-83ug0026vn.html,83UG0026VN,No,Còn hàng
03/08/2026,10:25,CellPhone S,Laptop Lenovo ThinkPad E16 Gen 3 21SR002NVN,25390000,24490000,"Giảm 
4%",,,Lenovo,Business& Productivity,ThinkPad,Core Ultra 5,Core Ultra 5 225H,16GB DDR5-5600,SSD 512 GB,"16 inches, Độ sáng 300nits Màn hình chống chói Độ phủ màu 45% NTSC",Intel Arc 130T tích hợp hoạt động như Intel Graphics,,,https://cellphones.com.vn/laptop-lenovo-thinkpad-e16-gen-3-21sr002nvn.html,21SR002NVN,No,Còn hàng
03/08/2026,10:25,CellPhone S,Laptop Lenovo LOQ 15IPH11 83SL000LVN,55990000,49990000,"Giảm 
11%",,,Lenovo,Gaming,LOQ,Core Ultra 7,Core Ultra 7 356H,16GB SODIMM DDR5-5600,SSD 512 GB,"15.3 inches, Độ sáng 300 nits Màn hình chống chói Độ phủ màu 100% sRGB FreeSync G-SYNC Low Blue Light",RTX 5060,8G,,https://cellphones.com.vn/laptop-lenovo-loq-15iph11-83sl000lvn.html,83SL000LVN,No,Còn hàng
03/08/2026,10:25,CellPhone S,Laptop Lenovo IdeaPad 5 2-in-1 14IPH11 83UG0027VN,37990000,35990000,"Giảm 
5%",,,Lenovo,Business& Productivity,IdeaPad 5 2-in-1,Core Ultra 7,Core Ultra 7 355,16GB SODIMM DDR5-5600,SSD 512 GB,"14 inches, Độ sáng 400 nits Độ phủ màu 45% NTSC Low Blue Light (TÜV) Mặt kính (Glass)",Intel Graphics,,,https://cellphones.com.vn/laptop-lenovo-ideapad-5-2-in-1-14iph11-83ug0027vn.html,83UG0027VN,No,Còn hàng
03/08/2026,10:25,CellPhone S,Laptop Lenovo IdeaPad Slim 5 OLED 15ARP10 83J3002SVN,39990000,28490000,"Giảm 
29%",,,Lenovo,Business& Productivity,IdeaPad Slim 5,Ryzen 7,Ryzen 7 7735HS,32GB LPDDR5x-6400,SSD 512 GB,"15.1 inches, DisplayHDR True Black 600 Độ phủ màu 100% DCI-P3 Độ sáng 500nits",AMD Radeon 680M Graphics,,,https://cellphones.com.vn/laptop-lenovo-ideapad-slim-5-15arp10-83j3002svn.html,83J3002SVN,No,Còn hàng
03/08/2026,10:25,CellPhone S,Laptop Lenovo LOQ Essential 15ARP10E 83S000DBVN,41490000,35490000,"Giảm 
14%",,,Lenovo,Gaming,LOQ,Ryzen 7,Ryzen 7 170,16GB SODIMM DDR5-4800,SSD 512 GB,"15.6 inches, Độ sáng 300 nits Màn hình chống chói Độ phủ màu 100% sRGB AMD FreeSync",RTX 4050,6G,,https://cellphones.com.vn/laptop-lenovo-loq-essential-15arp10e-83s000dbvn.html,83S000DBVN,No,Còn hàng
03/08/2026,10:25,CellPhone S,Laptop Lenovo ThinkBook 14 G8 IAL 21SJ00EAVN,,26990000,,,,Lenovo,Business& Productivity,ThinkBook,Core Ultra 5,Core Ultra 5 135H,16GB SODIMM DDR5-5600,SSD 512 GB,"14 inches, Độ sáng 300nits Màn hình chống chói Độ phủ màu 45% NTSC",Intel Arc Graphics,,,https://cellphones.com.vn/laptop-lenovo-thinkbook-14-g8-ial-21sj00eavn.html,21SJ00EAVN,No,Còn hàng
03/08/2026,10:25,CellPhone S,Laptop Lenovo LOQ 15IAX9 83GS000RVN,26990000,23990000,"Giảm 
11%",,,Lenovo,Gaming,LOQ,Core i5,Core i5 12450HX,16GB SO-DIMM DDR5-4800,SSD 512 GB,"15.6 inches, Độ sáng 300 nits Màn hình chống chói Độ phủ màu 100% sRGB G-SYNC",RTX 4050,6G,,https://cellphones.com.vn/laptop-lenovo-loq-15iax9-83gs000rvn.html,83GS000RVN,No,Còn hàng
03/08/2026,10:25,CellPhone S,Laptop Lenovo ThinkPad E14 Gen 7 21SX002UVN,24990000,24690000,"Giảm 
1%",,,Lenovo,Business& Productivity,ThinkPad,Core Ultra 5,Core Ultra 5 225H,16GB DDR5-5600,"512GB SSD M.2 2242 PCIe 4.0x4 NVMe Opal 2.0, tối đa 1TB","14 inches, Độ sáng 300nits Màn hình chống chói Độ phủ màu 45% NTSC",,,,https://cellphones.com.vn/laptop-lenovo-thinkpad-e14-gen-7-21sx002uvn.html,21SX002UVN,No,Còn hàng
03/08/2026,10:25,CellPhone S,Laptop Lenovo IdeaPad Slim 3 14IPH11 83UQ002GVN,32990000,29990000,"Giảm 
9%",,,Lenovo,Business& Productivity,IdeaPad Slim 3,Core Ultra 7,Core Ultra 7 355,16GB DDR5-5600,SSD 512 GB,"14 inches, Độ sáng 400nits Màn hình chống chói Độ phủ màu 45% NTSC",Intel Graphics,,,https://cellphones.com.vn/laptop-lenovo-ideapad-slim-3-14iph11-83uq002gvn.html,83UQ002GVN,No,Còn hàng
03/08/2026,10:25,CellPhone S,Laptop Lenovo LOQ 15IRX9 83DV012LVN,25490000,22990000,"Giảm 
10%",,,Lenovo,Gaming,LOQ,Core i5,Core i5 13450HX,12GB DDR5-4800,SSD 512 GB,"15.6 inches, Độ sáng 300nits Màn hình chống chói Độ phủ màu 100% sRGB G-SYNC",RTX 3050,6G,,https://cellphones.com.vn/laptop-lenovo-loq-15irx9-83dv012lvn.html,83DV012LVN,No,Còn hàng
03/08/2026,10:25,CellPhone S,Laptop Lenovo ThinkBook 14 G9 IRL 21UY008TVN,28990000,27790000,"Giảm 
4%",,,Lenovo,Business& Productivity,ThinkBook,Core i5,Core i5 13420H,16GB DDR5-5200,SSD 512 GB,"14 inches, Độ sáng 400nits Màn hình chống chói Độ phủ màu 45% NTSC",Intel UHD Graphics,,,https://cellphones.com.vn/laptop-lenovo-thinkbook-14-g9-irl-21uy008tvn.html,21UY008TVN,No,Còn hàng
03/08/2026,10:25,CellPhone S,Laptop Lenovo LOQ 15ARP9 83JC003VVN,,,,,,Lenovo,Gaming,LOQ,Ryzen 7,Ryzen 7 7435HS,12GB DDR5-4800,"512GB SSD M.2 2242 PCIe 4.0x4 NVMe (hai ổ đĩa SSD M.2 2242, nâng cấp tối đa 1TB)","15.6 inches, Độ sáng 300 inits Màn hình chống chói Độ phủ màu 100% sRGB G-Sync",RTX 4050,6G,,https://cellphones.com.vn/laptop-lenovo-loq-15arp9-83jc003vvn.html,83JC003VVN,No,Chưa rõ
03/08/2026,10:25,CellPhone S,Laptop Lenovo IdeaPad Slim 3 15ABR8 82XM00MDVN,14290000,12490000,"Giảm 
13%",,,Lenovo,Business& Productivity,IdeaPad Slim 3,Ryzen 5,Ryzen 5 5625U,16GB DDR4-3200,SSD 512 GB,"15.6 inches, Độ sáng 300nits Màn hình chống chói",AMD Radeon Graphics,,,https://cellphones.com.vn/laptop-lenovo-ideapad-slim-3-15abr8-82xm00mdvn.html,82XM00MDVN,No,Còn hàng
03/08/2026,10:25,CellPhone S,Laptop Lenovo IdeaPad Slim 3 14IWC11 83RQ002NVN,26490000,23990000,"Giảm 
9%",,,Lenovo,Business& Productivity,IdeaPad Slim 3,Core 5,Core 5 320,16GB SODIMM DDR5-5600,"512GB SSD M.2 2242 PCIe 4.0x4 NVMe (Một ổ đĩa, SSD M.2 2242 dung lượng lên đến 1TB)","14 inches, Độ sáng 400 nits Màn hình chống chói Độ phủ màu 45% NTSC",Intel Graphics,,,https://cellphones.com.vn/laptop-lenovo-ideapad-slim-3-14iwc11-83rq002nvn.html,83RQ002NVN,No,Còn hàng
03/08/2026,10:25,CellPhone S,Laptop Lenovo Yoga Slim 7 14IPH11 83QM0076VN,42990000,41990000,"Giảm 
2%",,,Lenovo,Business& Productivity,Yoga,Core Ultra 7,Core Ultra 7 355,16GB Soldered LPDDR5X-7467,"512GB SSD M.2 2242 PCIe 4.0x4 NVMe (Một ổ đĩa, SSD M.2 2242 dung lượng lên đến 2TB)","14 inches, Độ sáng 400 nits (thông thường), 600 nits (tối đa) Độ phủ màu 100% DCI-P3, 100% sRGB Chứng nhận Eyesafe Hỗ trợ Dolby Vision Chống nhấp nháy Chứng nhận DisplayHDR True Black 500 Hiệu chuẩn màu X-Rite",Intel Graphics,,,https://cellphones.com.vn/laptop-lenovo-yoga-slim-7-14iph11-83qm0076vn.html,83QM0076VN,No,Còn hàng
03/08/2026,10:25,CellPhone S,Laptop Lenovo V15 G4 IRU 83A100FYVN,15490000,13990000,"Giảm 
10%",,,Lenovo,Business& Productivity,Lenovo V15,Core i5,Core i5 13420H,16GB DDR4-3200 Onboard,512GB SSD M.2 2242 PCIe 4.0x4 NVMe (up to 1TB),"15.6 inches, Độ sáng 300nits Màn hình chống chói Độ phủ màu 45% NTSC",,,,https://cellphones.com.vn/laptop-lenovo-v15-g4-iru-83a100fyvn.html,83A100FYVN,No,Còn hàng
03/08/2026,10:25,CellPhone S,Laptop Lenovo ThinkPad E16 Gen 3 21SR00AAVN,27990000,26990000,"Giảm 
4%",,,Lenovo,Business& Productivity,ThinkPad,Core Ultra 5,Core Ultra 5 135H,16GB SODIMM DDR5-5600,SSD 512 GB,"16 inches, Độ sáng 300nits Màn hình chống chói Độ phủ màu 45% NTSC",Intel Arc Graphics,,,https://cellphones.com.vn/laptop-lenovo-thinkpad-e16-gen-3-21sr00aavn.html,21SR00AAVN,No,Còn hàng
03/08/2026,10:25,CellPhone S,Laptop Lenovo IdeaPad Slim 5 OLED 14AKP10 83HX001KVN,23090000,21990000,"Giảm 
5%",,,Lenovo,Business& Productivity,IdeaPad Slim 5,Ryzen 5 AI,Ryzen AI 5 340,24GB DDR5-4800,SSD 512 GB,"14 inches, Độ sáng 400nits Glossy Độ phủ màu 100% DCI-P3 DisplayHDR True Black 500",AMD Radeon 840M Graphics,,,https://cellphones.com.vn/laptop-lenovo-ideapad-slim-5-14akp10-83hx001kvn-ryzen-ai-5.html,83HX001KVN,No,Còn hàng
03/08/2026,10:25,CellPhone S,Laptop Lenovo ThinkPad E14 Gen 7 21U2003QVN,,28990000,,,,Lenovo,Business& Productivity,ThinkPad,Core Ultra 5,Core Ultra 5 226V,"16GB LPDDR5x-8533, MoP Memory",SSD 512 GB,"14 inches, Độ sáng 300nits Màn hình chống chói Độ phủ màu 45% NTSC",Intel Arc Graphics 130V,,,https://cellphones.com.vn/laptop-lenovo-thinkpad-e14-gen-7-21u2003qvn.html,21U2003QVN,No,Còn hàng
03/08/2026,10:25,CellPhone S,Laptop Lenovo IdeaPad Slim 3 14IPH11 83UQ003NVN,27990000,24990000,"Giảm 
11%",,,Lenovo,Business& Productivity,IdeaPad Slim 3,Core Ultra 5,Intel Core Ultra 5 322,16GB SODIMM DDR5-5600,SSD 512 GB,"14 inches, Độ sáng 400 nits Màn hình chống chói Độ phủ màu 45% NTSC",Intel Graphics,,,https://cellphones.com.vn/laptop-lenovo-ideapad-slim-3-14iph11-83uq003nvn.html,83UQ003NVN,No,Còn hàng
03/08/2026,10:25,CellPhone S,Laptop Lenovo ThinkPad E14 Gen 5 21JK00PEVN,22990000,20490000,"Giảm 
11%",,,Lenovo,Business& Productivity,ThinkPad,Core i5,Core i5-13420H,16GB DDR4-3200,"512GB SSD M.2 2242 PCIe 4.0x4 NVMe Opal 2.0 (Tối đa hai ổ đĩa, 2x M.2 SSD • M.2 2242 SSD tối đa 1TB mỗi ổ)","14 inches, Độ sáng 300nits Màn hình chống chói Độ phủ màu 45% NTSC",,,,https://cellphones.com.vn/laptop-lenovo-thinkpad-e14-gen-5-21jk00pevn.html,21JK00PEVN,No,Còn hàng
03/08/2026,10:25,CellPhone S,Laptop Lenovo IdeaPad Slim 5 14Q8X9 83HL000KVN,24990000,18490000,"Giảm 
26%",,,Lenovo,Business& Productivity,IdeaPad Slim 5,Snapdragon X,"Snapdragon X Plus X1P 42 100, 8C",16GB LPDDR5x-8448 Onboard,SSD 512 GB,"14 inches, Độ sáng 400nits Độ phủ màu 100% DCI-P3",Qualcomm Adreno,,,https://cellphones.com.vn/laptop-lenovo-ideapad-slim-5-14q8x9-83hl000kvn.html,83HL000KVN,No,Còn hàng
03/08/2026,10:25,CellPhone S,Laptop Lenovo IdeaPad Slim 5 14IPH11 83S5000DVN,32990000,29990000,"Giảm 
9%",,,Lenovo,Business& Productivity,IdeaPad Slim 5,Core Ultra 5,Intel Core Ultra 5 322,16GB SODIMM DDR5-5600,SSD 512 GB,"14 inches, Độ sáng 400 nits Độ phủ màu 100% DCI-P3 DisplayHDR True Black 500",Intel Graphics,,,https://cellphones.com.vn/laptop-lenovo-ideapad-slim-5-14iph11-83s5000dvn.html,83S5000DVN,No,Còn hàng
03/08/2026,10:25,CellPhone S,Laptop Lenovo LOQ 15AHP10 83JG0047VN,,36490000,,,,Lenovo,Gaming,LOQ,Ryzen 7,Ryzen 7 250,16GB SO-DIMM DDR5-5600,SSD 512 GB,"15.6 inches, Độ sáng 300nits Màn hình chống chói Độ phủ màu 100% sRGB G-SYNC",RTX 5050,8G,,https://cellphones.com.vn/laptop-lenovo-loq-15ahp10-83jg0047vn.html,83JG0047VN,No,Còn hàng
03/08/2026,10:25,CellPhone S,Laptop Lenovo ThinkPad E14 Gen 7 21SX0031VN,33990000,32490000,"Giảm 
4%",,,Lenovo,Business& Productivity,ThinkPad,Core Ultra 7,Core Ultra 7 255H,32GB SO-DIMM DDR5-5600,"512GB SSD M.2 2242 PCIe 4.0x4 NVMe Opal 2.0, tối đa 1TB","14 inches, Độ sáng 300nits Màn hình chống chói Độ phủ màu 45% NTSC",,,,https://cellphones.com.vn/laptop-lenovo-thinkpad-e14-gen-7-21sx0031vn.html,21SX0031VN,No,Còn hàng
03/08/2026,10:25,CellPhone S,Laptop Lenovo IdeaPad Slim 3 16ARP10 83K800GTVN,19990000,17690000,"Giảm 
12%",,,Lenovo,Business& Productivity,IdeaPad Slim 3,Ryzen 5,Ryzen 5 7535HS,16GB SODIMM DDR5-4800,SSD 512 GB,"16 inches, Độ sáng 300nits Màn hình chống chói Độ phủ màu 45% NTSC",AMD Radeon 660M Graphics,,,https://cellphones.com.vn/laptop-lenovo-ideapad-slim-3-16arp10-83k800gtvn.html,83K800GTVN,No,Còn hàng
03/08/2026,10:25,CellPhone S,Laptop Lenovo ThinkBook 16 G6 IRL 21KH00Q0VN,20490000,17290000,"Giảm 
16%",,,Lenovo,Business& Productivity,ThinkBook,Core i5,Core i5 13420H,16GB DDR5-5200,"512GB SSD M.2 2242 PCIe 4.0x4 NVMe (Tối đa hai ổ đĩa, SSD 2x M.2, nâng cấp tối đa 2TB)","16 inches, Độ sáng 300nits Màn hình chống chói Độ phủ màu 45% NTSC",Intel UHD Graphics,,,https://cellphones.com.vn/laptop-lenovo-thinkbook-16-g6-irl-21kh00q0vn.html,21KH00Q0VN,No,Còn hàng
03/08/2026,10:25,CellPhone S,Laptop Lenovo IdeaPad Slim 3 15IRH10 83K1000JVN,22990000,21390000,"Giảm 
7%",,,Lenovo,Business& Productivity,IdeaPad Slim 3,Core i7,Core i7 13620H,16GB DDR5-4800,SSD 512 GB,"15.3 inches, Độ sáng 300nits Màn hình chống chói Độ phủ màu 45% NTSC",Intel UHD Graphics,,,https://cellphones.com.vn/laptop-lenovo-ideapad-slim-3-15irh10-83k1000jvn.html,83K1000JVN,No,Còn hàng
03/08/2026,10:25,CellPhone S,Laptop Lenovo IdeaPad Slim 3 14IPH11 83UQ000JVN,27990000,23990000,"Giảm 
14%",,,Lenovo,Business& Productivity,IdeaPad Slim 3,Core Ultra 5,Intel Core Ultra 5 322,16GB 8GB Soldered DDR5-5600 + 8GB SODIMM DDR5-5600,SSD 512 GB,"14 inches, Độ sáng 400 nits Màn hình chống chói Độ phủ màu 45% NTSC",Intel Graphics,,,https://cellphones.com.vn/laptop-lenovo-ideapad-slim-3-14iph11-83uq000jvn.html,83UQ000JVN,No,Còn hàng
03/08/2026,10:25,CellPhone S,Laptop Lenovo IdeaPad Slim 5 14IRH10R 83J0006CVN,28990000,26990000,"Giảm 
7%",,,Lenovo,Business& Productivity,IdeaPad Slim 5,Core 5,Core 5 210H,32GB SO-DIMM DDR5-5600,SSD 1 TB,"14 inches, Độ sáng 400nits Độ phủ màu 100% DCI-P3 DisplayHDR True Black 500",Intel Graphics,,,https://cellphones.com.vn/laptop-lenovo-ideapad-slim-5-14irh10r-83j0006cvn.html,83J0006CVN,No,Còn hàng
03/08/2026,10:25,CellPhone S,Laptop Lenovo ThinkPad E14 Gen 7 21T90021VA,24890000,23990000,"Giảm 
4%",,,Lenovo,Business& Productivity,ThinkPad,Core 7,Core 7 240H,16GB SO-DIMM DDR5-5600,"512GB SSD M.2 2242 PCIe 4.0x4 NVMe Opal 2.0, tối đa 1TB","14 inches, Độ sáng 300nits Màn hình chống chói Độ phủ màu 45% NTSC",,,,https://cellphones.com.vn/laptop-lenovo-thinkpad-e14-gen-7-21t90021va.html,,No,Còn hàng
03/08/2026,10:25,CellPhone S,Laptop Lenovo V15 G5 IRL 83HF00BYVN,25590000,25290000,"Giảm 
1%",,,Lenovo,Business& Productivity,Lenovo V15,Core i5,Core i5 13420H,16GB SO-DIMM DDR5-5200,"512GB SSD M.2 2242 PCIe 4.0x4 NVMe (Một ổ đĩa, tối đa 1TB M.2 2242 SSD)","15.6 inches, Độ sáng 300nits Màn hình chống chói Độ phủ màu 45% NTSC",Intel UHD Graphics,,,https://cellphones.com.vn/laptop-lenovo-v15-g5-irl-83hf00byvn.html,83HF00BYVN,No,Còn hàng
03/08/2026,10:25,CellPhone S,Laptop Lenovo IdeaPad Slim 3 16IRH10 83K20004VN,24990000,23390000,"Giảm 
6%",,,Lenovo,Business& Productivity,IdeaPad Slim 3,Core i7,Core i7 13620H,24GB DDR5-4800,SSD 512 GB,"16 inches, Độ sáng 300nits Độ phủ màu 45% NTSC Màn hình chống chói",Intel UHD Graphics,,,https://cellphones.com.vn/laptop-lenovo-ideapad-slim-3-16irh10-83k20004vn.html,83K20004VN,No,Còn hàng
03/08/2026,10:25,CellPhone S,Laptop Lenovo ThinkPad E14 GEN 5 21JK00H5VN,22990000,19990000,"Giảm 
13%",,,Lenovo,Business& Productivity,ThinkPad,Core i5,Core i5-13420H,16GB DDR4-3200,512GB SSD M.2 2242 PCIe 4.0x4 NVMe Opal 2.0 ( nâng cấp tối đa 1TB),"14 inches, Độ sáng 300 inits Màn hình chống chói Độ phủ màu 45% NTSC",,,,https://cellphones.com.vn/laptop-lenovo-thinkpad-e14-gen-5-21jk00h5vn.html,21JK00H5VN,No,Còn hàng
03/08/2026,10:25,CellPhone S,Laptop Lenovo LOQ 15ARP9 83JC00HXVN,22990000,20490000,"Giảm 
11%",,,Lenovo,Gaming,LOQ,Ryzen 5,Ryzen 5 7235HS,12GB SO-DIMM DDR5-4800,SSD 512 GB,"15.6 inches, Độ sáng 300nits Màn hình chống chói Độ phủ màu 100% sRGB G-SYNC",RTX 3050,6G,,https://cellphones.com.vn/laptop-lenovo-loq-15arp9-83jc00hxvn.html,83JC00HXVN,No,Còn hàng
03/08/2026,10:25,CellPhone S,Laptop Lenovo Yoga Slim 7 14IMH9 83CV00D8VN,26990000,24590000,"Giảm 
9%",,,Lenovo,Business& Productivity,Yoga,Core Ultra 5,Core Ultra 5 125H,16GB LPDDR5-6400,SSD 1 TB,"14 inches, Độ sáng 400nits Độ phủ màu 100% DCI-P3 Eyesafe Dolby Vision DisplayHDR True Black 500",Intel Arc Graphics,,,https://cellphones.com.vn/laptop-lenovo-yoga-slim-7-14imh9-83cv00d8vn.html,83CV00D8VN,No,Còn hàng
03/08/2026,10:25,CellPhone S,Laptop Lenovo Yoga Slim 7 14IPH11 83QM002FVN,55990000,52990000,"Giảm 
5%",,,Lenovo,Business& Productivity,Yoga,Core Ultra 7,Core Ultra 7 355,32GB Soldered LPDDR5X-7467,SSD 1 TB,"14 inches, Độ sáng 400 nits (typical), 600 nits (peak) Độ phủ màu 100% DCI-P3, 100% sRGB Eyesafe Dolby Vision Flicker-Free DisplayHDR True Black 500 Hiệu chuẩn màu X-Rite",Intel Graphics,,,https://cellphones.com.vn/laptop-lenovo-yoga-slim-7-14iph11-83qm002fvn.html,83QM002FVN,No,Còn hàng
03/08/2026,10:25,CellPhone S,Laptop Lenovo ThinkPad E16 Gen 3 21SR002RVN,28390000,26990000,"Giảm 
5%",,,Lenovo,Business& Productivity,ThinkPad,Core Ultra 5,Core Ultra 5 225H,32GB DDR5-5600,SSD 1 TB,"16 inches, Độ sáng 300nits Màn hình chống chói Độ phủ màu 45% NTSC",Intel Arc 130T GPU,,,https://cellphones.com.vn/laptop-lenovo-thinkpad-e16-gen-3-21sr002rvn.html,21SR002RVN,No,Còn hàng
03/08/2026,10:25,CellPhone S,Laptop Lenovo ThinkPad E14 Gen 7 21T90025VN,35500000,35490000,"Giảm 
0%",,,Lenovo,Business& Productivity,ThinkPad,Core 7,Core 7 240H,16GB DDR5-5600,"512GB SSD M.2, hỗ trợ 2 khe (2242 & 2280) PCIe 4.0x4)","14 inches, Độ sáng 300nits Màn hình chống chói Độ phủ màu 45% NTSC",,,,https://cellphones.com.vn/laptop-lenovo-thinkpad-e14-gen-7-21t90025vn.html,21T90025VN,No,Còn hàng
03/08/2026,10:25,CellPhone S,Laptop Lenovo Yoga Slim 7 14AKP10 83JY006PVN,33990000,31990000,"Giảm 
6%",,,Lenovo,Business& Productivity,Yoga,Ryzen 7 AI,Ryzen AI 7 350,32GB LPDDR5-6400 Onboard,"1TB SSD M.2 2242 PCIe 4.0x4 NVMe (Một ổ đĩa, tối đa 1TB M.2 2242 SSD)","14 inches, Độ sáng 1100nits (đỉnh) / 500nits (điển hình) Độ phủ màu 100% DCI-P3 Eyesafe Dolby Vision DisplayHDR True Black 1000 X-Rite PureSight Pro",,,,https://cellphones.com.vn/laptop-lenovo-yoga-slim-7-14akp10-83jy006pvn-ryzen-ai.html,83JY006PVN,No,Còn hàng
03/08/2026,10:25,CellPhone S,Laptop Lenovo LOQ 15ARP9 83JC00M3VN,29490000,24890000,"Giảm 
16%",,,Lenovo,Gaming,LOQ,Ryzen 5,Ryzen 5 7235HS,16GB DDR5-4800,"1TB SSD M.2 2242 PCIe 4.0x4 NVMe (Hỗ trợ tối đa 2 ổ M.2 SSD, mỗi ổ M.2 2242 dung lượng đến 1TB)","15.6 inches, Độ sáng 300nits Màn hình chống chói Độ phủ màu 100% sRGB G-SYNC",RTX 3050,6G,,https://cellphones.com.vn/laptop-lenovo-loq-15arp9-83jc00m3vn.html,83JC00M3VN,No,Còn hàng
03/08/2026,10:25,CellPhone S,Laptop Lenovo LOQ 15ARP10E 83S0006QVN,37999000,24290000,"Giảm 
36%",,,Lenovo,Gaming,LOQ,Ryzen 7,Ryzen 7 7735HS,16GB SODIMM DDR5-4800,SSD 512 GB,"15.6 inches, Độ sáng 300nits Màn hình chống chói Độ phủ màu 100% sRGB FreeSync",RTX 3050,6G,,https://cellphones.com.vn/laptop-lenovo-loq-15arp10e-83s0006qvn.html,83S0006QVN,No,Còn hàng
03/08/2026,10:25,CellPhone S,Laptop Lenovo IdeaPad Slim 5 14AGP11 83S1006RVN,32990000,30990000,"Giảm 
6%",,,Lenovo,Business& Productivity,IdeaPad Slim 5,Ryzen 7 AI,Ryzen AI 7 445,16GB SODIMM DDR5-5600,SSD 512 GB,"14 inches, Độ sáng 400 nits Độ phủ màu 100% DCI-P3 DisplayHDR True Black 500",AMD Radeon 840M Graphics,,,https://cellphones.com.vn/laptop-lenovo-ideapad-slim-5-14agp11-83s1006rvn-ryzen-ai-7.html,83S1006RVN,No,Còn hàng
03/08/2026,10:25,CellPhone S,Laptop Lenovo IdeaPad Slim 3 15ABR8 82XM00MCVN,16190000,14490000,"Giảm 
11%",,,Lenovo,Business& Productivity,IdeaPad Slim 3,Ryzen 7,Ryzen 7 5825U,16GB DDR4-3200,SSD 512 GB,"15.6 inches, Màn hình chống chói",AMD Radeon Graphics,,,https://cellphones.com.vn/laptop-lenovo-ideapad-slim-3-15abr8-82xm00mcvn.html,82XM00MCVN,No,Còn hàng
03/08/2026,10:25,CellPhone S,Laptop Lenovo IdeaPad Slim 3 16IPH11 83US002WVN,32990000,29990000,"Giảm 
9%",,,Lenovo,Business& Productivity,IdeaPad Slim 3,Core Ultra 7,Core Ultra 7 355,16GB DDR5-5600,SSD 512 GB,"16 inches, Độ sáng 400 nits Màn hình chống chói Độ phủ màu 45% NTSC",Intel Graphics,,,https://cellphones.com.vn/laptop-lenovo-ideapad-slim-3-16iph11-83us002wvn.html,83US002WVN,No,Còn hàng
03/08/2026,10:25,CellPhone S,Laptop Lenovo IdeaPad Slim 3 16IRH10 83K20001VN,22990000,21090000,"Giảm 
8%",,,Lenovo,Business& Productivity,IdeaPad Slim 3,Core i7,Core i7 13620H,16GB DDR5-4800,SSD 512 GB,"16 inches, Độ sáng 300nits Độ phủ màu 45% NTSC Màn hình chống chói",Intel UHD Graphics,,,https://cellphones.com.vn/laptop-lenovo-ideapad-slim-3-16irh10-83k20001vn.html,83K20001VN,No,Còn hàng
03/08/2026,10:25,CellPhone S,Laptop Lenovo IdeaPad Slim 3 15IRH10 83K1000GVN,20990000,18590000,"Giảm 
11%",,,Lenovo,Business& Productivity,IdeaPad Slim 3,Core i5,Core i5 13420H,24GB DDR5-4800,SSD 512 GB,"15.3 inches, Độ sáng 300nits Màn hình chống chói Độ phủ màu 45% NTSC",Intel UHD Graphics,,,https://cellphones.com.vn/laptop-lenovo-ideapad-slim-3-15irh10-83k1000gvn.html,83K1000GVN,No,Còn hàng
03/08/2026,10:25,CellPhone S,Laptop Lenovo LOQ 15ARP9 83JC00LVVN,27490000,24390000,"Giảm 
11%",,,Lenovo,Gaming,LOQ,Ryzen 5,Ryzen 5 7235HS,16GB DDR5-4800,"512GB SSD M.2 2242 PCIe 4.0x4 NVMe, Hỗ trợ tối đa 2 ổ M.2 SSD (M.2 2242, tối đa 1TB mỗi ổ)","15.6 inches, Độ sáng 300nits Màn hình chống chói Độ phủ màu 100% sRGB G-SYNC",RTX 3050,6G,,https://cellphones.com.vn/laptop-lenovo-loq-15arp9-83jc00lvvn.html,83JC00LVVN,No,Còn hàng
03/08/2026,10:25,CellPhone S,Laptop Lenovo LOQ 15IAX9E 83LK0036VN,21990000,17990000,"Giảm 
18%",,,Lenovo,Gaming,LOQ,Core i5,Core i5-12450HX,12GB SO-DIMM DDR5-4800,"512GB SSD M.2 2242 PCIe 4.0x4 NVMe (Tối đa hai ổ đĩa, 2x M.2 SSD, nâng cấp tối đa 1TB)","15.6 inches, Độ sáng 300nits Màn hình chống chói Độ phủ màu 100% sRGB",RTX 3050,6G,,https://cellphones.com.vn/laptop-lenovo-loq-15iax9e-83lk0036vn.html,83LK0036VN,No,Còn hàng
03/08/2026,10:25,CellPhone S,Laptop Lenovo IdeaPad Slim 3 OLED 14IRH10 83K0000BVN,22490000,20590000,"Giảm 
8%",,,Lenovo,Business& Productivity,IdeaPad Slim 3,Core i5,Core i5 13420H,16GB DDR5-4800,SSD 512 GB,"14 inches, Độ sáng 400nits Độ phủ màu 100% DCI-P3",Intel UHD Graphics,,,https://cellphones.com.vn/laptop-lenovo-ideapad-slim-3-14irh10-83k0000bvn.html,83K0000BVN,No,Còn hàng
03/08/2026,10:25,CellPhone S,Laptop Lenovo IdeaPad Slim 5 OLED 14AKP10 83HX001JVN,31490000,28490000,"Giảm 
10%",,,Lenovo,Business& Productivity,IdeaPad Slim 5,Ryzen 7 AI,Ryzen AI 7 350,32GB DDR5-5600,SSD 1 TB,"14 inches, Độ sáng 400nits Glossy Độ phủ màu 100% DCI-P3 DisplayHDR True Black 500",AMD Radeon 860M Graphics,,,https://cellphones.com.vn/laptop-lenovo-ideapad-slim-5-14akp10-83hx001jvn-ryzen-ai-7.html,83HX001JVN,No,Còn hàng
03/08/2026,10:25,CellPhone S,Laptop Lenovo IdeaPad Slim 3 14IRH10 83K0000AVN,20990000,18590000,"Giảm 
11%",,,Lenovo,Business& Productivity,IdeaPad Slim 3,Core i5,Core i5 13420H,24GB DDR5-4800,SSD 512 GB,"14 inches, Độ sáng 300nits Màn hình chống chói Độ phủ màu 45% NTSC",Intel UHD Graphics,,,https://cellphones.com.vn/laptop-lenovo-ideapad-slim-3-14irh10-83k0000avn.html,83K0000AVN,No,Còn hàng
03/08/2026,10:25,CellPhone S,Laptop Lenovo IdeaPad Slim 3 14ARP10 83K600A8VN,23490000,18190000,"Giảm 
23%",,,Lenovo,Business& Productivity,IdeaPad Slim 3,Ryzen 5,Ryzen 5 7535HS,16GB DDR5-4800,SSD 512 GB,"14 inches, Màn hình chống chói Độ sáng 300nits Độ phủ màu 45% NTSC",AMD Radeon 660M Graphics,,,https://cellphones.com.vn/laptop-lenovo-ideapad-slim-3-14arp10-83k600a8vn.html,83K600A8VN,No,Còn hàng
03/08/2026,10:25,CellPhone S,Laptop MSI Cyborg 15 A13UC-2082VN,30690000,27990000,"Giảm 
9%",,,Msi,Gaming,Cyborg,Core i7,Core i7 13620H,16GB DDR5 5600,SSD 512 GB,15.6 inches,RTX 3050,4G,,https://cellphones.com.vn/laptop-msi-cyborg-15-a13uc-2082vn.html,2082VN,No,Còn hàng
03/08/2026,10:25,CellPhone S,Laptop MSI Katana 15 B13VEK-2440VN,35490000,34990000,"Giảm 
1%",,,Msi,Gaming,Katana,Core i7,Core i7 13620H,16GB DDR5 5200MHz,SSD 1 TB,"15.6 inches, Độ phủ màu 45% NTSC Màn hình chống chói",RTX 4050,6G,,https://cellphones.com.vn/laptop-msi-katana-15-b13vek-2440vn.html,2440VN,No,Còn hàng
03/08/2026,10:25,CellPhone S,Laptop MSI Modern 14 F13MG-466VN,21390000,19490000,"Giảm 
9%",,,Msi,Business& Productivity,Modern,Core i5,Core i5 1334U,24GB DDR4 3200 MHz,SSD 512 GB,"14 inches, Màn hình chống chói Độ sáng 250 nits",Intel Iris Xe Graphics,,,https://cellphones.com.vn/laptop-msi-modern-14-f13mg-466vn.html,466VN,No,Còn hàng
03/08/2026,10:25,CellPhone S,Laptop MSI Cyborg 15 A13UC-2088VN,27990000,25990000,"Giảm 
7%",,,Msi,Gaming,Cyborg,Core i5,Core i5 13420H,16GB DDR5-5600,SSD 512 GB,"15.6 inches, Màn hình chống chói",RTX 3050,4G,,https://cellphones.com.vn/laptop-msi-cyborg-15-a13uc-2088vn.html,2088VN,No,Còn hàng
03/08/2026,10:25,CellPhone S,Laptop MSI Katana 15 B13UDXK-2437VN,33490000,26990000,"Giảm 
19%",,,Msi,Gaming,Katana,Core i7,Core i7 13620H,16GB DDR5 5200Hz,SSD 1 TB,"15.6 inches, Màn hình chống chói",RTX 3050,6G,,https://cellphones.com.vn/laptop-msi-katana-15-b13udxk-2437vn.html,2437VN,No,Còn hàng
03/08/2026,10:25,CellPhone S,Laptop MSI Modern 15 F1MG-1225VN,21990000,19990000,"Giảm 
9%",,,Msi,Business& Productivity,Modern,Core 5,Core 5 120U,16GB DDR4-3200,SSD 512 GB,"15.6 inches, Màn hình chống chói Độ phủ màu 45% NTSC",Intel Graphics,,,https://cellphones.com.vn/laptop-msi-modern-15-f1mg-1225vn.html,1225VN,No,Còn hàng
03/08/2026,10:25,CellPhone S,Laptop MSI Prestige 13 AI+ Ukiyoe Edition A2VMG-075VN,,,,,,Msi,Business& Productivity,Prestige,Core Ultra 9,Core Ultra 9 288V,32GB LPDDR5X 8533MHz,SSD 2TB,"13.3 inches, Độ sáng 400 nits",Intel Arc 140V GPU (16GB),16G,,https://cellphones.com.vn/laptop-msi-prestige-13-ai-ukiyoe-edition-a2vmg-075vn.html,075VN,No,Chưa rõ
03/08/2026,10:25,CellPhone S,Laptop MSI Modern 14 F13MG-240VNCP,18990000,17490000,"Giảm 
8%",,,Msi,Business& Productivity,Modern,Core i5,Core i5 1335U,16GB DDR4-3200,SSD 512 GB,"14 inches, Độ sáng 250 nits Độ phủ màu 45% NTSC Màn hình chống chói",Intel Graphics,,,https://cellphones.com.vn/laptop-msi-modern-14-f13mg-240vncp.html,240VNCP,No,Còn hàng
03/08/2026,10:25,CellPhone S,Laptop MSI Stealth A16 AI+ A3XWFG-018VN,63690000,62990000,"Giảm 
1%",,,Msi,Gaming,Stealth,Ryzen 9 AI,Ryzen AI 9 HX 370,32GB DDR5 - 5600Mhz,SSD 1 TB,"16 inches, Độ phủ màu 100% DCI-P3 (Typ.)",RTX 5060,8G,,https://cellphones.com.vn/laptop-msi-stealth-a16-ai-a3xwfg-018vn-ryzen-ai-9.html,018VN,No,Còn hàng
03/08/2026,10:25,CellPhone S,Laptop MSI Cyborg 15 B13WEKG-676VN,37490000,33990000,"Giảm 
9%",,,Msi,Gaming,Cyborg,Core i5,Core i5 13420H,16GB DDR5-5600,SSD 512 GB,"15.6 inches, Màn hình chống chói",RTX 5050,8G,,https://cellphones.com.vn/laptop-msi-cyborg-15-b13wekg-676vn.html,676VN,No,Còn hàng
03/08/2026,10:25,CellPhone S,Laptop MSI Cyborg 15 B13WFKG-658VN,40490000,37990000,"Giảm 
6%",,,Msi,Gaming,Cyborg,Core i7,Core i7 13620H,16GB DDR5-5600,SSD 1 TB,"15.6 inches, Màn hình chống chói",RTX 5060,8G,,https://cellphones.com.vn/laptop-msi-cyborg-15-b13wfkg-658vn.html,658VN,No,Còn hàng
03/08/2026,10:25,CellPhone S,Laptop MSI Cyborg 15 A13VEK-2089VN,33990000,28990000,"Giảm 
15%",,,Msi,Gaming,Cyborg,Core i7,Core i7 13620H,16GB DDR5-5600,SSD 512 GB,"15.6 inches, Màn hình chống chói",RTX 4050,6G,,https://cellphones.com.vn/laptop-msi-cyborg-15-a13vek-2089vn.html,2089VN,No,Còn hàng
03/08/2026,10:25,CellPhone S,Laptop MSI Cyborg 15 B2RWEKG-402VN,35990000,35490000,"Giảm 
1%",,,Msi,Gaming,Cyborg,Core 5,Core 5 210H,16GB DDR5 5200MHz,SSD 512 GB,"15.6 inches, Độ phủ màu 45% NTSC Màn hình chống chói",RTX 5050,8G,,https://cellphones.com.vn/laptop-msi-cyborg-15-b2rwekg-402vn.html,402VN,No,Còn hàng
03/08/2026,10:25,CellPhone S,Laptop MSI Modern 14 F1MG-432VN,21990000,19990000,"Giảm 
9%",,,Msi,Business& Productivity,Modern,Core 5,Core 5 120U,16GB DDR4-3200,SSD 512 GB,"14 inches, Độ sáng: 250 nits Độ phủ màu: 45% NTSC Màn hình chống chói",Intel Graphics,,,https://cellphones.com.vn/laptop-msi-modern-14-f1mg-432vn.html,432VN,No,Còn hàng
03/08/2026,10:25,CellPhone S,Laptop MSI Modern 14 F13MG-466VN V2,18990000,15990000,"Giảm 
16%",,,Msi,Business& Productivity,Modern,Core i5,Core i5 1334U,8GB DDR4 3200 MHz,SSD 512 GB,"14 inches, Màn hình chống chói Độ sáng 250 nits",Intel Iris Xe Graphics,,,https://cellphones.com.vn/laptop-msi-modern-14-f13mg-466vn-v2.html,466VN,No,Còn hàng
03/08/2026,10:25,CellPhone S,Laptop MSI Stealth 16 AI+ B3WG-008VN,85990000,84590000,"Giảm 
2%",,,Msi,Gaming,Stealth,Core Ultra 9,Core Ultra 9 386H,32GB DDR5-7200,SSD 1 TB,"16 inches, Độ phủ màu 100% DCI-P3 typ",RTX 5070,16G,,https://cellphones.com.vn/laptop-msi-stealth-16-ai-b3wg-008vn.html,008VN,No,Còn hàng
03/08/2026,10:25,CellPhone S,Laptop MSI Venture 14 AI A1MG-005VN,,24490000,,,,Msi,Business& Productivity,Venture,Core Ultra 5,Core Ultra 5 125H,16GB DDR5-5600MHz,SSD 512 GB,"14 inches, Độ phủ màu 100% DCI-P3 Màn hình chống chói",Intel Arc graphics,,,https://cellphones.com.vn/laptop-msi-venture-14-ai-a1mg-005vn.html,005VN,No,Còn hàng
03/08/2026,10:25,CellPhone S,Laptop MSI Prestige 14 AI+ EVO C2VMG-020VN,35990000,33990000,"Giảm 
6%",,,Msi,Business& Productivity,Prestige,Core Ultra 7,Core Ultra 7 258V,32GB LPDDR5x-8533,SSD 1 TB,"14 inches, Độ phủ màu 100% DCI-P3 (typical) Độ sáng 400 nits Low Blue Light & Flicker-free chứng nhận bởi SGS",Intel Arc 140V GPU (16GB),16G,,https://cellphones.com.vn/laptop-msi-prestige-14-ai-evo-c2vmg-020vn.html,020VN,No,Còn hàng
03/08/2026,10:25,CellPhone S,Laptop MSI Prestige 14 AI+ D3MG-022VN,48990000,44590000,"Giảm 
9%",,,Msi,Business& Productivity,Prestige,Core Ultra 7,Core Ultra 7 355,32GB LPDDR5x On board,SSD 1 TB,"14 inches, Độ phủ màu 100% DCI-P3 (Điển hình) Độ sáng 300 nits Ánh sáng xanh thấp được chứng nhận bởi SGS",Intel Graphics,,,https://cellphones.com.vn/laptop-msi-prestige-14-ai-d3mg-022vn.html,022VN,No,Còn hàng
03/08/2026,10:25,CellPhone S,Laptop MSI Katana 15 HX B14WEK-027VN,49990000,45990000,"Giảm 
8%",,,Msi,Gaming,Katana,Core i7,Core i7 14650HX,32GB DDR5 5600MHz,SSD 512 GB,"15.6 inches, Độ phủ màu 100% DCI-P3 Màn hình chống chói",RTX 5050,8G,,https://cellphones.com.vn/laptop-msi-katana-15-hx-b14wek-027vn.html,027VN,No,Còn hàng
03/08/2026,10:25,CellPhone S,Laptop MSI Katana 15 B13UDXK-2269VN V2,26990000,23890000,"Giảm 
11%",,,Msi,Gaming,Katana,Core i7,Core i7 13620H,16GB DDR5-5200,SSD 1 TB,"15.6 inches, Màn hình chống chói",RTX 3050,6G,,https://cellphones.com.vn/laptop-msi-katana-15-b13udxk-2269vn-16gb.html,2269VN,No,Còn hàng
03/08/2026,10:25,CellPhone S,Laptop MSI Crosshair 16 HX AI D2XWGKG-034VN,59990000,57990000,"Giảm 
3%",,,Msi,Gaming,Crosshair,Core Ultra 7,Core Ultra 7 255HX,16GB DDR5 5600MHz,SSD 1 TB,16 inches,RTX 5070,8G,,https://cellphones.com.vn/laptop-msi-crosshair-16-hx-ai-d2xwgkg-034vn.html,034VN,No,Còn hàng
03/08/2026,10:25,CellPhone S,Laptop MSI Vector 16 HX AI A2XWHG-010VN,67490000,63990000,"Giảm 
5%",,,Msi,Gaming,Vector,Core Ultra 7,Core Ultra 7 255HX,16GB DDR5-5600,SSD 512 GB,"16 inches, Màn hình chống chói G to G 3ms Độ phủ màu 100% DCI-P3 Độ sáng 500 nits",RTX 5070 Ti,12G,,https://cellphones.com.vn/laptop-msi-vector-16-hx-ai-a2xwhg-010vn.html,010VN,No,Còn hàng
03/08/2026,10:25,CellPhone S,Laptop MSI Katana 15 HX B14WEK-286VN,41990000,35990000,"Giảm 
14%",,,Msi,Gaming,Katana,Core i5,Core i5 14450HX,16GB DDR5-5600,SSD 512 GB,"15.6 inches, Độ sáng 300 nits Độ phủ màu 100% DCI-P3",RTX 5050,8G,,https://cellphones.com.vn/laptop-msi-katana-15-hx-b14wek-286vn.html,286VN,No,Còn hàng
03/08/2026,10:25,CellPhone S,Laptop MSI Cyborg 15 C13WEO-417VN,36990000,35590000,"Giảm 
4%",,,Msi,Gaming,Cyborg,Core i7,Core i7 13620HX,16GB DDR4-3200,512GB*1 (1x M.2 SSD slot (NVMe PCIe Gen4) Max 2TB),"15.6 inches, Độ phủ màu 100% sRGB Màn hình chống chói Độ sáng 250 nits",RTX 5050,8G,,https://cellphones.com.vn/laptop-msi-cyborg-15-c13weo-417vn.html,417VN,No,Còn hàng
03/08/2026,10:25,CellPhone S,Laptop MSI Prestige 13 AI+ Evo A2VMG-040VN,,41990000,,,,Msi,Business& Productivity,Prestige,Core Ultra 7,Core Ultra 7 258V,32GB LPDDR5x-8533 Onboard,SSD 1 TB,"13.3 inches, Độ phủ màu 100% DCI-P3(Typical)",Intel Arc 140V GPU,,,https://cellphones.com.vn/laptop-msi-prestige-13-ai-evo-a2vmg-040vn.html,040VN,No,Còn hàng
03/08/2026,10:25,CellPhone S,Laptop MSI Prestige 13 AI+ A3MG-036VN,53990000,51990000,"Giảm 
4%",,,Msi,Business& Productivity,Prestige,Core Ultra 9,Core Ultra 9 386H,32GB LPDDR5x On board,SSD 1 TB,"13.3 inches, Độ phủ màu 100% DCI-P3 (Điển hình) Độ sáng 400 nits Ánh sáng xanh thấp được chứng nhận bởi SGS",Intel Graphics,,,https://cellphones.com.vn/laptop-msi-prestige-13-ai-a3mg-036vn.html,036VN,No,Còn hàng
03/08/2026,10:25,CellPhone S,Laptop MSI Vector A16 HX A8WHG-010VN,,55890000,,,,Msi,Gaming,Vector,Ryzen 9,Ryzen 9 8940HX,16GB DDR5-5600MHz,SSD 512 GB,"16 inches, Độ phủ màu 100% DCI-P3(Typical)",RTX 5070 Ti,12G,,https://cellphones.com.vn/laptop-msi-vector-a16-hx-a8whg-010vn.html,010VN,No,Còn hàng
03/08/2026,10:25,CellPhone S,Laptop MSI Gaming Alpha 15 B5EEK-205VN,20990000,20490000,"Giảm 
2%",,,Msi,Gaming,Alpha,Ryzen 7,Ryzen 7 5800H,16GB DDR4 3200MHz,512GB SSD M.2 NVMe,15.6 inches,,,,https://cellphones.com.vn/laptop-msi-gaming-alpha-15-b5eek-205vn.html,205VN,No,Còn hàng
03/08/2026,10:25,CellPhone S,Laptop MSI Prestige 16 AI+ Evo B2VMG-016VN,45990000,45290000,"Giảm 
2%",,,Msi,Business& Productivity,Prestige,Core Ultra 9,Core Ultra 9 288V,32GB LPDDR5x-8533 Onboard,SSD 1 TB,"16 inches, Độ phủ màu 100% DCI-P3(Typical)",Intel Arc 140V GPU,,,https://cellphones.com.vn/laptop-msi-prestige-16-ai-evo-b2vmg-016vn.html,016VN,No,Còn hàng
03/08/2026,10:25,CellPhone S,Laptop MSI Stealth 16 AI+ B3WF-007VN,79990000,78490000,"Giảm 
2%",,,Msi,Gaming,Stealth,Core Ultra 9,Core Ultra 9 386H,32GB DDR5-7200,SSD 1 TB,"16 inches, Độ phủ màu 100% DCI-P3 typ",RTX 5060,8G,,https://cellphones.com.vn/laptop-msi-stealth-16-ai-b3wf-007vn.html,007VN,No,Còn hàng
03/08/2026,10:25,CellPhone S,Laptop MSI Katana 15 HX B14WFK-025VN,45990000,39990000,"Giảm 
13%",,,Msi,Gaming,Katana,Core i7,Core i7 14650HX,16GB DDR5-5600,SSD 512 GB,"15.6 inches, Độ sáng 300 nits Độ phủ màu 100% DCI-P3",RTX 5060,8G,,https://cellphones.com.vn/laptop-msi-katana-15-hx-b14wfk-025vn.html,025VN,No,Còn hàng
03/08/2026,10:25,CellPhone S,Laptop MSI Modern 14 C13M-607VN,21490000,14490000,"Giảm 
33%",,,Msi,Business& Productivity,Modern,,,16GB DDR4 3200 MHz,512GB M.2 NVMe,"14 inches, Công nghệ màn hình FHD Độ sáng 300 nits Độ phủ màu 45% NTSC",,,,https://cellphones.com.vn/laptop-msi-modern-14-c13m-607vn.html,607VN,No,Còn hàng
03/08/2026,10:25,CellPhone S,Laptop MSI Gaming Alpha 15 B5EEK-205VN,20990000,20490000,"Giảm 
2%",,,Msi,Gaming,Alpha,Ryzen 7,Ryzen 7 5800H,16GB DDR4 3200MHz,512GB SSD M.2 NVMe,15.6 inches,,,,https://cellphones.com.vn/lalptop-msi-gaming-alpha-15-b5eek-205vn.html,205VN,No,Còn hàng
03/08/2026,10:25,CellPhone S,Laptop MSI Modern 14 C13M-608VN,18490000,12490000,"Giảm 
32%",,,Msi,Business& Productivity,Modern,Core i5,Core i5 1335U,16GB DDR4 Onboard 3200MHz,512GB NVMe PCIe Gen3x4 SSD,"14 inches, Độ phủ màu 45% NTSC",Intel Iris Xe Graphics,,,https://cellphones.com.vn/laptop-msi-modern-14-c13m-608vn.html,608VN,No,Còn hàng
03/08/2026,10:25,CellPhone S,Laptop MSI Modern 14 B5M 204VN,17990000,12490000,"Giảm 
31%",,,Msi,Business& Productivity,Modern,Ryzen 5,Ryzen 5 5500U,"8GB DDR4 8GB (1 x 8GB) 3200MHz; 1 slots, up to 32GB",SSD 512 GB,"14 inches, Chống chói, góc mở 180 độ",AMD Radeon Graphics,,,https://cellphones.com.vn/laptop-msi-modern-14-b5m-204vn.html,204VN,No,Còn hàng
03/08/2026,10:25,CellPhone S,Laptop MSI Modern 14 C13M-458VN,17990000,11990000,"Giảm 
33%",,,Msi,Business& Productivity,Modern,Core i5,Core i5 1335U,8GB DDR4 3200MHz Onboard,512GB SSD M.2 NVMe / 1 x M.2 NVMe,"14 inches, Chống chói, góc mở 180 độ",Intel Iris Xe Graphics,,,https://cellphones.com.vn/laptop-msi-modern-14-c13m-458vn.html,458VN,No,Còn hàng
03/08/2026,10:25,CellPhone S,Laptop MSI Modern 14 C7M-212VN,14490000,12190000,"Giảm 
16%",,,Msi,Business& Productivity,Modern,Ryzen 5,Ryzen 5-7530U,16GB,512GB NVMe PCIe Gen 3x4 SSD,"14 inches, Độ phủ màu 45% NTSC và 65% sRGB",AMD Radeon Graphics,,,https://cellphones.com.vn/laptop-msi-modern-14-c7m-212vn.html,212VN,No,Còn hàng
03/08/2026,10:25,CellPhone S,Laptop MSI Modern 14S G3MG-003VN,,,,,,Msi,Business& Productivity,Modern,Core 5,Core 5 320,16GB DDR5-5600,SSD 1 TB,"14 inches, Độ phủ màu 50% NTSC Chứng nhận giảm ánh sáng xanh & chống nhấp nháy bởi SGS SGS Eye Care Display",Intel Graphics,,,https://cellphones.com.vn/laptop-msi-modern-14s-g3mg-003vn.html,003VN,No,Chưa rõ
03/08/2026,10:25,CellPhone S,Laptop MSI Prestige 13 AI Evo A1MG-241VN,,30990000,,,,Msi,Business& Productivity,Prestige,Core Ultra 5,Core Ultra 5 125H,32GB LPDDR5X/ 8533MHz,SSD 512 GB,"13.3 inches, Màn hình bóng",Intel Arc Graphics,,,https://cellphones.com.vn/laptop-msi-prestige-13-ai-evo-a1mg-241vn.html,241VN,No,Còn hàng
03/08/2026,10:25,CellPhone S,Laptop MSI Modern 15 F13MG-082VN,,,,,,Msi,Business& Productivity,Modern,Core i5,Core i5 1335U,16GB DDR4 3200MHz,512GB SSD PCIe (M.2 2280),"15.6 inches, Màn hình chống chói",,,,https://cellphones.com.vn/laptop-msi-modern-15-f13mg-082vn.html,082VN,No,Chưa rõ
03/08/2026,10:25,CellPhone S,Laptop MSI Modern 15 H AI C2HMG-220VN,,,,,,MSI,,,,,,,,,,,https://cellphones.com.vn/laptop-msi-modern-15-h-ai-c2hmg-220vn.html,,No,Chưa rõ
03/08/2026,10:25,CellPhone S,Laptop MSI Prestige 14 Flip AI+ D3MTG-021VN,,,,,,MSI,,,,,,,,,,,https://cellphones.com.vn/laptop-msi-prestige-14-flip-ai-d3mtg-021vn.html,,No,Chưa rõ
03/08/2026,10:25,CellPhone S,Laptop MSI Modern 15 A5M 235VN,,,,,,MSI,,,,,,,,,,,https://cellphones.com.vn/laptop-msi-modern-15-a5m-235vn.html,,No,Chưa rõ
03/08/2026,10:25,CellPhone S,Laptop Gigabyte Gaming A16 GA6H-CMHH2VN893SH,30990000,25790000,"Giảm 
17%",,,Gigabyte,Gaming,Gaming A16,Core i5,Core i5 13420H,16GB DDR5 5200MHz,SSD 512 GB,"16 inches, Màn hình chống chói Độ phủ màu 45% NTSC",RTX 4050,6G,,https://cellphones.com.vn/laptop-gigabyte-gaming-a16-ga6h-cmhh2vn893sh.html,CMHH2VN893S,No,Còn hàng
03/08/2026,10:25,CellPhone S,Laptop Gigabyte Gaming A16 GA6H-CMHI2VN893SH,32990000,28990000,"Giảm 
12%",,,Gigabyte,Gaming,Gaming A16,Core i7,Core i7 13620H,16GB DDR5 - 5200MHz,SSD 512 GB,"16 inches, Màn hình chống chói Độ phủ màu 45% NTSC",RTX 4050,6G,,https://cellphones.com.vn/laptop-gigabyte-gaming-a16-ga6h-cmhi2vn893sh.html,CMHI2VN893S,No,Còn hàng
03/08/2026,10:25,CellPhone S,Laptop Gigabyte Gaming A16 GA6H-CTHH3VN893SH,36990000,32290000,"Giảm 
13%",,,Gigabyte,Gaming,Gaming A16,Core i5,Core i5 13420H,16GB DDR5 - 5200MHz,SSD 512 GB,"16 inches, Màn hình chống chói Độ sáng 300nits (typical)",RTX 5050,8G,,https://cellphones.com.vn/laptop-gigabyte-gaming-a16-ga6h-cthh3vn893sh.html,CTHH3VN893S,No,Còn hàng
03/08/2026,10:25,CellPhone S,Laptop Gigabyte Gaming A16 GA6H-CVHI3VN893SH,39990000,37290000,"Giảm 
7%",,,Gigabyte,Gaming,Gaming A16,Core i7,Core i7 13620H,16GB DDR5 - 5200MHz,SSD 512 GB,"16 inches, Màn hình chống chói Độ sáng 300nits (typical)",RTX 5060,8G,,https://cellphones.com.vn/laptop-gigabyte-gaming-a16-ga6h-cvhi3vn893sh.html,CVHI3VN893S,No,Còn hàng
03/08/2026,10:25,CellPhone S,Laptop Gigabyte Gaming A16 GA6H-CTHI3VN893SH,38990000,35290000,"Giảm 
9%",,,Gigabyte,Gaming,Gaming A16,Core i7,Core i7 13620H,16GB DDR5 5200MHz,SSD 512 GB,"16 inches, Màn hình chống chói Độ sáng 300nits (typical) Độ phủ màu 45% NTSC",RTX 5050,8G,,https://cellphones.com.vn/laptop-gigabyte-gaming-a16-ga6h-cthi3vn893sh.html,CTHI3VN893S,No,Còn hàng
03/08/2026,10:25,CellPhone S,Laptop Gigabyte Gaming A16 GA65H-5THP3VN893SH,33490000,32990000,"Giảm 
1%",,,Gigabyte,Gaming,Gaming A16,Ryzen 7,Ryzen 7 170,16GB DDR5 4800MHz,SSD 512 GB,"16 inches, Màn hình chống chói",RTX 5050,8G,,https://cellphones.com.vn/laptop-gigabyte-gaming-a16-ga65h-5thp3vn893sh.html,5THP3VN893S,No,Còn hàng
03/08/2026,10:25,CellPhone S,Laptop Gigabyte AERO X16 EG61H-X161VH93VNC94DH,43990000,41790000,"Giảm 
5%",,,Gigabyte,Gaming,AERO,Ryzen 7 AI,Ryzen AI 7 350,16GB DDR5 - 5600MHz,SSD 1 TB,"16 inches, Độ sáng 400nits (typical) Màn hình chống chói Độ phủ màu sRGB 100% Pantone Validated Ánh sáng xanh thấp của TÜV Rheinland",RTX 5060,8G,,https://cellphones.com.vn/laptop-gigabyte-aero-x16-eg61h-x161vh93vnc94dh-ryzen-ai-7.html,X161VH93VNC94DH,No,Còn hàng
03/08/2026,10:25,CellPhone S,Laptop Gigabyte G5 MF5-52VN353SH,,,,,,Gigabyte,,,,,,,,,,,https://cellphones.com.vn/laptop-gigabyte-g5-mf5-52vn353sh.html,,No,Chưa rõ
03/08/2026,10:25,CellPhone S,Laptop Gigabyte G5 MF5-9RC55MF5FEID91VN0D0,,,,,,Gigabyte,,,,,,,,,,,https://cellphones.com.vn/laptop-gigabyte-g5-mf5-9rc55mf5feid91vn0d0.html,,No,Chưa rõ
03/08/2026,10:25,CellPhone S,Laptop Gigabyte G5 KE-52VN263SH,,,,,,Gigabyte,,,,,,,,,,,https://cellphones.com.vn/laptop-gigabyte-g5-ke-52vn263sh.html,,No,Chưa rõ
03/08/2026,10:25,FPT Retail,Laptop Acer Aspire Go 14 AG14-72P-563L Core 5 120U,21990000,18990000,,,,Acer,Business& Productivity,Aspire Go,Core 5,Core 5 120U,16 GB (1 thanh 16 GB),SSD 512 GB,14 inch,Intel UHD Graphics,,,https://fptshop.com.vn/may-tinh-xach-tay/acer-aspire-go-14-ag14-72p-563l-core-5-120u,AG14-72P-563L,No,Còn hàng
03/08/2026,10:25,FPT Retail,Laptop HP 250R G9 Core 5 120U (C40LKAT),21990000,19790000,,,,Hp,Business& Productivity,HP 250R,Core 5,Core 5 120U,16 GB,SSD 512 GB,15.6 inch,Intel UHD Graphics,,,https://fptshop.com.vn/may-tinh-xach-tay/hp-250r-g9-core-5-120u-c40lkat,C40LKAT,No,Còn hàng
03/08/2026,10:25,FPT Retail,Laptop Asus Vivobook X1404VA-EB355W Core 7 150U,25990000,21490000,,,,Asus,Business& Productivity,Vivobook,Core 7,Core 7 150U,16 GB (2 thanh 8 GB),SSD 512 GB,14 inch,Intel Graphics,,,https://fptshop.com.vn/may-tinh-xach-tay/asus-vivobook-x1404va-eb355w-core-7-150u,X1404VA-EB355W,No,Còn hàng
03/08/2026,10:25,FPT Retail,Laptop Dell 15 DC15250 i5-1334U (71092479),22990000,21990000,,,,Dell,Business& Productivity,Dell 15,Core i5,Core i5 1334U,16 GB (1 thanh 16 GB),SSD 512 GB,15.6 inch,Intel UHD Graphics,,,https://fptshop.com.vn/may-tinh-xach-tay/dell-15-dc15250-i5-1334u-71092479,71092479,No,Còn hàng
03/08/2026,10:25,FPT Retail,MacBook Neo 13 8GB/256GB/20W,19490000,18790000,,,,Macbook,Business& Productivity,MacBook Neo,,A18 Pro Đang cập,8 GB Hãng không công bố,SSD 256,"13 inch, 2480 x 1506 Pixels, 60Hz",,,,https://fptshop.com.vn/may-tinh-xach-tay/macbook-neo-13-inch-8gb-256gb,,No,Còn hàng
03/08/2026,10:25,FPT Retail,Laptop Lenovo IdeaPad Slim 3 14ARP10 R5-7535HS (83K600E6VN),21990000,19950000,,,,Lenovo,Business& Productivity,IdeaPad Slim 3,Ryzen 5,Ryzen 5 7535HS,16 GB (1 thanh 16 GB),SSD 512 GB,14 inch,AMD Radeon 660M,,,https://fptshop.com.vn/may-tinh-xach-tay/lenovo-ideapad-slim-3-14arp10-r5-7535hs-83k600e6vn,83K600E6VN,No,Còn hàng
03/08/2026,10:25,FPT Retail,Laptop Acer Aspire Lite 14 AL14-52M-52UU i5-1335U,19990000,18690000,,,,Acer,Business& Productivity,Aspire Lite,Core i5,Core i5 1335U,16 GB,SSD 512 GB,14 inch,Intel UHD Graphics,,,https://fptshop.com.vn/may-tinh-xach-tay/acer-aspire-lite-14-al14-52m-52uu-i5-1335u,AL14-52M-52UU,No,Còn hàng
03/08/2026,10:25,FPT Retail,Laptop Colorful Rimbook L1 i5- 12450H/A10205500048,19990000,17290000,,,,Colorful,Business& Productivity,Rimbook L1,Core i5,Core i5 12450H,16 GB (1 thanh 16 GB) DDR4,SSD 512,"15.6 inch, 1920 x 1080 Pixels, 60 HzHz, 45% NTSC",,,,https://fptshop.com.vn/may-tinh-xach-tay/colorful-rimbook-l1-i5-12450h-a10205500048,,No,Còn hàng
03/08/2026,10:25,FPT Retail,MacBook Air 13 M5 2026 10CPU/8GPU/16GB/512GB/30W,35990000,35290000,,,,Macbook,Business& Productivity,MacBook Air,,M5 10,16 GB (1 thanh 16 GB) Hãng không công bố,SSD 512,"13.6 inch, 2560 x 1644 Pixels, 60 HzHz",,,,https://fptshop.com.vn/may-tinh-xach-tay/macbook-air-13-m5-2026-10cpu-8gpu-16gb-512gb,,No,Còn hàng
03/08/2026,10:25,FPT Retail,Laptop Lenovo Ideapad Slim 3 16ARP10 AMD Ryzen 5 7533HS (83K80017VN),22590000,19990000,,,,Lenovo,Business& Productivity,IdeaPad Slim 3,Ryzen 5,Ryzen 5 7533HS,24 GB,SSD 512 GB,16 inch,AMD Radeon 660M,,,https://fptshop.com.vn/may-tinh-xach-tay/lenovo-ideapad-slim-3-16arp10-amd-ryzen-5-7533hs-24gb-83k80017vn,83K80017VN,No,Còn hàng
03/08/2026,10:25,FPT Retail,Laptop Asus Vivobook X1607CA-MB980W Ultra 5 225H,25990000,21390000,,,,Asus,Business& Productivity,Vivobook,Core Ultra 5,Core Ultra 5 225H,16 GB,SSD 512 GB,16 inch,Intel Graphics,,,https://fptshop.com.vn/may-tinh-xach-tay/asus-vivobook-x1607ca-mb980w-ultra-5-225h,X1607CA-MB980W,No,Còn hàng
03/08/2026,10:25,FPT Retail,Laptop HP 15-fd1289TU Ultra 7-155H (C2CV8PA),26590000,23490000,,,,Hp,Business& Productivity,HP 15,Core Ultra 7,Core Ultra 7 155H,16 GB (2 thanh 8 GB),SSD 512 GB,15.6 inch,Intel Graphics,,,https://fptshop.com.vn/may-tinh-xach-tay/hp-15-fd1289tu-ultra-7-155h-c2cv8pa,C2CV8PA,No,Còn hàng
03/08/2026,10:25,FPT Retail,MacBook Pro 14 M5 2026 10CPU/10GPU/16GB/1TB/96W,55490000,53990000,,,,Macbook,Business& Productivity,MacBook Pro,,M5 10,16 GB Hãng không công bố,SSD 1,"14 inch, 3024 x 1964 Pixels, 120 HzHz",,,,https://fptshop.com.vn/may-tinh-xach-tay/macbook-pro-14-m5-2026-10cpu-10gpu-16gb-1tb-96w,,No,Còn hàng
03/08/2026,10:25,FPT Retail,Laptop Asus Vivobook M1502NAQ-BQ021W R5-150,18990000,18490000,,,,Asus,Business& Productivity,Vivobook,Ryzen 5,Ryzen 5 150,16 GB,SSD 512 GB,15.6 inch,AMD Radeon Graphics,,,https://fptshop.com.vn/may-tinh-xach-tay/asus-vivobook-m1502naq-bq021w-r5-150,M1502NAQ-BQ021W,No,Còn hàng
03/08/2026,10:25,FPT Retail,Laptop HP 14-em0024AU Ryzen 5-7520U (D0BG8PA),23990000,18890000,,,,Hp,Business& Productivity,HP 14,Ryzen 5,Ryzen 5 7520U,16 GB (1 thanh 16 GB),SSD 512 GB,14 inch,AMD Radeon 610M Graphics,,,https://fptshop.com.vn/may-tinh-xach-tay/hp-14-em0024au-ryzen-5-7520u-d0bg8pa,D0BG8PA,No,Còn hàng
03/08/2026,10:25,FPT Retail,Laptop Asus Vivobook Go 15 E1504FA-BQ340W R5-40,28490000,19690000,,,,Asus,Business& Productivity,Vivobook,Ryzen 5,Ryzen 5 40,16 GB (1 thanh 16 GB),SSD 512 GB,15.6 inch,AMD Radeon Graphics,,,https://fptshop.com.vn/may-tinh-xach-tay/asus-vivobook-go-15-e1504fa-bq340w-r5-40,E1504FA-BQ340W,No,Còn hàng
03/08/2026,10:25,FPT Retail,Laptop Acer Aspire 5 A515-58M-951T i9 13900H,23590000,21990000,,,,Acer,Business& Productivity,Aspire 5,Core i9,Core i9 13900H,16 GB (1 thanh 16 GB) DDR5,SSD 512 GB,"15.6 inch, 1920 x 1080 Pixels, 60 HzHz, 45% NTSC",Intel Iris Xe Graphics,,,https://fptshop.com.vn/may-tinh-xach-tay/acer-aspire-5-a515-58m-951t-i9-13900h,A515-58M-951T,No,Còn hàng
03/08/2026,10:25,FPT Retail,Laptop Colorful RimBook L1 i3-1220P/CA30016512C-S-E1AD,15990000,15490000,,,,Colorful,Business& Productivity,Rimbook L1,Core i3,Core i3 1220P,16 GB (1 thanh 16 GB) DDR4,SSD 512,"15.6 inch, 1920 x 1080 Pixels, 60 HzHz, 45% NTSC",Intel UHD Graphics,,,https://fptshop.com.vn/may-tinh-xach-tay/colorful-rimbook-l1-i3-1220p-ca30016512c-s-e1ad,,No,Còn hàng
03/08/2026,10:25,FPT Retail,Laptop MSI Modern 15 F1MG-1225VN Core 5-120U,22490000,19990000,,,,Msi,Business& Productivity,Modern,Core 5,Core 5 120U,16 GB (1 thanh 16 GB),SSD 512 GB,15.6 inch,Intel Graphics,,,https://fptshop.com.vn/may-tinh-xach-tay/msi-modern-15-f1mg-1225vn-core-5-120u,1225VN,No,Còn hàng
03/08/2026,10:25,FPT Retail,Laptop HP 250R G10 Core 5-120U (C3SH7AT),25190000,19790000,,,,Hp,Business& Productivity,HP 250R,Core 5,Core 5 120U,16 GB,SSD 512 GB,15.6 inch,Intel Graphics,,,https://fptshop.com.vn/may-tinh-xach-tay/hp-250r-g10-core-5-120u-c3sh7at,C3SH7AT,No,Còn hàng
03/08/2026,10:25,FPT Retail,Laptop Dell 15 DC15250 i5-1334U (CPH992),22990000,21990000,,,,Dell,Business& Productivity,Dell 15,Core i5,Core i5 1334U,16 GB (1 thanh 16 GB),SSD 512 GB,15.6 inch,Intel Iris Xe Graphics,,,https://fptshop.com.vn/may-tinh-xach-tay/dell-15-dc15250-i5-1334u-cph992,CPH992,No,Còn hàng
03/08/2026,10:25,FPT Retail,Laptop HP OmniBook 5 AI 16-af1048TU Ultra 5-225U (BZ7Q9PA),27790000,25490000,,,,Hp,Business& Productivity,OmniBook,Core Ultra 5,Core Ultra 5 225U,16 GB (1 thanh 16 GB),SSD 512 GB,16 inch,Intel Graphics,,,https://fptshop.com.vn/may-tinh-xach-tay/hp-omnibook-5-ai-16-af1048tu-ultra-5-225u-bz7q9pa,BZ7Q9PA,No,Còn hàng
03/08/2026,10:25,FPT Retail,Laptop Lenovo IdeaPad Slim 3 15ARP10 R5 7533HS (83K70019VN),21490000,20490000,,,,Lenovo,Business& Productivity,IdeaPad Slim 3,Ryzen 5,Ryzen 5 7533HS,24 GB,SSD 512 GB,15.3 inch,AMD Radeon 680M Graphics,,,https://fptshop.com.vn/may-tinh-xach-tay/lenovo-ideapad-slim-3-15arp10-r5-7533hs-83k70019vn,83K70019VN,No,Còn hàng
03/08/2026,10:25,FPT Retail,Laptop Acer Swift Lite 14 AI SFL14-51M-78XZ Ultra 7 155U,22590000,20990000,,,,Acer,Business& Productivity,Swift,Core Ultra 7,Core Ultra 7 155U,16 GB (2 thanh 8 GB),SSD 512 GB,14 inch,Intel Arc Graphics,,,https://fptshop.com.vn/may-tinh-xach-tay/acer-swift-lite-14-ai-sfl14-51m-78xz-u7-155u,SFL14-51M-78XZ,No,Còn hàng
03/08/2026,10:25,FPT Retail,Laptop Lenovo IdeaPad Slim 3 14IWC11 Core 5 320 (83RQ002PVN),25990000,19790000,,,,Lenovo,Business& Productivity,IdeaPad Slim 3,Core 5,Core 5 320,8 GB DDR5,SSD 512,"14 inch, 1920 x 1200 Pixels, 0 Hãng không công bốHz, 45% NTSC",,,,https://fptshop.com.vn/may-tinh-xach-tay/lenovo-ideapad-slim-3-14iwc11-83rq002pvn,83RQ002PVN,No,Còn hàng
03/08/2026,10:25,FPT Retail,Laptop Dell 14 DC14255 AI R5 330 (DC4A5330W1),32990000,32490000,,,,Dell,Business& Productivity,Dell 14,Ryzen 5 AI ,Ryzen AI 5 330,16 GB (1 thanh 16 GB) DDR5,SSD 512,"14 inch, 1920 x 1200 Pixels, 60Hz, 45% NTSC",,,,https://fptshop.com.vn/may-tinh-xach-tay/dell-14-dc14255-ai-r5-330-dc4a5330w1,,No,Còn hàng
03/08/2026,10:25,FPT Retail,Laptop HP 14-ep1012TU Core 5 120U (D72CPPA),24390000,21990000,,,,Hp,Business& Productivity,HP 14,Core 5,Core 5 120U,16 GB (1 thanh 16 GB) DDR4,SSD 512 GB,"14 inch, 1920 x 1080 Pixels, 0 Hãng không công bốHz",Intel Graphics,,,https://fptshop.com.vn/may-tinh-xach-tay/hp-14-ep1012tu-core-5-120u-d72cppa,D72CPPA,No,Còn hàng
03/08/2026,10:25,FPT Retail,Laptop HP ProBook 4 G1ah 14 R5-220 (C40JNAT),26890000,23490000,,,,Hp,Business& Productivity,Probook,Ryzen 5,Ryzen 5 220,16 GB (1 thanh 16 GB),SSD 512 GB,14 inch,AMD Radeon 740M Graphics,,,https://fptshop.com.vn/may-tinh-xach-tay/hp-probook-4-g1ah-14-r5-220,C40JNAT,No,Còn hàng
03/08/2026,10:25,FPT Retail,Laptop HP OmniBook 7 14-fr0033TU Ultra 5-225U (C1MN2PA),28790000,26990000,,,,Hp,Business& Productivity,OmniBook,Core Ultra 5,Core Ultra 5 225U,16 GB,SSD 512 GB,14 inch,Intel Graphics,,,https://fptshop.com.vn/may-tinh-xach-tay/hp-omnibook-7-14-fr0033tu-ultra-5-225u-c1mn2pa,C1MN2PA,No,Còn hàng
03/08/2026,10:25,FPT Retail,Laptop Lenovo Gaming LOQ - 15IRX9 i7-13650HX (83DV01ALVN),42990000,37590000,,,,Lenovo,Gaming,LOQ,Core i7,Core i7 13650HX,16 GB (1 thanh 16 GB) DDR5,SSD 512 GB,"15.6 inch, 1920 x 1080 Pixels, 144 HzHz, 100% sRGB",RTX 4050,6G,,https://fptshop.com.vn/may-tinh-xach-tay/lenovo-gaming-loq-15irx9-i7-13650hx-83dv01alvn,83DV01ALVN,No,Còn hàng
03/08/2026,10:25,FPT Retail,Laptop HP 250R G10 Core 7 150U (CC9C0PT),26390000,23990000,,,,Hp,Business& Productivity,HP 250R,Core 7,Core 7 150U,16 GB (1 thanh 16 GB),SSD 512 GB,15.6 inch,Intel Iris Xe Graphics,,,https://fptshop.com.vn/may-tinh-xach-tay/hp-250r-g10-core-7-150u-cc9c0pt,CC9C0PT,No,Còn hàng
03/08/2026,10:25,FPT Retail,Laptop Acer Aspire Go 14 AI AG14-I71M-50AL U5 125H,24990000,23990000,,,,Acer,Business& Productivity,Aspire Go,Core Ultra 5,Core Ultra 5 125H,16 GB LPDDR5X,SSD 512,"14 inch, 1920 x 1200 Pixels, 0 Hãng không công bốHz, 45% NTSC",,,,https://fptshop.com.vn/may-tinh-xach-tay/acer-aspire-go-14-ai-ag14-i71m-50al-u5-125h,AG14-I71M-50AL,No,Còn hàng
03/08/2026,10:25,FPT Retail,Laptop Lenovo IdeaPad Slim 3 14IWC11 Core 5 320 (83RQ002NVN),28990000,23990000,,,,Lenovo,Business& Productivity,IdeaPad Slim 3,Core 5,Core 5 320,16 GB DDR5,SSD 512,"14 inch, 1920 x 1200 Pixels, 0 Hãng không công bốHz, 45% NTSC",,,,https://fptshop.com.vn/may-tinh-xach-tay/lenovo-ideapad-slim-3-14iwc11-83rq002nvn,83RQ002NVN,No,Còn hàng
03/08/2026,10:25,FPT Retail,Laptop Asus Vivobook S14 S3407QA-SF043W Qualcomm X1-26-100,25990000,21490000,,,,Asus,Business& Productivity,Vivobook,Snapdragon X,Snapdragon X Series X1 26 100,16 GB DDR5,SSD 512 GB,"14 inch, 1920 x 1200 Pixels, 60Hz",Qualcomm Adreno GPU,,,https://fptshop.com.vn/may-tinh-xach-tay/asus-vivobook-s14-s3407qa-sf043w-qualcomm-x1-26-100,S3407QA-SF043W,No,Còn hàng
03/08/2026,10:25,FPT Retail,Laptop Lenovo Gaming LOQ Essential 15ARP10E R5-7535HS (83S0000DVN),30990000,24990000,,,,Lenovo,Gaming,LOQ,Ryzen 5,Ryzen 5 7535HS,16 GB (1 thanh 16 GB),SSD 512 GB,15.6 inch,RTX 3050,6G,,https://fptshop.com.vn/may-tinh-xach-tay/lenovo-gaming-loq-essential-15arp10e-r5-7535hs-83s0000dvn,83S0000DVN,No,Còn hàng
03/08/2026,10:25,FPT Retail,Laptop Lenovo IdeaPad Slim 3 16IPH11 U7 355 (83US002WVN),30990000,29990000,,,,Lenovo,Business& Productivity,IdeaPad Slim 3,Core Ultra 7,Core Ultra 7 355,16 GB (2 thanh 8 GB) DDR5,SSD 512 GB,"16 inch, 1920 x 1200 Pixels, 60Hz, 45% NTSC",Intel Graphics,,,https://fptshop.com.vn/may-tinh-xach-tay/lenovo-ideapad-slim-3-16iph11-u7-355-83us002wvn,83US002WVN,No,Còn hàng
03/08/2026,10:25,FPT Retail,Laptop Asus Vivobook S14 M3407GA-SF030W Ryzen AI 7 445,30990000,27590000,,,,Asus,Business& Productivity,Vivobook,Ryzen 7 AI,Ryzen AI 7 445,16 GB,SSD 512 GB,14 inch,AMD Radeon Graphics,,,https://fptshop.com.vn/may-tinh-xach-tay/asus-vivobook-s14-m3407ga-sf030w-ryzen-ai-7-445,M3407GA-SF030W,No,Còn hàng
03/08/2026,10:25,FPT Retail,Laptop Asus TUF Gaming FA607NUG-RL129W R7-7445HS,28990000,27990000,,,,Asus,Gaming,TUF,Ryzen 7,Ryzen 7 7445HS,16 GB (1 thanh 16 GB),SSD 512 GB,16 inch,RTX 4050,6G,,https://fptshop.com.vn/may-tinh-xach-tay/asus-tuf-gaming-fa607nug-rl129w-r7-7445hs,FA607NUG-RL129W,No,Còn hàng
03/08/2026,10:25,FPT Retail,Laptop HP OmniBook 5 AI 16-af1046TU Ultra 5-225U (BZ7Q8PA),28790000,26990000,,,,Hp,Business& Productivity,OmniBook,Core Ultra 5,Core Ultra 5 225U,16 GB (1 thanh 16 GB) LPDDR5X,SSD 512 GB,"16 inch, 1920 x 1200 Pixels, 0 Hãng không công bốHz, 95% DCI-P3",Intel Graphics,,,https://fptshop.com.vn/may-tinh-xach-tay/hp-omnibook-5-ai-16-af1046tu-ultra-5-225u-bz7q8pa,BZ7Q8PA,No,Còn hàng
03/08/2026,10:25,FPT Retail,Laptop HP OmniBook 5 16-ag1067AU Ryzen Al 7 350 (BZ7U5PA),30190000,27990000,,,,Hp,Business& Productivity,OmniBook,Ryzen 7 AI,Ryzen AI 7 350,16 GB LPDDR5,SSD 512 GB,"16 inch, 1920 x 1200 Pixels, 0 Hãng không công bốHz",AMD Radeon Graphics,,,https://fptshop.com.vn/may-tinh-xach-tay/hp-omnibook-5-16-ag1067au-ryzen-al-7-350-bz7u5pa,BZ7U5PA,No,Còn hàng
03/08/2026,10:25,FPT Retail,Laptop Gigabyte Gaming A16-CMHH2VN893SH i5-13420H,26990000,25990000,,,,Gigabyte,Gaming,Gaming A16,Core i5,Core i5 13420H,16 GB (1 thanh 16 GB),SSD 512 GB,16 inch,RTX 4050,6G,,https://fptshop.com.vn/may-tinh-xach-tay/gigabyte-gaming-a16-cmhh2vn893sh-i5-13420h,CMHH2VN893S,No,Còn hàng
03/08/2026,10:25,FPT Retail,MacBook Air 13 M5 2026 10CPU/10GPU/24GB/512GB/70W,41490000,40490000,,,,Macbook,Business& Productivity,MacBook Air,,M5 10,24 GB (1 thanh 24 GB) Hãng không công bố,SSD 512,"13.6 inch, 2560 x 1644 Pixels, 60 HzHz",,,,https://fptshop.com.vn/may-tinh-xach-tay/macbook-air-13-m5-2026-10cpu-10gpu-24gb-512gb-70w,,No,Còn hàng
03/08/2026,10:25,FPT Retail,Laptop Lenovo IdeaPad Slim 5 14IPH11 U5 322 (83S5000DVN),32990000,29990000,,,,Lenovo,Business& Productivity,IdeaPad Slim 5,Core Ultra 5,Core Ultra 5 322,16 GB (2 thanh 8 GB) DDR5,SSD 512 GB,"14 inch, 1920 x 1200 Pixels, 60Hz, 45% NTSC",Intel Graphics,,,https://fptshop.com.vn/may-tinh-xach-tay/lenovo-ideapad-slim-5-14iph11-u5-322-83s5000dvn,83S5000DVN,No,Còn hàng
03/08/2026,10:25,FPT Retail,Laptop HP EliteBook 6 G1i Core Ultra 5 225H (BQ9M9PT),39990000,30990000,,,,Hp,Business& Productivity,EliteBook,Core Ultra 5,Core Ultra 5 225H,16 GB DDR5,SSD 512,"14 inch, 1920 x 1200 Pixels, 0 Hãng không công bốHz",Intel Arc 130T GPU,,,https://fptshop.com.vn/may-tinh-xach-tay/hp-elitebook-6-g1i-core-ultra-5-225h-bq9m9pt,BQ9M9PT,No,Còn hàng
03/08/2026,10:25,FPT Retail,Laptop Lenovo V15 G5 IRL Intel Core I5 13420H (83HF00BYVN),25990000,24990000,,,,Lenovo,Business& Productivity,Lenovo V15,Core i5,Core i5 13420H,16 GB (2 thanh 8 GB) DDR5,SSD 512,"15.6 inch, 1920 x 1080 Pixels, 0 Hãng không công bốHz, 45% NTSC",Intel UHD Graphics,,,https://fptshop.com.vn/may-tinh-xach-tay/lenovo-v15-g5-irl-intel-core-i5-13420h,83HF00BYVN,No,Còn hàng
03/08/2026,10:25,FPT Retail,MacBook Air 13 M5 2026 10CPU/8GPU/16GB/512GB/70W,36590000,35590000,,,,Macbook,Business& Productivity,MacBook Air,,,16 GB (1 thanh 16 GB) Hãng không công bố,SSD 512,"13.6 inch, 2560 x 1644 Pixels, 60 HzHz",,,,https://fptshop.com.vn/may-tinh-xach-tay/macbook-air-13-m5-2026-10cpu-8gpu-16gb-512gb-70w,,No,Còn hàng
03/08/2026,10:25,FPT Retail,Laptop HP OmniBook 5 Flip X360 14-fp0055TU Core 7-150U (BZ7Q4PA),32990000,30490000,,,,Hp,Business& Productivity,OmniBook,Core 7,Core 7 150U,24 GB (2 thanh 12GB) LPDDR5,SSD 512 GB,"14 inch, 1920 x 1200 Pixels, 0 Hãng không công bốHz, 62.5% SRGB",Intel Graphics,,,https://fptshop.com.vn/may-tinh-xach-tay/hp-omnibook-5-flip-x360-14-fp0055tu-core-7-150u-bz7q4pa,BZ7Q4PA,No,Còn hàng
03/08/2026,10:25,FPT Retail,Laptop Lenovo IdeaPad 5 2-in-1 14IPH11 U5-322 (83UG0026VN),32490000,30590000,,,,Lenovo,Business& Productivity,IdeaPad 5 2-in-1,Core Ultra 5,Core Ultra 5 322,16 GB (2 thanh 8 GB) DDR5,SSD 512 GB,"14 inch, 1920 x 1200 Pixels, 60 HzHz, 45% NTSC",Intel Graphics,,,https://fptshop.com.vn/may-tinh-xach-tay/lenovo-ideapad-5-2-in-1-14iph11-u5-322-83ug0026vn,83UG0026VN,No,Còn hàng
03/08/2026,10:25,FPT Retail,MacBook Neo 13 8GB/512GB/Touch ID/20W,21990000,21290000,,,,Macbook,Business& Productivity,MacBook Neo,,,8 GB Hãng không công bố,SSD 512,,,,,https://fptshop.com.vn/may-tinh-xach-tay/macbook-neo-13-inch-8gb-512gb,,No,Còn hàng
03/08/2026,10:25,FPT Retail,Laptop HP Victus 15-fa2451TX i5-13420H (D17WPPA),31990000,27490000,,,,Hp,Gaming,VICTUS,Core i5,Core i5 13420H,16 GB (1 thanh 16 GB) DDR5,SSD 512 GB,"15.6 inch, 1920 x 1080 Pixels, 144Hz, 62.5% SRGB",RTX 4050,6G,,https://fptshop.com.vn/may-tinh-xach-tay/hp-victus-15-fa2451tx-i5-13420h,D17WPPA,No,Còn hàng
03/08/2026,10:25,FPT Retail,Laptop Asus Vivobook S14 M3407KA-SF034W Ryzen AI 5 330,33990000,26890000,,,,Asus,Business& Productivity,Vivobook,,,,,,,,,https://fptshop.com.vn/may-tinh-xach-tay/asus-vivobook-s14-m3407ka-sf034w-ryzen-ai-5-330,M3407KA-SF034W,No,Còn hàng
03/08/2026,10:25,FPT Retail,Laptop Dell 15 DC15250 i7 1355U (71084747),24990000,23490000,,,,Dell,Business& Productivity,Dell 15,Core i7,Core i7 1355U,16 GB (1 thanh 16 GB),SSD 512 GB,15.6 inch,Intel UHD Graphics,,,https://fptshop.com.vn/may-tinh-xach-tay/dell-15-dc15250-i7-1355u-71084747,71084747,No,Còn hàng
03/08/2026,10:25,FPT Retail,Laptop Dell 16 DC16251 Core 7 150U (DC6C7557W1),36990000,34990000,,,,Dell,Business& Productivity,Dell 16,Core 7,Core 7 150U,16 GB,1GB SSD,16 inch,Intel Graphics,,,https://fptshop.com.vn/may-tinh-xach-tay/dell-16-dc16251-core7-150u-dc6c7557w1,DC6C7557W1,No,Còn hàng
03/08/2026,10:25,FPT Retail,Laptop HP OmniBook 7 Aero 13-bg1083AU Ryzen Al 7 350 (BZ7R9PA),37190000,34490000,,,,Hp,Business& Productivity,OmniBook,Ryzen 7 AI,Ryzen AI 7 350,32 GB LPDDR5,SSD 512 GB,"13.3 inch, 1920 x 1200 Pixels, 0 Hãng không công bốHz",AMD Radeon Graphics,,,https://fptshop.com.vn/may-tinh-xach-tay/hp-omnibook-7-aero-13-bg1083au-ryzen-al-7-350-bz7r9pa,BZ7R9PA,No,Còn hàng
03/08/2026,10:25,FPT Retail,Laptop HP OmniBook X Flip 14-fk0082AU AMD Ryzen Al 7 350 (BZ7N8PA),40890000,37490000,,,,Hp,Business& Productivity,OmniBook,Ryzen 7 AI,Ryzen AI 7 350,32 GB (2 thanh 16 GB) LPDDR5X,SSD 1,"14 inch, 1920 x 1200 Pixels, 60 HzHz, 62.5% SRGB",AMD Radeon 860M Graphics,,,https://fptshop.com.vn/may-tinh-xach-tay/hp-omnibook-x-flip-14-fk0082au-amd-ryzen-al-7-350-bz7n8pa,BZ7N8PA,No,Còn hàng
03/08/2026,10:25,FPT Retail,Laptop HP 14-em0086AU R5-7520U (835T9PA),23990000,18890000,,,,Hp,Business& Productivity,HP 14,Ryzen 5,Ryzen 5 7520U,16 GB LPDDR5,SSD 512 GB,"14 inch, 1920 x 1080 Pixels, 60 HzHz, 45% NTSC",AMD Radeon Graphics,,,https://fptshop.com.vn/may-tinh-xach-tay/hp-14-em0086au-r5-7520u,835T9PA,No,Còn hàng
03/08/2026,10:25,FPT Retail,Laptop Asus Vivobook M1407GA-LY270W Ryzen AI 7 445,26990000,23690000,,,,Asus,Business& Productivity,Vivobook,Ryzen 7 AI,Ryzen AI 7 445,16 GB DDR5,SSD 512 GB,"14 inch, 1920 x 1200 Pixels, 60 HzHz",AMD Radeon Graphics,,,https://fptshop.com.vn/may-tinh-xach-tay/asus-vivobook-m1407ga-ly270w-ryzen-ai-7-445,M1407GA-LY270W,No,Còn hàng
03/08/2026,10:25,FPT Retail,MacBook Pro 16 M5 Pro 2026 18CPU/20GPU/24GB/1TB/140W,81990000,80990000,,,,Macbook,Business& Productivity,MacBook Pro,,M5 Pro Đang cập,24 GB (1 thanh 24 GB) Hãng không công bố,SSD 1,"16.2 inch, 3456 x 2234 Pixels, 120 HzHz",,,,https://fptshop.com.vn/may-tinh-xach-tay/macbook-pro-16-m5-pro-2026-18cpu-20gpu-24gb-1tb,,No,Còn hàng
03/08/2026,10:25,FPT Retail,Laptop HP OmniBook 7 14-fs0042TU Core 5 210H (C1MP3PA),30190000,27990000,,,,Hp,Business& Productivity,OmniBook,Core 5,Core 5 210H,24 GB (2 thanh 12GB) LPDDR5,SSD 512,"14 inch, 1920 x 1200 Pixels, 60 HzHz, 62.5% SRGB",Intel Graphics,,,https://fptshop.com.vn/may-tinh-xach-tay/hp-omnibook-7-14-fs0042tu-core-5-210h-c1mp3pa,C1MP3PA,No,Còn hàng
03/08/2026,10:25,FPT Retail,Laptop Colorful Rimbook S1 i5 12450H (A10208000034),19990000,17290000,,,,Colorful,Business& Productivity,Rimbook S1,Core i5,Core i5 12450H,16 GB (1 thanh 16 GB) LPDDR4,SSD 512,"14 inch, 1920 x 1200 Pixels, 60Hz, 45% NTSC",,,,https://fptshop.com.vn/may-tinh-xach-tay/colorful-rimbook-s1-i5-12450h-a10208000034,A10208000034,No,Còn hàng
03/08/2026,10:25,FPT Retail,Laptop Lenovo Gaming Legion 5 15AHP11 R7-250 (83Q7001JVN),55990000,53990000,,,,Lenovo,Gaming,Legion,Ryzen 7 AI,Ryzen AI 7 250,16 GB (1 thanh 16 GB) DDR5,SSD 512 GB,"15.3 inch, 2560 x 1600 Pixels, 165 HzHz, 100% DCI-P3",RTX 5060,8G,,https://fptshop.com.vn/may-tinh-xach-tay/lenovo-gaming-legion-5-15ahp11-r7-250-83q7001jvn,83Q7001JVN,No,Còn hàng
03/08/2026,10:25,FPT Retail,Laptop Asus Vivobook S16 M3607HA-SH186W Ryzen 7 260,27690000,24990000,,,,Asus,Business& Productivity,Vivobook,Ryzen 7,Ryzen 7 260,16 GB DDR5,SSD 512 GB,"16 inch, 1920 x 1200 Pixels, 60Hz",AMD Radeon Graphics,,,https://fptshop.com.vn/may-tinh-xach-tay/asus-vivobook-s16-m3607ha-sh186w-ryzen-7-260,M3607HA-SH186W,No,Còn hàng
03/08/2026,10:25,FPT Retail,Laptop Gigabyte Gaming A16 CVHI3VNC93SH i7 13620H,38490000,37290000,,,,Gigabyte,Gaming,Gaming A16,Core i7,Core i7 13620H,16 GB (1 thanh 16 GB),SSD 512 GB,16 inch,RTX 5060,8G,,https://fptshop.com.vn/may-tinh-xach-tay/gigabyte-gaming-a16-cvhi3vnc93sh-i7-13620h,CVHI3VNC93SH,No,Còn hàng
03/08/2026,10:25,FPT Retail,Laptop Gigabyte Gaming A16 CMHI2VN894SH i7 13620H,30990000,29490000,,,,Gigabyte,Gaming,Gaming A16,Core i7,Core i7 13620H,16 GB,1GB SSD,16 inch,RTX 4050,6G,,https://fptshop.com.vn/may-tinh-xach-tay/gigabyte-gaming-a16-cmhi2vn894sh-i7-13620h,CMHI2VN894S,No,Còn hàng
03/08/2026,10:25,FPT Retail,Laptop HP ProBook 4 G1iR Core 7 150U (C5PL1PT),33790000,29490000,,,,Hp,Business& Productivity,Probook,Core 7,Core 7 150U,16 GB (1 thanh 16 GB) DDR5,SSD 512,"14 inch, 1920 x 1200 Pixels, 60 HzHz",Intel Graphics,,,https://fptshop.com.vn/may-tinh-xach-tay/hp-probook-4-g1ir-core-7-150u-c5pl1pt,C5PL1PT,No,Còn hàng
03/08/2026,10:25,FPT Retail,Laptop HP OmniBook X Flip 14-fm0076TU Ultra 7-258V (BZ7P6PA),40890000,37490000,,,,Hp,Business& Productivity,OmniBook,Core Ultra 7,Core Ultra 7 258V,32 GB (2 thanh 16 GB) LPDDR5,SSD 512,"14 inch, 1920 x 1200 Pixels, 0 Hãng không công bốHz, 62.5% SRGB",Intel Graphics,,,https://fptshop.com.vn/may-tinh-xach-tay/hp-omnibook-x-flip-14-fm0076tu-ultra-7-258v-bz7p6pa,BZ7P6PA,No,Còn hàng
03/08/2026,10:25,FPT Retail,Laptop Asus Vivobook 15 X1504MA-BQ632W Core 5 320,26990000,20990000,,,,Asus,Business& Productivity,Vivobook,Core 5,Core 5 320,8 GB DDR5,SSD 512,"15.6 inch, 1920 x 1080 Pixels, 60Hz, 45% NTSC color gamut",,,,https://fptshop.com.vn/may-tinh-xach-tay/asus-vivobook-15-x1504ma-bq632w-core-5-320,X1504MA-BQ632W,No,Còn hàng
03/08/2026,10:25,FPT Retail,MacBook Pro 14 M5 2025 10CPU/10GPU/16GB/1TB,54990000,53490000,,,,Macbook,Business& Productivity,MacBook Pro,,M5 10,16 GB (1 thanh 16 GB) Hãng không công bố,SSD 1,"14.2 inch, 3024 x 1964 Pixels, 120 HzHz",,,,https://fptshop.com.vn/may-tinh-xach-tay/macbook-pro-14-m5-2025-10cpu-10gpu-16gb-1tb,,No,Còn hàng
03/08/2026,10:25,FPT Retail,Laptop HP Gaming Victus 15-fa2731TX i5-13420H (B85LNPA),29990000,24990000,,,,Hp,Gaming,VICTUS,Core i5,Core i5 13420H,16 GB DDR4,SSD 512,"15.6 inch, 1920 x 1080 Pixels, 144 HzHz, 62.5% SRGB",RTX 3050,6G,,https://fptshop.com.vn/may-tinh-xach-tay/hp-gaming-victus-15-fa2731tx-i5-13420h-b85lnpa,B85LNPA,No,Còn hàng
03/08/2026,10:25,FPT Retail,Laptop Dell 16 Plus DB16250 Ultra 7 256V (X65NW7),44990000,41990000,,,,Dell,Business& Productivity,Dell 16,Core Ultra 7,Core Ultra 7 256V,16 GB DDR5,SSD 1,"16 inch, 2560 x 1600 Pixels, 120 HzHz, 45% NTSC",Intel Arc Graphics,,,https://fptshop.com.vn/may-tinh-xach-tay/dell-16-plus-db16250-ultra-7-256v,X65NW7,No,Còn hàng
03/08/2026,10:25,FPT Retail,Laptop HP 14-ep1176TU Ultra 5 125H (C89ZQPA),24490000,22490000,,,,Hp,Business& Productivity,HP 14,Core Ultra 5,Core Ultra 5 125H,16 GB (2 thanh 8 GB),SSD 512 GB,14 inch,Intel Arc Graphics,,,https://fptshop.com.vn/may-tinh-xach-tay/hp-14-ep1176tu-ultra-5-125h-c89zqpa,C89ZQPA,No,Còn hàng
03/08/2026,10:25,FPT Retail,Laptop HP OmniBook 7 Aero 13-bg1085AU Ryzen Al 7 350 (BZ7U6PA),33190000,30490000,,,,Hp,Business& Productivity,OmniBook,Ryzen 7 AI,Ryzen AI 7 350,16 GB LPDDR5,SSD 512,"13.3 inch, 1920 x 1200 Pixels, 0 Hãng không công bốHz",AMD Radeon Graphics,,,https://fptshop.com.vn/may-tinh-xach-tay/hp-omnibook-7-aero-13-bg1085au-ryzen-al-7-350-bz7u6pa,BZ7U6PA,No,Còn hàng
03/08/2026,10:25,FPT Retail,Laptop Gigabyte Gaming A16-CMHI2VN893SH i7 13620H,29990000,28990000,,,,Gigabyte,Gaming,Gaming A16,Core i7,Core i7 13620H,16 GB (1 thanh 16 GB),SSD 512 GB,16 inch,RTX 4050,6G,,https://fptshop.com.vn/may-tinh-xach-tay/gigabyte-gaming-a16-cmhi2vn893sh-i7-13620h,CMHI2VN893S,No,Còn hàng
03/08/2026,10:25,FPT Retail,Laptop Lenovo Gaming LOQ 15IRX10 i7 13650HX 16GB (83JE00PEVN),42990000,38590000,,,,Lenovo,Gaming,LOQ,Core i7,Core i7 13650HX,16 GB (1 thanh 16 GB) DDR5,SSD 512 GB,"15.6 inch, 1920 x 1080 Pixels, 144 HzHz, 100% sRGB",RTX 5050,8G,,https://fptshop.com.vn/may-tinh-xach-tay/lenovo-gaming-loq-15irx10-i7-13650hx-16gb-83je00pevn,83JE00PEVN,No,Còn hàng
03/08/2026,10:25,FPT Retail,Laptop Acer Swift 14 AI SF14-51-53P9 Ultra 5 226V,32490000,29990000,,,,Acer,Business& Productivity,Swift,Core Ultra 5,Core Ultra 5 226V,16 GB (1 thanh 16 GB) DDR5,SSD 1,"14 inch, 2880 x 1800 Pixels, 90 HzHz, 100% DCI-P3",Intel Arc Graphics 130V,,,https://fptshop.com.vn/may-tinh-xach-tay/acer-swift-14-ai-sf14-51-53p9-ultra5-226v,SF14-51-53P9,No,Còn hàng
03/08/2026,10:25,FPT Retail,Laptop Acer Gaming Nitro ProPanel ANV15-41-R0FE R7 7735HS,28990000,26990000,,,,Acer,Gaming,Nitro ProPanel,Ryzen 7,Ryzen 7 7735HS,16 GB (1 thanh 16 GB) DDR5,SSD 512 GB,"15.6 inch, FHD (1920 x 1080), 180 HzHz, 100% sRGB",RTX 3050,4G,,https://fptshop.com.vn/may-tinh-xach-tay/acer-gaming-nitro-v-15-propanel-anv15-41-r0fe-r7-7735hs,ANV15-41-R0FE,No,Còn hàng
03/08/2026,10:25,FPT Retail,Laptop Dell 15 DC15250 i7 1355U (CPH997),26990000,25990000,,,,Dell,Business& Productivity,Dell 15,Core i7,Core i7 1355U,16 GB (1 thanh 16 GB),1GB SSD,15.6 inch,Intel UHD Graphics,,,https://fptshop.com.vn/may-tinh-xach-tay/dell-15-dc15250-i7-1355u-cph997,CPH997,No,Còn hàng
03/08/2026,10:25,FPT Retail,MacBook Air 13 M5 2026 10CPU/10GPU/16GB/1TB/35W,44290000,43590000,,,,Macbook,Business& Productivity,MacBook Air,,M5 10,16 GB (1 thanh 16 GB) Hãng không công bố,SSD 1,"13.6 inch, 2560 x 1644 Pixels, 60 HzHz",,,,https://fptshop.com.vn/may-tinh-xach-tay/macbook-air-13-inch-m5-2026-10cpu-10gpu-16gb-1tb,,No,Còn hàng
03/08/2026,10:25,FPT Retail,Laptop Dell 15 DC15250 i7 1355U (71073959),24990000,23490000,,,,Dell,Business& Productivity,Dell 15,Core i7,Core i7 1355U,16 GB (1 thanh 16 GB),SSD 512 GB,15.6 inch,Intel UHD Graphics,,,https://fptshop.com.vn/may-tinh-xach-tay/dell-15-dc15250-i7-1355u-71073959,71073959,No,Còn hàng
03/08/2026,10:25,FPT Retail,Laptop Asus Vivobook S14 M3407KA-SF034WS AMD Ryzen AI 5 330,24990000,23790000,,,,Asus,Business& Productivity,Vivobook,Ryzen 5 AI,Ryzen AI 5 330,16 GB,SSD 512 GB,14 inch,AMD Radeon Graphics,,,https://fptshop.com.vn/may-tinh-xach-tay/asus-vivobook-s14-m3407ka-sf034ws-amd-ryzen-ai-5-330,M3407KA-SF034WS,No,Còn hàng
03/08/2026,10:25,FPT Retail,Laptop Lenovo ThinkBook 14 G9 IRL i5-13420H (21SG00ABVN),30090000,29090000,,,,Lenovo,Business& Productivity,ThinkBook,Core 5,Core 5 210H,16 GB DDR5,SSD 512,"14 inch, 1920 x 1200 Pixels, 60 HzHz, 45% NTSC",Intel Graphics,,,https://fptshop.com.vn/may-tinh-xach-tay/lenovo-thinkbook-14-g9-irl-core-5-210h-21uy008xvn,21SG00ABVN,No,Còn hàng
03/08/2026,10:25,FPT Retail,Laptop Asus ExpertBook P1503CVA-C5H16-63WS Core 5 210H,26990000,24290000,,,,Asus,Business& Productivity,ExpertBook,Core 5,Core 5 210H,16 GB DDR5,SSD 512,"15.6 inch, 1920 x 1080 Pixels, 60Hz, 45% NTSC",Intel Graphics,,,https://fptshop.com.vn/may-tinh-xach-tay/asus-expertbook-p1503cva-c5h16-63ws-core-5-210h,P1503CVA-C5H16,No,Còn hàng
03/08/2026,10:25,FPT Retail,Laptop Asus Vivobook Gaming V16 V3607VJ-RP071W Core 5 210H,29990000,23990000,,,,Asus,Gaming,Vivobook Gaming,Core 5,Core 5 240H,16 GB DDR5,SSD 512 GB,"16 inch, 1920 x 1200 Pixels, 144 HzHz",RTX 3050,6G,,https://fptshop.com.vn/may-tinh-xach-tay/asus-vivobook-gaming-v16-v3607vj-rp071w-core-5-210h,V3607VJ-RP071W,No,Còn hàng
03/08/2026,10:25,FPT Retail,MacBook Air 13 M5 2026 10CPU/10GPU/24GB/1TB/35W,49790000,47990000,,,,Macbook,Business& Productivity,MacBook Air,,M5 10,24 GB (1 thanh 24 GB) Hãng không công bố,SSD 1,"13.6 inch, 2560 x 1644 Pixels, 60 HzHz",,,,https://fptshop.com.vn/may-tinh-xach-tay/macbook-air-13-m5-2026-10cpu-10gpu-24gb-1tb,,No,Còn hàng
03/08/2026,10:25,FPT Retail,Laptop Asus Vivobook S14 S3407CA-SF923W Ultra 7 255H,31990000,28490000,,,,Asus,Business& Productivity,Vivobook,Core Ultra 7,Core Ultra 7 255HX,,,,Intel Graphics,,,https://fptshop.com.vn/may-tinh-xach-tay/asus-vivobook-s14-s3407ca-sf923w-ultra-7-255h,S3407CA-SF923W,No,Còn hàng
03/08/2026,10:25,FPT Retail,Laptop HP 245 G10 R7-7730U (BG5U8PT),19990000,18990000,,,,Hp,Business& Productivity,HP 245,Ryzen 7,Ryzen 7 7730U,16 GB (1 thanh 16 GB),SSD 512 GB,14 inch,AMD Radeon Graphics,,,https://fptshop.com.vn/may-tinh-xach-tay/hp-245-g10-r7-7730u-bg5u8pt,BG5U8PT,No,Còn hàng
03/08/2026,10:25,FPT Retail,Laptop Asus TUF Gaming A16 FA608UM-RV266W R7 260,44990000,42990000,,,,Asus,Gaming,Gaming A16,Ryzen 7,Ryzen 7 260,16 GB (1 thanh 16 GB) DDR5,SSD 512,"16 inch, 1920 x 1200 Pixels, 165Hz",RTX 5060,8G,,https://fptshop.com.vn/may-tinh-xach-tay/asus-tuf-gaming-a16-fa608um-rv266w-r7-260,FA608UM-RV266W,No,Còn hàng
03/08/2026,10:25,FPT Retail,Laptop Lenovo IdeaPad 5 2-in-1 14IPH11 U7-355 (83UG0027VN),37490000,35990000,,,,Lenovo,Business& Productivity,IdeaPad 5 2-in-1,Core Ultra 7,Core Ultra 7 355,16 GB (2 thanh 8 GB) DDR5,SSD 512 GB,"14 inch, 1920 x 1200 Pixels, 60 HzHz, 45% NTSC",Intel Graphics,,,https://fptshop.com.vn/may-tinh-xach-tay/lenovo-ideapad-5-2-in-1-14iph11-u7-355-83ug0027vn,83UG0027VN,No,Còn hàng
03/08/2026,10:25,FPT Retail,Laptop Acer Swift 14 AI SF14-51-75VP Ultra 7 258V,36990000,35990000,,,,Acer,Business& Productivity,Swift,Core Ultra 7,Core Ultra 7 258V,32 GB (1 thanh 32 GB) DDR5,SSD 1,"14 inch, 2880 x 1800 Pixels, 90 HzHz, 100% DCI-P3",Intel Arc Graphics 140V,,,https://fptshop.com.vn/may-tinh-xach-tay/acer-swift-14-ai-sf14-51-75vp-ultra-7-258v,SF14-51-75VP,No,Còn hàng
03/08/2026,10:25,FPT Retail,MacBook Pro 14 M5 2025 10CPU/10GPU/24GB/1TB,60490000,58990000,,,,Macbook,Business& Productivity,MacBook Pro,,M5 10,24 GB (1 thanh 24 GB) Hãng không công bố,SSD 1,"14.2 inch, 3024 x 1964 Pixels, 120 HzHz",,,,https://fptshop.com.vn/may-tinh-xach-tay/macbook-pro-14-m5-2025-10cpu-10gpu-24gb-1tb,,No,Còn hàng
03/08/2026,10:25,FPT Retail,"Laptop Lenovo IdeaPad Slim 5 14IPH11 U7 355/16GB/512GB/14""WUXGA OLED/Win11SL_83S5004FVN",36490000,34490000,,,,Lenovo,Business& Productivity,IdeaPad Slim 5,Core Ultra 7,Ultra 7 355,16 GB (2 thanh 8 GB) DDR5,SSD 512,"14 inch, 1920 x 1200 Pixels, 60Hz, 45% NTSC",Intel Graphics,,,https://fptshop.com.vn/may-tinh-xach-tay/lenovo-ideapad-slim-5-14iph11-u7-355-83s5004fvn,83S5004FVN,No,Còn hàng
03/08/2026,10:25,FPT Retail,Laptop Lenovo IdeaPad Slim 5 14AGP11 Ryzen AI 7 445 (83S1006RVN),35990000,30990000,,,,Lenovo,Business& Productivity,IdeaPad Slim 5,,,,,,,,,https://fptshop.com.vn/may-tinh-xach-tay/lenovo-ideapad-slim-5-14agp11-ryzen-ai-7-445-83s1006rvn,83S1006RVN,No,Còn hàng
03/08/2026,10:25,FPT Retail,Laptop Asus Vivobook 15 X1504VA-BQ165W Core 5 120U,20990000,17990000,,,,Asus,Business& Productivity,Vivobook,Core 5,Core 5 120U,16 GB (2 thanh 8 GB) DDR4,SSD 512 GB,"15.6 inch, 1920 x 1080 Pixels, 60 HzHz, 45% NTSC color gamut",Intel UHD Graphics,,,https://fptshop.com.vn/may-tinh-xach-tay/asus-vivobook-15-x1504va-bq165w-core-5-120u,X1504VA-BQ165W,No,Còn hàng
03/08/2026,10:25,FPT Retail,Laptop Dell Pro 15 Essential PV15250 Core 3-100U,15990000,14490000,,,,Dell,Business& Productivity,Dell Pro,Core 3,Core 3 100U,8 GB,SSD 512 GB,15.6 inch,Intel UHD Graphics,,,https://fptshop.com.vn/may-tinh-xach-tay/dell-pro-15-essential-pv15250-core-3-100u-vkvkd,PV15250,No,Còn hàng
03/08/2026,10:25,FPT Retail,Laptop Lenovo IdeaPad Slim 3 14IPH11 U5 322 (83UQ003NVN),26890000,24990000,,,,Lenovo,Business& Productivity,IdeaPad Slim 3,Core Ultra 5,Core Ultra 5 322,16 GB (1 thanh 16 GB),SSD 512 GB,14 inch,Intel Graphics,,,https://fptshop.com.vn/may-tinh-xach-tay/lenovo-ideapad-slim-3-14iph11-u5-322-83uq003nvn,83UQ003NVN,No,Còn hàng
03/08/2026,10:25,FPT Retail,Laptop Lenovo ThinkBook 14 G9 IRL i5 13420H (21UY008TVN),28990000,26990000,,,,Lenovo,Business& Productivity,ThinkBook,Core i5,Core i5 13420H,16 GB,SSD 512 GB,14 inch,Intel UHD Graphics,,,https://fptshop.com.vn/may-tinh-xach-tay/lenovo-thinkbook-14-g9-irl-i5-13420h,21UY008TVN,No,Còn hàng
03/08/2026,10:25,FPT Retail,Laptop HP 14-ep1200TU Ultra 7 155H (D0BG9PA),29590000,25990000,,,,Hp,Business& Productivity,HP 14,Core Ultra 7,Core Ultra 7 155H,24 GB (1 thanh 24 GB),SSD 512 GB,14 inch,Intel Arc Graphics,,,https://fptshop.com.vn/may-tinh-xach-tay/hp-14-ep1200tu-ultra-7-155h-d0bg9pa,D0BG9PA,No,Còn hàng
03/08/2026,10:25,FPT Retail,Laptop Lenovo ThinkBook 16 G9 IRL i5 13420H,29290000,27990000,,,,Lenovo,Business& Productivity,ThinkBook,Core i5,Core i5 13420H,16 GB (1 thanh 16 GB),SSD 512 GB,16 inch,Intel UHD Graphics,,,https://fptshop.com.vn/may-tinh-xach-tay/lenovo-thinkbook-16-g9-irl-i5-13420h-21us008fvn,G9 IRL,No,Còn hàng
03/08/2026,10:25,FPT Retail,Laptop MSI Modern 14 F1MG-432VN Core 5-120U,22390000,19990000,,,,Msi,Business& Productivity,Modern,Core 5,Core 5 120U,16 GB (1 thanh 16 GB),SSD 512 GB,14 inch,,,,https://fptshop.com.vn/may-tinh-xach-tay/msi-modern-14-f1mg-432vn-core-5-120u,432VN,No,Còn hàng
03/08/2026,10:25,FPT Retail,Laptop Colorful RimBook L1 i3-1220P (CA30016512C-G-E1AC),15990000,15490000,,,,Colorful,Business& Productivity,Rimbook L1,Core i3,Core i3 1220P,16 GB (1 thanh 16 GB) DDR4,SSD 512,"15.6 inch, 1920 x 1080 Pixels, 60 HzHz, 45% NTSC",,,,https://fptshop.com.vn/may-tinh-xach-tay/colorful-rimbook-l1-i3-1220p-ca30016512c-g-e1ac,,No,Còn hàng
03/08/2026,10:25,FPT Retail,Laptop Acer Gaming Nitro ProPanel ANV15-52-72BM i7 13620H,37990000,33990000,,,,Acer,Gaming,Nitro ProPanel,Core i7,Core i7 13620H,16 GB (1 thanh 16 GB),SSD 512 GB,15.6 inch,RTX 5050,8G,,https://fptshop.com.vn/may-tinh-xach-tay/acer-gaming-nitro-v-15-propanel-anv15-52-72bm-i7-13620h,ANV15-52-72BM,No,Còn hàng
03/08/2026,10:25,FPT Retail,Laptop HP EliteBook 8 G1i 14 Ultra 7 258V (D8CK0AT),38990000,36490000,,,,Hp,Business& Productivity,EliteBook 8,Core Ultra 7,Core Ultra 7 258V,32 GB LPDDR5X,SSD 512 GB,"14 inch, 1920 x 1200 Pixels, 60 HzHz",Intel Graphics,,,https://fptshop.com.vn/may-tinh-xach-tay/hp-elitebook-8-g1i-14-ultra-7-258v-d8ck0at,D8CK0AT,No,Còn hàng
03/08/2026,10:25,FPT Retail,Laptop Acer Aspire Lite 14 AL14-52P-309T i3-1305U,15490000,14490000,,,,Acer,Business& Productivity,Aspire Lite,Core i3,Core i3 1305U,8 GB (1 thanh 8 GB),SSD 512 GB,14 inch,Intel UHD Graphics,,,https://fptshop.com.vn/may-tinh-xach-tay/acer-aspire-lite-14-al14-52p-309t-i3-1305u,AL14-52P-309T,No,Còn hàng
03/08/2026,10:25,FPT Retail,Laptop Asus Vivobook 14 X1404MA-EB028W Core 5 320,31990000,24890000,,,,Asus,Business& Productivity,Vivobook,Core 5,Core 5 320,16 GB DDR5,SSD 512,"14 inch, 1920 x 1080 Pixels, 60Hz, 45% NTSC color gamut",,,,https://fptshop.com.vn/may-tinh-xach-tay/asus-vivobook-14-x1404ma-eb028w-core-5-320,X1404MA-EB028W,No,Còn hàng
03/08/2026,10:25,FPT Retail,Laptop Lenovo Gaming LOQ 15ARP10E AMD Ryzen 7 7735HS (83S0004FVN),40990000,38590000,,,,Lenovo,Gaming,LOQ,Ryzen 7,Ryzen 7 7735HS,16 GB (1 thanh 16 GB) DDR5,SSD 512,"15.6 inch, 1920 x 1080 Pixels, 144 HzHz, 100% sRGB",RTX 4050,6G,,https://fptshop.com.vn/may-tinh-xach-tay/lenovo-gaming-loq-15arp10e-amd-ryzen-7-7735hs-83s0004fvn,83S0004FVN,No,Còn hàng
03/08/2026,10:25,FPT Retail,Laptop Asus Vivobook S3607VA-RP056W i7-13620H,25990000,23590000,,,,Asus,Business& Productivity,Vivobook,Core i7,Core i7 13620H,16 GB (2 thanh 8 GB) DDR5,SSD 512 GB,"16 inch, 1920 x 1200 Pixels, 144 HzHz, 45% NTSC color gamut",Intel UHD Graphics,,,https://fptshop.com.vn/may-tinh-xach-tay/asus-vivobook-s3607va-rp056w-i7-13620h,S3607VA-RP056W,No,Còn hàng
03/08/2026,10:25,FPT Retail,Laptop Asus Vivobook A1407QA-LY114W Qualcomm X1-26-100,22990000,18390000,,,,Asus,Business& Productivity,Vivobook,Snapdragon X,Snapdragon X Series X1,16 GB,SSD 512 GB,14 inch,Qualcomm Adreno GPU,,,https://fptshop.com.vn/may-tinh-xach-tay/asus-vivobook-a1407qa-ly114w-qualcomm-x1-26-100,A1407QA-LY114W,No,Còn hàng
03/08/2026,10:25,FPT Retail,Laptop Asus Vivobook S3407VA-LY146W Core 5-210H,22990000,19990000,,,,Asus,Business& Productivity,Vivobook,Core 5,Core 5 210H,16 GB (2 thanh 8 GB),SSD 512 GB,14 inch,Intel UHD Graphics,,,https://fptshop.com.vn/may-tinh-xach-tay/asus-vivobook-s3407va-ly146w-core-5-210h,S3407VA-LY146W,No,Còn hàng
03/08/2026,10:25,FPT Retail,Laptop HP Gaming Victus 15-fa2732TX i5-13420H (B85LPPA),31990000,27990000,,,,Hp,Gaming,VICTUS,Core i5,Core i5 13420H,16 GB (1 thanh 16 GB) DDR4,SSD 512 GB,"15.6 inch, 1920 x 1080 Pixels, 144 HzHz, 62.5% SRGB",RTX 4050,6G,,https://fptshop.com.vn/may-tinh-xach-tay/hp-gaming-victus-15-fa2732tx-i5-13420h-b85lppa,B85LPPA,No,Còn hàng
03/08/2026,10:25,FPT Retail,Laptop Asus Vivobook X1407CA-LY008W Ultra 5 225H,25990000,21390000,,,,Asus,Business& Productivity,Vivobook,Core Ultra 5,Core Ultra 5 225H,16 GB,SSD 512 GB,14 inch,Intel Arc Graphics,,,https://fptshop.com.vn/may-tinh-xach-tay/asus-vivobook-x1407ca-ly008w-ultra-5-225h,X1407CA-LY008W,No,Còn hàng
03/08/2026,10:25,FPT Retail,Laptop Asus Vivobook S14 M3407HA-SF490W R7-260,27690000,24890000,,,,Asus,Business& Productivity,Vivobook,Ryzen 7,Ryzen 7 260,16 GB,SSD 512 GB,14 inch,AMD Radeon Graphics,,,https://fptshop.com.vn/may-tinh-xach-tay/asus-vivobook-s14-m3407ha-sf490w-r7-260,M3407HA-SF490W,No,Còn hàng
03/08/2026,10:25,FPT Retail,Laptop Asus Vivobook 16 X1607CA-MB990W Ultra 7 255H,27990000,25490000,,,,Asus,Business& Productivity,Vivobook,Core Ultra 7,Core Ultra 7 255H,16 GB DDR5,SSD 512 GB,"16 inch, 1920 x 1200 Pixels, 60Hz",Intel Graphics,,,https://fptshop.com.vn/may-tinh-xach-tay/asus-vivobook-16-x1607ca-mb990w-ultra-7-255h,X1607CA-MB990W,No,Còn hàng
03/08/2026,10:25,FPT Retail,Laptop Dell 15 DC15250 i7-1355U (i7U161W11SLU),26990000,25990000,,,,Dell,Business& Productivity,Dell 15,Core i7,Core i7 1355U,16 GB,1GB SSD,15.6 inch,Intel UHD Graphics,,,https://fptshop.com.vn/may-tinh-xach-tay/dell-15-dc15250-i7-1355u-i7u161w11slu,U161W11SLU,No,Còn hàng
03/08/2026,10:25,FPT Retail,Laptop HP OmniBook 5 16-ag1066AU Ryzen Al 7 350 (BZ7S9PA),31190000,28990000,,,,Hp,Business& Productivity,OmniBook,Ryzen 7 AI,Ryzen AI 7 350,16 GB LPDDR5,SSD 512,"16 inch, 1920 x 1200 Pixels, 0 Hãng không công bốHz",AMD Radeon Graphics,,,https://fptshop.com.vn/may-tinh-xach-tay/hp-omnibook-5-16-ag1066au-ryzen-al-7-350-bz7s9pa,BZ7S9PA,No,Còn hàng
03/08/2026,10:25,FPT Retail,Laptop Asus TUF Gaming F16 FX607VU-RL045W Core 5 210H,29490000,28490000,,,,Asus,Gaming,TUF,Core 5,Core 5 210H,16 GB (1 thanh 16 GB) DDR5,SSD 512 GB,"16 inch, 1920 x 1200 Pixels, 144 HzHz, 45% NTSC",RTX 4050,6G,,https://fptshop.com.vn/may-tinh-xach-tay/asus-tuf-gaming-f16-fx607vu-rl045w-core-5-210h,FX607VU-RL045W,No,Còn hàng
03/08/2026,10:25,FPT Retail,Laptop Colorful Rimbook L1 i5- 13420H/A10205500051,20990000,18290000,,,,Colorful,Business& Productivity,Rimbook L1,Core i5,Core i5 13420H,16 GB (1 thanh 16 GB) DDR4,SSD 512,"15.6 inch, 1920 x 1080 Pixels, 60 HzHz, 45% NTSC",,,,https://fptshop.com.vn/may-tinh-xach-tay/colorful-rimbook-l1-i5-13420h-a10205500051,,No,Còn hàng
03/08/2026,10:25,FPT Retail,Laptop Asus Vivobook X1404VA-EB509W i3-1315U,18990000,15290000,,,,Asus,Business& Productivity,Vivobook,Core i3,Core i3 1315U,8 GB,SSD 512 GB,14 inch,Intel UHD Graphics,,,https://fptshop.com.vn/may-tinh-xach-tay/asus-vivobook-x1404va-eb509w-i3-1315u,X1404VA-EB509W,No,Còn hàng
03/08/2026,10:25,FPT Retail,Laptop Acer Gaming Nitro ProPanel ANV15-52-59AA i5 13420H,34990000,30590000,,,,Acer,Gaming,Nitro ProPanel,Core i5,Core i5 13420H,16 GB (1 thanh 16 GB) DDR4,SSD 512 GB,"15.6 inch, 1920 x 1080 Pixels, 180 HzHz, 100% sRGB",RTX 5050,8G,,https://fptshop.com.vn/may-tinh-xach-tay/acer-gaming-nitro-v-15-propanel-anv15-52-59aa-i5-13420h,ANV15-52-59AA,No,Còn hàng
03/08/2026,10:25,FPT Retail,Laptop Asus Vivobook S14 S3407AA-SF032W Ultra 7-355,40490000,31290000,,,,Asus,Business& Productivity,Vivobook,Core Ultra 7,Core Ultra 7 355,,,,Intel Graphics,,,https://fptshop.com.vn/may-tinh-xach-tay/asus-vivobook-s14-s3407aa-sf032w-ultra-7-355,S3407AA-SF032W,No,Còn hàng
03/08/2026,10:25,FPT Retail,Laptop Dell 15 DC15250 i5 1334U (884116652434 - NK),18990000,17990000,,,,Dell,Business& Productivity,Dell 15,Core i5,Core i5 1334U,8 GB DDR5,SSD 512,"15.6 inch, 1920 x 1080 Pixels, 60Hz",Intel UHD Graphics,,,https://fptshop.com.vn/may-tinh-xach-tay/dell-15-dc15250-i5-1334u-884116652434-nk,884116652434,No,Còn hàng
03/08/2026,10:25,FPT Retail,Laptop Asus Vivobook Go 15 E1504FA-BQ4821W R5 40,22990000,17990000,,,,Asus,Business& Productivity,Vivobook,Ryzen 5,Ryzen 5 40,8 GB DDR5,SSD 512 GB,"15.6 inch, 1920 x 1080 Pixels, 60Hz, 45% NTSC color gamut",AMD Radeon Graphics,,,https://fptshop.com.vn/may-tinh-xach-tay/asus-vivobook-go-15-e1504fa-bq4821w-r5-40,E1504FA-BQ4821W,No,Còn hàng
03/08/2026,10:25,FPT Retail,Laptop Asus Vivobook Go 14 E1404FA-EB935W R5-40,28490000,19590000,,,,Asus,Business& Productivity,Vivobook,Ryzen 5,Ryzen 5 40,16 GB LPDDR5,SSD 512,"14 inch, 1920 x 1080 Pixels, 60 HzHz, 45% NTSC color gamut",AMD Radeon Graphics,,,https://fptshop.com.vn/may-tinh-xach-tay/asus-vivobook-go-14-e1404fa-eb935w-r5-40,E1404FA-EB935W,No,Còn hàng
03/08/2026,10:25,FPT Retail,Laptop Acer Aspire Go 15 AI AG15-52P-52WT Ultra5 115U,22990000,21690000,,,,Acer,Business& Productivity,Aspire Go,Core Ultra 5,Core Ultra 5 115U,16 GB,SSD 512 GB,15.6 inch,Intel Graphics,,,https://fptshop.com.vn/may-tinh-xach-tay/acer-aspire-go-15-ai-ag15-52p-52wt,AG15-52P-52WT,No,Còn hàng
03/08/2026,10:25,FPT Retail,Laptop Acer Aspire Lite 14 AI AL14-53P-5387 Ultra5 115U,22990000,21690000,,,,Acer,Business& Productivity,Aspire Lite,Core Ultra 5,Core Ultra 5 115U,16 GB,SSD 512 GB,14 inch,Intel Graphics,,,https://fptshop.com.vn/may-tinh-xach-tay/acer-aspire-lite-14-ai-al14-53p-5387,AL14-53P-5387,No,Còn hàng
03/08/2026,10:25,FPT Retail,Laptop Dell 15 DC15250 i5-1334U (884116430315),17990000,16990000,,,,Dell,Business& Productivity,Dell 15,Core i5,Core i5 1334U,8 GB,SSD 512 GB,15.6 inch,Intel UHD Graphics,,,https://fptshop.com.vn/may-tinh-xach-tay/dell-15-dc15250-i5-1334u-884116430315,884116430315,No,Còn hàng
03/08/2026,10:25,FPT Retail,Laptop Colorful Rimbook L1 i5-12450H (CE50016512C-G-E1AC),19990000,17290000,,,,Colorful,Business& Productivity,Rimbook L1,Core i5,Core i5 12450H,,,,,,,https://fptshop.com.vn/may-tinh-xach-tay/colorful-rimbook-l1-i5-12450h-ce50016512c-g-e1ac,CE50016512C-G-E1AC,No,Còn hàng
03/08/2026,10:25,FPT Retail,Laptop HP OmniBook 5 AI 16-af1054TU Ultra 7-255U (C1MN8PA),33990000,31490000,,,,Hp,Business& Productivity,OmniBook,Core Ultra 7,Core Ultra 7 255U,32 GB (2 thanh 16 GB) LPDDR5,SSD 512 GB,"16 inch, 1920 x 1200 Pixels, 0 Hãng không công bốHz, 62.5% SRGB",Intel Graphics,,,https://fptshop.com.vn/may-tinh-xach-tay/hp-omnibook-5-ai-16-af1054tu-ultra-7-255u-c1mn8pa,C1MN8PA,No,Còn hàng
03/08/2026,10:25,FPT Retail,Laptop HP OmniBook 5 Flip X360 14-fp0057TU Core 5-120U (BZ7Q6PA),27990000,25490000,,,,Hp,Business& Productivity,OmniBook,Core 5,Core 5 120U,16 GB (2 thanh 8 GB),SSD 512 GB,14 inch,Intel Graphics,,,https://fptshop.com.vn/may-tinh-xach-tay/hp-omnibook-5-flip-x360-14-fp0057tu-core-5-120u-bz7q6pa,BZ7Q6PA,No,Còn hàng
03/08/2026,10:25,FPT Retail,Laptop Asus TUF Gaming A15 FA506NCG-HN329W R7 8845HS,37490000,26990000,,,,Asus,Gaming,TUF,Ryzen 7,Ryzen 7 8845HS,16 GB,SSD 512 GB,15.6 inch,RTX 3050,4G,,https://fptshop.com.vn/may-tinh-xach-tay/asus-tuf-gaming-a15-fa506ncg-hn329w-r7-8845hs,FA506NCG-HN329W,No,Còn hàng
03/08/2026,10:25,FPT Retail,Laptop Acer Gaming Nitro ProPanel ANV15-41-R7CR R5 7535HS,28490000,27490000,,,,Acer,Gaming,Nitro ProPanel,Ryzen 5,Ryzen 5 7735HS,16 GB (1 thanh 16 GB),SSD 512 GB,15.6 inch,RTX 4050,6G,,https://fptshop.com.vn/may-tinh-xach-tay/acer-gaming-nitro-v-15-propanel-anv15-41-r7cr-r5-7535hs,ANV15-41-R7CR,No,Còn hàng
03/08/2026,10:25,FPT Retail,Laptop HP 240R G9 i3-1315U (AX3C6AT),16990000,14490000,,,,Hp,Business& Productivity,HP 240,Core i3,Core i3 1315U,8 GB (1 thanh 8 GB),SSD 512 GB,14 inch,Intel UHD Graphics,,,https://fptshop.com.vn/may-tinh-xach-tay/hp-240r-g9-i3-1315u-ax3c6at,AX3C6AT,No,Còn hàng
03/08/2026,10:25,FPT Retail,Laptop Dell 14 DC14250 Core 5 120U (DC4C5375W1),32390000,31390000,,,,Dell,Business& Productivity,Dell 14,Core 5,Core 5 120U,16 GB (1 thanh 16 GB) DDR5,SSD 512,"14 inch, 1920 x 1200 Pixels, 60Hz, 45% NTSC",,,,https://fptshop.com.vn/may-tinh-xach-tay/dell-14-dc14250-core-5-120u-dc4c5375w1,,No,Còn hàng
03/08/2026,10:25,FPT Retail,Laptop Asus Vivobook M1405NAQ-LY010W R5 150,18990000,18490000,,,,Asus,Business& Productivity,Vivobook,Ryzen 5,Ryzen 5 150,16 GB (2 thanh 8 GB),SSD 512 GB,14 inch,AMD Radeon Graphics,,,https://fptshop.com.vn/may-tinh-xach-tay/asus-vivobook-m1405naq-ly010w-r5-150,M1405NAQ-LY010W,No,Còn hàng
03/08/2026,10:25,FPT Retail,Laptop Acer Gaming Aspire 7 A715-59G-59RD Core 5 210H,26990000,25990000,,,,Acer,Gaming,Gaming Aspire,Core 5,Core 5 210H,,,,,,,https://fptshop.com.vn/may-tinh-xach-tay/acer-gaming-aspire-7-a715-59g-59rd-core-5-210h,A715-59G-59RD,No,Còn hàng
03/08/2026,10:25,FPT Retail,Laptop Acer Gaming Nitro ProPanel ANV15-52-59RR Core 5 210H,35990000,33990000,,,,Acer,Gaming,Nitro ProPanel,Core i5,Core i5 210H,16 GB (1 thanh 16 GB),SSD 512 GB,15.6 inch,RTX 5050,8G,,https://fptshop.com.vn/may-tinh-xach-tay/acer-gaming-nitro-v-15-propanel-anv15-52-59rr-core-5-210h,ANV15-52-59RR,No,Còn hàng
03/08/2026,10:25,FPT Retail,Laptop Lenovo Gaming LOQ Essential 15ARP10E Ryzen 7 170 (83S000DCVN),32990000,29590000,,,,Lenovo,Gaming,LOQ,Ryzen 7,Ryzen 7 170,16 GB (1 thanh 16 GB),1GB SSD,15.6 inch,RTX 3050,6G,,https://fptshop.com.vn/may-tinh-xach-tay/lenovo-gaming-loq-15arp10e-ryzen-7-170-83s000dcvn,83S000DCVN,No,Còn hàng
03/08/2026,10:25,FPT Retail,Laptop Acer Gaming Nitro ProPanel ANV15-41-R0Y4 R7 7735HS,31990000,29990000,,,,Acer,Gaming,Nitro ProPanel,Ryzen 7,Ryzen 7 7735HS,16 GB (1 thanh 16 GB),SSD 512 GB,15.6 inch,RTX 4050,6G,,https://fptshop.com.vn/may-tinh-xach-tay/acer-gaming-nitro-v-15-propanel-anv15-41-r0y4-r7-7735hs,ANV15-41-R0Y4,No,Còn hàng
03/08/2026,10:25,FPT Retail,Laptop Dell 15 DC15250 i5 1334U (71100514),30590000,30090000,,,,Dell,Business& Productivity,Dell 15,Core i5,i5 1334U,,,,Intel Graphics,,,https://fptshop.com.vn/may-tinh-xach-tay/dell-15-dc15250-i5-1334u-71100514,,No,Còn hàng
03/08/2026,10:25,FPT Retail,Laptop Asus Vivobook S16 M3607GA-SH034W Ryzen AI 7 445,30990000,27690000,,,,Asus,Business& Productivity,Vivobook,Ryzen 7 AI,Ryzen AI 7 445,16 GB,SSD 512 GB,16 inch,AMD Radeon Graphics,,,https://fptshop.com.vn/may-tinh-xach-tay/asus-vivobook-s16-m3607ga-sh034w-ryzen-ai-7-445,M3607GA-SH034W,No,Còn hàng
03/08/2026,10:25,FPT Retail,Laptop Asus Zenbook 14 UM3406GA-QD075WS Ryzen AI 7 445,32990000,29490000,,,,Asus,Business& Productivity,Zenbook,Ryzen 7 AI,Ryzen AI 7 445,,,,AMD Radeon Graphics,,,https://fptshop.com.vn/may-tinh-xach-tay/asus-zenbook-14-um3406ga-qd075ws-ryzen-ai-7-445,UM3406GA-QD075WS,No,Còn hàng
03/08/2026,10:25,FPT Retail,Laptop Asus Vivobook S14 S3407CA-LY095WS Ultra 5 225H,24990000,23490000,,,,Asus,Business& Productivity,Vivobook,Core Ultra 5,Core Ultra 5 225H,16 GB,SSD 512 GB,14 inch,Intel UHD Graphics,,,https://fptshop.com.vn/may-tinh-xach-tay/asus-vivobook-s14-s3407ca-ly095ws-ultra-5-225h,S3407CA-LY095WS,No,Còn hàng
03/08/2026,10:25,FPT Retail,Laptop Dell 14 DC14250 Core 5 120U (F0FTK5),26490000,25490000,,,,Dell,Business& Productivity,Dell 14,Core 5,Core 5 120U,16 GB (1 thanh 16 GB),1GB SSD,14 inch,Intel Graphics,,,https://fptshop.com.vn/may-tinh-xach-tay/dell-14-dc14250-core-5-120u-f0ftk5,120U,No,Còn hàng
03/08/2026,10:25,FPT Retail,Laptop Colorful Rimbook S1 i5- 12450H (A10205500034),19990000,17290000,,,,Colorful,Business& Productivity,Rimbook S1,Core i5,Core i5 12450H,16 GB (1 thanh 16 GB) DDR4,SSD 512,"14 inch, 1920 x 1080 Pixels, 60 HzHz, 45% NTSC",,,,https://fptshop.com.vn/may-tinh-xach-tay/colorful-rimbook-s1-i5-12450h-a10205500034,A10205500034,No,Còn hàng
03/08/2026,10:25,FPT Retail,Laptop Asus TUF Gaming A16 FA607NUQ-RL007W R7-170,44490000,36990000,,,,Asus,Gaming,Gaming A16,Ryzen 7,Ryzen 7 170,16 GB (1 thanh 16 GB) DDR5,SSD 512,"16 inch, 1920 x 1200 Pixels, 144Hz, 45% NTSC",RTX 4050,6G,,https://fptshop.com.vn/may-tinh-xach-tay/asus-tuf-gaming-a16-fa607nuq-rl007w-r7-170,FA607NUQ-RL007W,No,Còn hàng
03/08/2026,10:25,FPT Retail,Laptop Lenovo IdeaPad Slim 3 16IPH11 U5 322 (83US002TVN),32990000,29990000,,,,Lenovo,Business& Productivity,IdeaPad Slim 3,Core Ultra 5,Core Ultra 5 322,24 GB,SSD 512 GB,16 inch,Intel Graphics,,,https://fptshop.com.vn/may-tinh-xach-tay/lenovo-ideapad-slim-3-16iph11-u5-322-83us002tvn,83US002TVN,No,Còn hàng
03/08/2026,10:25,FPT Retail,Laptop Asus ExpertBook P1403CVA-C5H16-63WS Core 5 210H,26990000,24290000,,,,Asus,Business& Productivity,ExpertBook,Core 5,Core 5 210H,16 GB DDR5,SSD 512 GB,"14 inch, 1920 x 1080 Pixels, 60Hz, 45% NTSC",Intel Graphics,,,https://fptshop.com.vn/may-tinh-xach-tay/asus-expertbook-p1403cva-c5h16-63ws-core-5-210h,P1403CVA-C5H16,No,Còn hàng
03/08/2026,10:25,FPT Retail,Laptop Acer Gaming Aspire 7 A715-59G-78WG i7-13620H,27990000,25990000,,,,Acer,Gaming,Gaming Aspire,Core i7,Core i7 13620H,16 GB (1 thanh 16 GB) DDR4,SSD 512 GB,"15.6 inch, 1920 x 1080 Pixels, 144Hz, 45% NTSC",RTX 3050,6G,,https://fptshop.com.vn/may-tinh-xach-tay/acer-gaming-aspire-7-a715-59g-78wg-i7-13620h,A715-59G-78WG,No,Còn hàng
03/08/2026,10:25,FPT Retail,Laptop Dell 15 DC15250 i7 1355U (CPH991),26990000,25990000,,,,Dell,Business& Productivity,Dell 15,Core i7,Core i7 1355U,16 GB (1 thanh 16 GB),1GB SSD,15.6 inch,Intel UHD Graphics,,,https://fptshop.com.vn/may-tinh-xach-tay/dell-15-dc15250-i7-1355u-cph991,CPH991,No,Còn hàng
03/08/2026,10:25,FPT Retail,Laptop HP 14-em0255AU R5-7530U (C81N3PA),23990000,18890000,,,,Hp,Business& Productivity,HP 14,Ryzen 7,Ryzen 7 7530U,16 GB (2 thanh 8 GB) DDR4,SSD 512 GB,"14 inch, 1920 x 1080 Pixels, 60 HzHz, 45% NTSC",AMD Radeon Graphics,,,https://fptshop.com.vn/may-tinh-xach-tay/hp-14-em0255au-r5-7530u-c81n3pa,C81N3PA,No,Còn hàng
03/08/2026,10:25,FPT Retail,Laptop Asus Vivobook S14 S3407VA-LY053W i7-13620H,25990000,23390000,,,,Asus,Business& Productivity,Vivobook,Core i7,Core i7 13620H,16 GB (2 thanh 8 GB) DDR5,SSD 512,"14 inch, 1920 x 1200 Pixels, 60 HzHz",Intel UHD Graphics,,,https://fptshop.com.vn/may-tinh-xach-tay/asus-vivobook-s14-s3407va-ly053w-i7-13620h,S3407VA-LY053W,No,Còn hàng
03/08/2026,10:25,FPT Retail,Laptop MSI Gaming Cyborg 15 B2RWEKG-402VN Core 5 210H,35990000,35490000,,,,Msi,Gaming,Cyborg,Core 5,Core 5 210H,16 GB (1 thanh 16 GB),SSD 512 GB,15.6 inch,RTX 5050,8G,,https://fptshop.com.vn/may-tinh-xach-tay/msi-gaming-cyborg-15-b2rwekg-402vn-core-5-210h,402VN,No,Còn hàng
03/08/2026,10:25,FPT Retail,Laptop HP OmniBook 5 16-ag1068AU AMD AI 5 340 (BZ7T0PA),28190000,26990000,,,,Hp,Business& Productivity,OmniBook,Ryzen 5 AI,Ryzen AI 5 340,16 GB LPDDR5,SSD 512,"16 inch, 1920 x 1200 Pixels, 0 Hãng không công bốHz",AMD Radeon Graphics,,,https://fptshop.com.vn/may-tinh-xach-tay/hp-omnibook-5-16-ag1068au-amd-ai-5-340-bz7t0pa,BZ7T0PA,No,Còn hàng
03/08/2026,10:25,FPT Retail,Laptop Asus Vivobook 16 X1607CA-MB387W Ultra 5 225H,33490000,24990000,,,,Asus,,,,,,,,,,,https://fptshop.com.vn/may-tinh-xach-tay/asus-vivobook-16-x1607ca-mb387w-ultra-5-225h,,No,Còn hàng
03/08/2026,10:25,FPT Retail,Laptop Acer Aspire 7 Gaming A715-59G-57TU i5-12450H Ram 16GB,23990000,22490000,,,,Acer,Gaming,Aspire 7 Gaming,Core i5,Core i5 12450H,16 GB,SSD 512 GB,15.6 inch,RTX 4050,6G,,https://fptshop.com.vn/may-tinh-xach-tay/acer-aspire-7-gaming-a715-59g-57tu-i5-12450h-16gb,A715-59G-57TU,No,Còn hàng
03/08/2026,10:25,FPT Retail,MacBook Air 15 M5 2026 10CPU/10GPU/24GB/512GB/70W,47490000,45990000,,,,Macbook,Business& Productivity,MacBook Air,,,24 GB (1 thanh 24 GB) Hãng không công bố,SSD 512 GB,,,,,https://fptshop.com.vn/may-tinh-xach-tay/macbook-air-15-m5-2026-10cpu-10gpu-24gb-512gb-70w,,No,Còn hàng
03/08/2026,10:25,FPT Retail,Laptop MSI Gaming Cyborg 15 A13VEK-2089VN i7 13620H,33990000,28990000,,,,Msi,Gaming,Cyborg,Core i7,Core i7 13620H,16 GB,SSD 512 GB,15.6 inch,RTX 4050,6G,,https://fptshop.com.vn/may-tinh-xach-tay/msi-gaming-cyborg-15-a13vek-2089vn-i7-13620h,2089VN,No,Còn hàng
03/08/2026,10:25,FPT Retail,Laptop Lenovo Gaming LOQ 15IPH11 U7 356H (83SL000LVN),50990000,49990000,,,,Lenovo,Gaming,LOQ,Core Ultra 7,Core Ultra 7 356H,16 GB (1 thanh 16 GB) DDR5,SSD 512 GB,"15.3 inch, 1920 x 1200 Pixels, 165Hz, 100% sRGB",RTX 5060,8G,,https://fptshop.com.vn/may-tinh-xach-tay/lenovo-gaming-loq-15iph11-u7-356h-83sl000lvn,83SL000LVN,No,Còn hàng
03/08/2026,10:25,FPT Retail,MacBook Air 15 M5 2026 10CPU/10GPU/16GB/512GB/35W,41990000,40990000,,,,Macbook,Business& Productivity,MacBook Air,,,16 GB (1 thanh 16 GB) Hãng không công bố,SSD 512 GB,,,,,https://fptshop.com.vn/may-tinh-xach-tay/macbook-air-15-m5-2026-10cpu-10gpu-16gb-512gb,,No,Còn hàng
03/08/2026,10:25,FPT Retail,Laptop Asus Vivobook 14 M1407KA-LY849W R5 330,24990000,21490000,,,,Asus,Business& Productivity,Vivobook,Ryzen 5 AI,Ryzen AI 5 330,16 GB (1 thanh 16 GB) DDR5,SSD 512 GB,"14 inch, 1920 x 1200 Pixels, 60Hz, 45% NTSC color gamut",AMD Radeon Graphics,,,https://fptshop.com.vn/may-tinh-xach-tay/asus-vivobook-14-m1407ka-ly849w-r5-330,M1407KA-LY849W,No,Còn hàng
03/08/2026,10:25,FPT Retail,Laptop Acer Swift Lite 14 AI SFL14-51M-56HS Ultra 5 125U,20990000,18090000,,,,Acer,Business& Productivity,Swift,Core Ultra 5,Core Ultra 5 125U,16 GB (2 thanh 8 GB),SSD 512 GB,14 inch,Intel Arc Graphics,,,https://fptshop.com.vn/may-tinh-xach-tay/acer-swift-lite-14-ai-sfl14-51m-56hs-u5-125u,SFL14-51M-56HS,No,Còn hàng
03/08/2026,10:25,FPT Retail,Laptop HP OmniBook 7 14-fs0032TU Core 9 270H (C1NT8PA),41590000,36990000,,,,Hp,Business& Productivity,OmniBook,Core 9,Core 9 270H,32 GB (1 thanh 32 GB) LPDDR5,SSD 512,"14 inch, 1920 x 1200 Pixels, 60Hz, 62.5% SRGB",Intel Graphics,,,https://fptshop.com.vn/may-tinh-xach-tay/hp-omnibook-7-14-fs0032tu-core-9-270h-c1nt8pa,C1NT8PA,No,Còn hàng
03/08/2026,10:25,FPT Retail,Laptop HP Gaming Victus 15-fa2456TX i7 13620H (D2HP1PA),38890000,34990000,,,,Hp,Gaming,VICTUS,Core i7,Core i7 13620H,24 GB DDR5,SSD 512 GB,"15.6 inch, 1920 x 1080 Pixels, 144 HzHz",RTX 5050,8G,,https://fptshop.com.vn/may-tinh-xach-tay/hp-gaming-victus-15-fa2456tx-i7-13620h-d2hp1pa,D2HP1PA,No,Còn hàng
03/08/2026,10:25,FPT Retail,MacBook Pro 14 M5 Pro 2026 15CPU/16GPU/24GB/1TB/70W,68990000,67990000,,,,Macbook,Business& Productivity,MacBook Pro,,,24 GB (1 thanh 24 GB) Hãng không công bố,SSD 1,,,,,https://fptshop.com.vn/may-tinh-xach-tay/macbook-pro-14-m5-pro-2026-15cpu-16gpu-24gb-1tb,,No,Còn hàng
03/08/2026,10:25,FPT Retail,Laptop Asus Vivobook S14 S3407AA-SF945W Ultra 5-325,37490000,29190000,,,,Asus,Business& Productivity,Vivobook,Core Ultra 5,Core Ultra 5 325,16 GB DDR5,SSD 512,"14 inch, 1920 x 1200 Pixels, 60Hz",Intel Graphics,,,https://fptshop.com.vn/may-tinh-xach-tay/asus-vivobook-s14-s3407aa-sf945w-ultra-5-325,S3407AA-SF945W,No,Còn hàng
03/08/2026,10:25,FPT Retail,Laptop Lenovo IdeaPad Slim 5 14IPH11 U5 322 (83S5000CVN),38990000,36990000,,,,Lenovo,Business& Productivity,IdeaPad Slim 5,Core Ultra 5,Core Ultra 5 322,32 GB (2 thanh 16 GB) DDR5,SSD 512,"14 inch, 1920 x 1200 Pixels, 60Hz, 45% NTSC",Intel Graphics,,,https://fptshop.com.vn/may-tinh-xach-tay/lenovo-ideapad-slim-5-14iph11-u5-322-83s5000cvn,83S5000CVN,No,Còn hàng
03/08/2026,10:25,FPT Retail,Laptop Asus Vivobook 14 X1404MA-EB219W Core 5 320,26990000,20890000,,,,Asus,Business& Productivity,Vivobook,Core 5,Core 5 320,8 GB DDR5,SSD 512,"14 inch, 1920 x 1080 Pixels, 60Hz, 45% NTSC color gamut",Intel Graphics,,,https://fptshop.com.vn/may-tinh-xach-tay/asus-vivobook-14-x1404ma-eb219w-core-5-320,X1404MA-EB219W,No,Còn hàng
03/08/2026,10:25,FPT Retail,Laptop Dell 15 DC15250 i7-1355U 512GB (i7U161W11SLU),24990000,23490000,,,,Dell,Business& Productivity,Dell 15,Core i7,Core i7 1355U,16 GB,SSD 512 GB,15.6 inch,Intel UHD Graphics,,,https://fptshop.com.vn/may-tinh-xach-tay/dell-15-dc15250-i7-1355u-i7u161w11slu-512gb,512GB,No,Còn hàng
03/08/2026,10:25,FPT Retail,Laptop Asus Vivobook X1605VA-MB1826W i3-1315U,15990000,15490000,,,,Asus,Business& Productivity,Vivobook,Core i3,Core i3 1315U,8 GB (1 thanh 8 GB),SSD 512 GB,16 inch,Intel UHD Graphics,,,https://fptshop.com.vn/may-tinh-xach-tay/asus-vivobook-x1605va-mb1826w,X1605VA-MB1826W,No,Còn hàng
03/08/2026,10:25,FPT Retail,Laptop Asus Gaming V16 V3607VU-RP343W Core 5 210H,26990000,25690000,,,,Asus,Gaming,Gaming V16,Core 5,Core 5 210H,16 GB (1 thanh 16 GB) DDR5,SSD 512,"16 inch, 1920 x 1200 Pixels, 144 HzHz, 45% NTSC",RTX 4050,6G,,https://fptshop.com.vn/may-tinh-xach-tay/asus-gaming-v16-v3607vu-rp343w-core-5-210h,V3607VU-RP343W,No,Còn hàng
03/08/2026,10:25,FPT Retail,Laptop Asus Vivobook 14 X1404MA-EB029W Core 7 350,35490000,28390000,,,,Asus,Business& Productivity,Vivobook,Core 7,Core 7 350,16 GB DDR5,SSD 512,"14 inch, 1920 x 1080 Pixels, 60Hz, 45% NTSC color gamut",,,,https://fptshop.com.vn/may-tinh-xach-tay/asus-vivobook-14-x1404ma-eb029w-core-7-350,X1404MA-EB029W,No,Còn hàng
03/08/2026,10:25,FPT Retail,Laptop MSI Gaming Katana 15 HX B14WFK-267VN i7 14650HX,,,,,,Msi,Gaming,Katana,Core i7,Core i7 14650HX,32 GB (2 thanh 16 GB),SSD 512 GB,15.6 inch,RTX 5060,8G,,https://fptshop.com.vn/may-tinh-xach-tay/msi-gaming-katana-15-hx-b14wfk-267vn-i7-14650hx,267VN,No,Hàng sắp về
03/08/2026,10:25,FPT Retail,MacBook Pro 14 M5 2026 10CPU/10GPU/32GB/1TB/96W,66490000,65490000,,,,Macbook,Business& Productivity,MacBook Pro,,,32 GB (1 thanh 32 GB) Hãng không công bố,SSD 1,,,,,https://fptshop.com.vn/may-tinh-xach-tay/macbook-pro-14-m5-2026-10cpu-10gpu-32gb-1tb-96w,,No,Còn hàng
03/08/2026,10:25,FPT Retail,Laptop Asus Gaming V16 V3607VU-RP216W Core 7-240H,30990000,27990000,,,,Asus,Gaming,Gaming V16,Core 7,Core 7 240H,16 GB (1 thanh 16 GB) DDR5,SSD 512,"16 inch, 1920 x 1200 Pixels, 144 HzHz, 45% NTSC",RTX 4050,6G,,https://fptshop.com.vn/may-tinh-xach-tay/asus-gaming-v16-v3607vu-rp216w-core-7-240h,V3607VU-RP216W,No,Còn hàng
03/08/2026,10:25,FPT Retail,Laptop Lenovo Ideapad Slim 3 16ARP10 Ryzen 5 7535HS (83K80075VN),20990000,19990000,,,,Lenovo,Business& Productivity,IdeaPad Slim 3,Ryzen 5,Ryzen 5 7535HS,24 GB,SSD 512 GB,16 inch,AMD Radeon 660M,,,https://fptshop.com.vn/may-tinh-xach-tay/lenovo-ideapad-slim-3-16arp10-ryzen-5-7535hs-83k80075vn,83K80075VN,No,Còn hàng
03/08/2026,10:25,FPT Retail,MacBook Pro 14 M5 2026 10CPU/10GPU/24GB/1TB/96W,60990000,57990000,,,,Macbook,Business& Productivity,MacBook Pro,,M5 10,24 GB (1 thanh 24 GB) Hãng không công bố,SSD 1,"14 inch, 3024 x 1964 Pixels, 120 HzHz",,,,https://fptshop.com.vn/may-tinh-xach-tay/macbook-pro-14-m5-2026-10cpu-10gpu-24gb-1tb-96w,,No,Còn hàng
03/08/2026,10:25,FPT Retail,Laptop HP 14-ep1137TU Ultra 7-155H (C2CY8PA),26590000,23390000,,,,Hp,Business& Productivity,HP 14,Core Ultra 7,Core Ultra 7 155H,16 GB (2 thanh 8 GB) LPDDR5,SSD 512,"14 inch, 1920 x 1080 Pixels, 60 HzHz, 62.5% SRGB",Intel Graphics,,,https://fptshop.com.vn/may-tinh-xach-tay/hp-14-ep1137tu-ultra-7-155h,C2CY8PA,No,Còn hàng
03/08/2026,10:25,FPT Retail,Laptop Asus Vivobook Gaming V16 V3607VM-RP044W Core 7 240H,37290000,35490000,,,,Asus,Gaming,Vivobook Gaming,Core 7,Core 7 240H,16 GB DDR5,SSD 1,"16 inch, 1920 x 1200 Pixels, 144 HzHz, 45% NTSC color gamut",RTX 5060,8G,,https://fptshop.com.vn/may-tinh-xach-tay/asus-vivobook-gaming-v16-v3607vm-rp044w-core-7-240h,V3607VM-RP044W,No,Còn hàng
03/08/2026,10:25,FPT Retail,Laptop Asus Gaming V16 V3607VH-RP025W Core 7-240H,33990000,31990000,,,,Asus,Gaming,Gaming V16,Core 7,Core 7 240H,16 GB (1 thanh 16 GB) DDR5,SSD 512,"16 inch, 1920 x 1200 Pixels, 144 HzHz, 45% NTSC",RTX 5050,8G,,https://fptshop.com.vn/may-tinh-xach-tay/asus-gaming-v16-v3607vh-rp025w-core-7-240h,V3607VH-RP025W,No,Còn hàng
03/08/2026,10:25,FPT Retail,Laptop Asus Vivobook S14 S3407CA-SF913W Ultra 5 225H,35990000,26190000,,,,Asus,Business& Productivity,Vivobook,Core Ultra 5,Core Ultra 5 225H,16 GB DDR5,SSD 512,"14 inch, 1920 x 1200 Pixels, 60Hz",Intel Graphics,,,https://fptshop.com.vn/may-tinh-xach-tay/asus-vivobook-s14-s3407ca-sf913w-ultra-5-225h,S3407CA-SF913W,No,Còn hàng
03/08/2026,10:25,FPT Retail,Laptop Gigabyte Gaming A16 CTHI3VN893SH i7 13620H,36990000,35290000,,,,Gigabyte,Gaming,Gaming A16,Core i7,Core i7 13620H,16 GB (1 thanh 16 GB),SSD 512 GB,16 inch,RTX 5050,8G,,https://fptshop.com.vn/may-tinh-xach-tay/gigabyte-gaming-a16-cthi3vn893sh-i7-13620h,CTHI3VN893S,No,Còn hàng
03/08/2026,10:25,FPT Retail,Laptop Lenovo Yoga 7 2-in-1 14IPH11 U7 355 (83TC002JVN),55990000,53990000,,,,Lenovo,Business& Productivity,Yoga,Core Ultra 7,Core Ultra 7 355,32 GB (2 thanh 16 GB) DDR5,SSD 1,"14 inch, 1920 x 1200 Pixels, 60 HzHz, 100% DCI-P3",,,,https://fptshop.com.vn/may-tinh-xach-tay/lenovo-yoga-7-2-in-1-14iph11-u7-355-83tc002jvn,83TC002JVN,No,Còn hàng
03/08/2026,10:25,FPT Retail,Laptop HP OmniBook 7 16-az0038TU Core 5-210H (C2CX1PA),31590000,29490000,,,,Hp,Business& Productivity,OmniBook,Core 5,Core 5 210H,24 GB (2 thanh 12GB) LPDDR5,SSD 512,"16 inch, 1920 x 1200 Pixels, 0 Hãng không công bốHz, 62.5% SRGB",Intel Graphics,,,https://fptshop.com.vn/may-tinh-xach-tay/hp-omnibook-7-16-az0038tu-core-5-210h-c2cx1pa,C2CX1PA,No,Còn hàng
03/08/2026,10:25,FPT Retail,Laptop HP OmniBook 7 16-az0043TU Core 7-240H (C2CX3PA),38590000,34990000,,,,Hp,Business& Productivity,OmniBook,Core 7,Core 7 240H,32 GB (2 thanh 16 GB) LPDDR5,SSD 512,"16 inch, 1920 x 1200 Pixels, 0 Hãng không công bốHz, 62.5% SRGB",Intel Graphics,,,https://fptshop.com.vn/may-tinh-xach-tay/hp-omnibook-7-16-az0043tu-core-7-240h-c2cx3pa,C2CX3PA,No,Còn hàng
03/08/2026,10:25,FPT Retail,Laptop Lenovo Gaming LOQ 15IRX10 i7-13645HX (83JE01AGVN),42990000,39950000,,,,Lenovo,Gaming,LOQ,Core i7,Core i7 13645HX,16 GB (1 thanh 16 GB),SSD 512 GB,15.6 inch,RTX 5050,8G,,https://fptshop.com.vn/may-tinh-xach-tay/lenovo-gaming-loq-15irx10-i7-13645hx-83je01agvn,83JE01AGVN,No,Còn hàng
03/08/2026,10:25,FPT Retail,Laptop Lenovo ThinkPad E14 Gen 7 U5 225U (21SX005NVN),33990000,31990000,,,,Lenovo,Business& Productivity,ThinkPad,Core Ultra 5,Core Ultra 5 225U,16 GB DDR5,SSD 512,"14 inch, 1920 x 1200 Pixels, 60 HzHz, 45% NTSC",,,,https://fptshop.com.vn/may-tinh-xach-tay/lenovo-thinkpad-e14-gen-7-u5-225u-21sx005nvn,21SX005NVN,No,Còn hàng
03/08/2026,10:25,FPT Retail,Laptop Lenovo IdeaPad Slim 5 OLED 15ARP10 R7-7735HS Ram 16GB(83J3001DVN),31990000,30990000,,,,Lenovo,Business& Productivity,IdeaPad Slim 5,Ryzen 7,Ryzen 7 7735HS,16 GB (2 thanh 8 GB),SSD 512 GB,15.1 inch,AMD Radeon 680M Graphics,,,https://fptshop.com.vn/may-tinh-xach-tay/lenovo-ideapad-slim-5-oled-15arp10-83j3001dvn,83J3001DVN,No,Còn hàng
03/08/2026,10:25,FPT Retail,Laptop Dell 16 Plus DB16250 Ultra 5 226V (DB6U5387W1),38990000,36990000,,,,Dell,Business& Productivity,Dell 16,Core Ultra 5,Core Ultra 5 226V,16 GB LPDDR5X,SSD 1,"16 inch, 2560 x 1600 Pixels, 60 HzHz, 45% NTSC",Intel Iris Xe Graphics,,,https://fptshop.com.vn/may-tinh-xach-tay/dell-16-plus-db16250-ultra-5-226v-db6u5387w1,DB6U5387W1,No,Còn hàng
03/08/2026,10:25,FPT Retail,Laptop Dell Inspiron 14 5441 X1P-64-100 (N4O10441W1),30990000,26990000,,,,Dell,Business& Productivity,Inspiron,Snapdragon X,Snapdragon X Series X1P 64 100,16 GB LPDDR5X,SSD 1,"14.0 inch, 1920 x 1200 Pixels, 60 HzHz, 45% NTSC",Qualcomm Adreno GPU,,,https://fptshop.com.vn/may-tinh-xach-tay/dell-inspiron-14-5441-x1p-64-100n4o10441w1,N4O10441W1,No,Còn hàng
03/08/2026,10:25,FPT Retail,MacBook Pro 16 M5 Pro 2026 18CPU/20GPU/24GB/1TB/Nano/140W,86190000,85190000,,,,Macbook,Business& Productivity,MacBook Pro,,,24 GB (1 thanh 24 GB) Hãng không công bố,SSD 1,,,,,https://fptshop.com.vn/may-tinh-xach-tay/macbook-pro-16-m5-pro-2026-18cpu-20gpu-24gb-1tb-nano,,No,Còn hàng
03/08/2026,10:25,FPT Retail,MacBook Pro 14 M5 2026 10CPU/10GPU/32GB/2TB/96W,80290000,78990000,,,,Macbook,Business& Productivity,MacBook Pro,,M5 10,32 GB (1 thanh 32 GB) Hãng không công bố,SSD 2,"14 inch, 3024 x 1964 Pixels, 120 HzHz",,,,https://fptshop.com.vn/may-tinh-xach-tay/macbook-pro-14-m5-2026-10cpu-10gpu-32gb-2tb-96w,,No,Còn hàng
03/08/2026,10:25,FPT Retail,Laptop Acer Aspire Lite 15 AL15-36P-30TN C3 N350,16990000,15990000,,,,Acer,,,,,,,,,,,https://fptshop.com.vn/may-tinh-xach-tay/acer-aspire-lite-15-al15-36p-30tn-c3-n350,,No,Còn hàng
03/08/2026,10:25,FPT Retail,MacBook Pro 14 M5 2026 10CPU/10GPU/32GB/2TB/Nano/96W,84390000,83390000,,,,Macbook,Business& Productivity,MacBook Pro,,,32 GB (1 thanh 32 GB) Hãng không công bố,SSD 2,,,,,https://fptshop.com.vn/may-tinh-xach-tay/macbook-pro-14-m5-2026-10cpu-10gpu-32gb-2tb-nano-96w,,No,Còn hàng
03/08/2026,10:25,FPT Retail,Laptop Lenovo Yoga Slim 7 14AGP11 Ryzen AI 7 445 (83QS001DVN),38990000,37990000,,,,Lenovo,Business& Productivity,Yoga,Ryzen 7 AI,Ryzen AI 7 445,16 GB DDR5,SSD 512,"14 inch, 1920 x 1200 Pixels, 60Hz, 100% sRGB",AMD Radeon 840M,,,https://fptshop.com.vn/may-tinh-xach-tay/lenovo-yoga-slim-7-14agp11-ryzen-ai-7-445-83qs001dvn,83QS001DVN,No,Còn hàng
03/08/2026,10:25,FPT Retail,Laptop Acer Aspire Go 15 AG15-72P-35X9 i3-1305U,14990000,13190000,,,,Acer,Business& Productivity,Aspire Go,Core i3,Core i3 1305U,8 GB DDR4,SSD 256,"15.6 inch, 1920 x 1080 Pixels, 60 HzHz, 45% NTSC",Intel UHD Graphics,,,https://fptshop.com.vn/may-tinh-xach-tay/acer-aspire-go-15-ag15-72p-35x9-i3-1305u,AG15-72P-35X9,No,Còn hàng
03/08/2026,10:25,FPT Retail,Laptop Asus Vivobook S14 M3407HA-SF480W R5-220,25490000,22490000,,,,Asus,Business& Productivity,Vivobook,Ryzen 5,Ryzen 5 220,16 GB DDR5,SSD 512,"14 inch, 1920 x 1200 Pixels, 60Hz",AMD Radeon Graphics,,,https://fptshop.com.vn/may-tinh-xach-tay/asus-vivobook-s14-m3407ha-sf480w-r5-220,M3407HA-SF480W,No,Còn hàng
03/08/2026,10:25,FPT Retail,Laptop Acer Gaming Nitro Lite 16 NL16-71G-71UJ i7-13620H,29990000,26990000,,,,Acer,Gaming,Nitro Lite,Core i7,Core i7 226V,16 GB DDR5,SSD 512,"16 inch, 1920 x 1200 Pixels, 165 HzHz",RTX 3050,6G,,https://fptshop.com.vn/may-tinh-xach-tay/acer-gaming-nitro-lite-16-nl16-71g-71uj-i7-13620h,NL16-71G-71UJ,No,Còn hàng
03/08/2026,10:25,FPT Retail,Laptop Asus Zenbook 14 OLED UX3405CA-PZ187WS Ultra 5 225H,33390000,30790000,,,,Asus,Business& Productivity,Zenbook,Core Ultra 5,Core Ultra 5 225H,16 GB LPDDR5X,SSD 512,"14 inch, 2880 x 1800 Pixels, 120 HzHz, 100% DCI-P3",Intel Arc Graphics,,,https://fptshop.com.vn/may-tinh-xach-tay/asus-zenbook-14-oled-ux3405ca-pz187ws,UX3405CA-PZ187WS,No,Còn hàng
03/08/2026,10:25,FPT Retail,Laptop Asus ExpertBook P3 G2 PM3406CHA-LY0089W R7 8840HS,29990000,25790000,,,,Asus,Business& Productivity,ExpertBook,Ryzen 7,Ryzen 7 8840HS,16 GB DDR5,SSD 512,"14 inch, 1920 x 1200 Pixels, 60Hz, 45% NTSC",AMD Radeon 780M Graphics,,,https://fptshop.com.vn/may-tinh-xach-tay/asus-expertbook-p3-g2-pm3406cha-ly0089w-r7-8840hs,PM3406CHA-LY0089W,No,Còn hàng
03/08/2026,10:25,FPT Retail,Laptop Acer Aspire Go 14 AI AG14-71M-52LH Ultra5 115U,19990000,18990000,,,,Acer,Business& Productivity,Aspire Go,Core Ultra 5,Core Ultra 5 115U,16 GB (1 thanh 16 GB),SSD 512 GB,14 inch,Intel Graphics,,,https://fptshop.com.vn/may-tinh-xach-tay/acer-aspire-go-14-ai-ag14-71m-52lh-ultra5-115u,AG14-71M-52LH,No,Còn hàng
03/08/2026,10:25,FPT Retail,Laptop MSI Venture A16 AI+ A3HMG-017VN Ryzen AI 7 350,29390000,28990000,,,,Msi,Business& Productivity,Venture,Ryzen 7 AI,Ryzen AI 7 350,16 GB (2 thanh 8 GB),SSD 512 GB,16 inch,AMD Radeon 860M Graphics,,,https://fptshop.com.vn/may-tinh-xach-tay/msi-venture-a16-ai-a3hmg-017vn-ryzen-ai-7-350,017VN,No,Còn hàng
03/08/2026,10:25,FPT Retail,Laptop Dell Inspiron 14 5441 SnapX X1P-64-100 (5MNK1),30990000,27990000,,,,Dell,Business& Productivity,Inspiron,Snapdragon X,Snapdragon X Plus X1P 64 100,16 GB,SSD 512 GB,14 inch,Qualcomm Adreno GPU,,,https://fptshop.com.vn/may-tinh-xach-tay/dell-inspiron-14-5441-x1p-64-100-5mnk1,100,No,Còn hàng
03/08/2026,10:25,FPT Retail,Laptop Dell Inspiron 15 3530 i7-1355U (P16WD),26990000,24990000,,,,Dell,Business& Productivity,Inspiron,Core i7,Core i7 1355U,16 GB (2 thanh 8 GB),1GB SSD,15.6 inch,Intel Iris Xe Graphics,,,https://fptshop.com.vn/may-tinh-xach-tay/dell-inspiron-15-3530-i7-1355u-p16wd,P16WD,No,Còn hàng
03/08/2026,10:25,FPT Retail,MacBook Pro 16 M5 Pro 2026 18CPU/20GPU/48GB/1TB/140W,98490000,97490000,,,,Macbook,Business& Productivity,MacBook Pro,,,48 GB Hãng không công bố,SSD 1,"16.2 inch, 3456 x 2234 Pixels, 120 HzHz",,,,https://fptshop.com.vn/may-tinh-xach-tay/macbook-pro-16-m5-pro-2026-18cpu-20gpu-48gb-1tb,,No,Còn hàng
03/08/2026,10:25,FPT Retail,Laptop Lenovo Ideapad Slim 3 14IRH10 i5-13420H (83K0000BVN),21990000,19990000,,,,Lenovo,Business& Productivity,IdeaPad Slim 3,Core i5,Core i5 13420H,16 GB (2 thanh 8 GB),SSD 512 GB,14 inch,Intel UHD Graphics,,,https://fptshop.com.vn/may-tinh-xach-tay/lenovo-ideapad-slim-3-14irh10-i5-13420h-83k0000bvn,83K0000BVN,No,Còn hàng
03/08/2026,10:25,FPT Retail,Laptop Asus ExpertBook P3 G2 PM3606CHA-MB0082W R7 8840HS,29990000,25790000,,,,Asus,Business& Productivity,ExpertBook,Ryzen 7,Ryzen 7 8840HS,16 GB DDR5,SSD 512,"16 inch, 1920 x 1200 Pixels, 60Hz, 45% NTSC",AMD Radeon 780M Graphics,,,https://fptshop.com.vn/may-tinh-xach-tay/asus-expertbook-p3-g2-pm3606cha-mb0082w-r7-8840hs,PM3606CHA-MB0082W,No,Còn hàng
03/08/2026,10:25,FPT Retail,MacBook Pro 16 M5 Max 2026 18CPU/40GPU/48GB/2TB/Nano/140W,139190000,137190000,,,,Macbook,Business& Productivity,MacBook Pro,,M5 Max 18,48 GB Hãng không công bố,SSD 2,"16.2 inch, 3456 x 2234 Pixels, 120 HzHz",,,,https://fptshop.com.vn/may-tinh-xach-tay/macbook-pro-16-m5-max-2026-18cpu-40gpu-48gb-2tb-nano,,No,Còn hàng
03/08/2026,10:25,FPT Retail,MacBook Pro 14 inch M5 2025 10CPU/10GPU/24GB/1TB 96W,60990000,57990000,,,,Macbook,Business& Productivity,MacBook Pro,,M5 10,24 GB (1 thanh 24 GB) Hãng không công bố,SSD 1,"14.2 inch, 3024 x 1964 Pixels, 120 HzHz",,,,https://fptshop.com.vn/may-tinh-xach-tay/macbook-pro-14-inch-m5-2025-10cpu-10gpu-24gb-1tb-96w,,No,Còn hàng
03/08/2026,10:25,FPT Retail,MacBook Pro 14 M5 2026 10CPU/10GPU/24GB/1TB/Nano/96W,65190000,63990000,,,,Macbook,Business& Productivity,MacBook Pro,,,24 GB (1 thanh 24 GB) Hãng không công bố,SSD 1,,,,,https://fptshop.com.vn/may-tinh-xach-tay/macbook-pro-14-m5-2026-10cpu-10gpu-24gb-1tb-nano-96w,,No,Còn hàng
03/08/2026,10:25,FPT Retail,Laptop HP OmniBook X Flip 14-fk0092AU AMD AI 5 340 (BZ7P5PA),31890000,29990000,,,,Hp,Business& Productivity,OmniBook,Ryzen 5 AI,Ryzen AI 5 340,16 GB (2 thanh 8 GB) LPDDR5,SSD 512,"14 inch, 1920 x 1200 Pixels, 0 Hãng không công bốHz, 62.5% SRGB",AMD Radeon 840M Graphics,,,https://fptshop.com.vn/may-tinh-xach-tay/hp-omnibook-x-flip-14-fk0092au-amd-ai-5-340-bz7p5pa,BZ7P5PA,No,Còn hàng
03/08/2026,10:25,FPT Retail,Laptop Asus Gaming ROG Strix G16 G614PM-TS147W R9 8940HX,57990000,53990000,,,,Asus,Gaming,ROG Strix,Ryzen 9,Ryzen 9 8940HX,16 GB DDR5,SSD 512,"16 inch, 2560 x 1600 Pixels, 300Hz, 100% DCI-P3",RTX 5060,8G,,https://fptshop.com.vn/may-tinh-xach-tay/asus-gaming-rog-strix-g16-g614pm-ts147w-r9-8940hx,G614PM-TS147W,No,Còn hàng
03/08/2026,10:25,FPT Retail,MacBook Pro 16 M5 Pro 2026 18CPU/20GPU/48GB/2TB/140W,112290000,110290000,,,,Macbook,Business& Productivity,MacBook Pro,,,48 GB Hãng không công bố,SSD 2,"16.2 inch, 3456 x 2234 Pixels, 120 HzHz",,,,https://fptshop.com.vn/may-tinh-xach-tay/macbook-pro-16-m5-pro-2026-18cpu-20gpu-48gb-2tb,,No,Còn hàng
03/08/2026,10:25,FPT Retail,MacBook Pro 16 M4 Pro 2024 14CPU/20GPU/48GB/512GB,76790000,73490000,,,,Macbook,Business& Productivity,MacBook Pro,,M4 Pro 14,48 GB Hãng không công bố,SSD 512,"16.2 inch, 3456 x 2234 Pixels, 120 HzHz",,,,https://fptshop.com.vn/may-tinh-xach-tay/macbook-pro-16-m4-pro-2024-14cpu-20gpu-48gb-512gb,,No,Còn hàng
03/08/2026,10:25,FPT Retail,Laptop Asus TUF Gaming F16 FX608JMI-TU241W i7-14650HX,44990000,42990000,,,,Asus,Gaming,TUF,Core i7,Core i7 14650HX,,,,RTX 5060,8G,,https://fptshop.com.vn/may-tinh-xach-tay/asus-tuf-gaming-f16-fx608jmi-tu241w-i7-14650hx,FX608JMI-TU241W,No,Còn hàng
03/08/2026,10:25,FPT Retail,Laptop Asus TUF Gaming F16 FX608JHI-TU210W i5-14450HX,47990000,40990000,,,,Asus,Gaming,TUF,Core i5,Core i5 14450HX,16 GB DDR5,SSD 512,"16 inch, 1920 x 1200 Pixels, 144Hz, 72% NTSC color gamut",RTX 5050,8G,,https://fptshop.com.vn/may-tinh-xach-tay/asus-tuf-gaming-f16-fx608jhi-tu210w-i5-14450hx,FX608JHI-TU210W,No,Còn hàng
03/08/2026,10:25,FPT Retail,Laptop Lenovo Gaming LOQ 15IRX9 i7 13645HX (83DV01H3VN),35990000,34990000,,,,Lenovo,Gaming,LOQ,,,,,,,,,https://fptshop.com.vn/may-tinh-xach-tay/lenovo-gaming-loq-15irx9-i7-13645hx-83dv01h3vn,83DV01H3VN,No,Còn hàng
03/08/2026,10:25,FPT Retail,MacBook Pro 14 M5 Pro 2026 18CPU/20GPU/24GB/2TB/96W,88990000,87990000,,,,Macbook,Business& Productivity,MacBook Pro,,,24 GB (1 thanh 24 GB) Hãng không công bố,SSD 2,,,,,https://fptshop.com.vn/may-tinh-xach-tay/macbook-pro-14-m5-pro-2026-18cpu-20gpu-24gb-2tb,,No,Còn hàng
03/08/2026,10:25,FPT Retail,Laptop Dell Latitude 3450 i7 1355U (L3450-1355U-16512W),25990000,24490000,,,,Dell,Business& Productivity,Latitude,Core i7,Core i7 1355U,16 GB (2 thanh 8 GB) DDR5,SSD 512,"14 inch, 1920 x 1080 Pixels, 60 HzHz, 100% sRGB",Intel Iris Xe Graphics,,,https://fptshop.com.vn/may-tinh-xach-tay/dell-latitude-3450-i7-1355u-16512w,16512W,No,Còn hàng
03/08/2026,10:25,FPT Retail,Laptop Asus Vivobook S14 S3407CA-LY096WS Ultra 7 255H,30990000,27590000,,,,Asus,Business& Productivity,Vivobook,Core Ultra 7,Core Ultra 7 255H,16 GB DDR5,SSD 512,"14 inch, 1920 x 1200 Pixels, 60 HzHz",Intel UHD Graphics,,,https://fptshop.com.vn/may-tinh-xach-tay/asus-vivobook-s14-s3407ca-ly096ws-ultra-7-255h,S3407CA-LY096WS,No,Còn hàng
03/08/2026,10:25,FPT Retail,Laptop Lenovo Legion 5 15IRX10 i7-13650HX (83LY00HQVN),52990000,51990000,,,,Lenovo,Gaming,Legion,Core i7,Core i7 13650HX,16 GB (1 thanh 16 GB) DDR5,SSD 512 GB,"15.3 inch, 1920 x 1200 Pixels, 165 HzHz, 100% sRGB",RTX 5060,8G,,https://fptshop.com.vn/may-tinh-xach-tay/lenovo-legion-5-15irx10-i7-13650hx-83ly00hqvn,83LY00HQVN,No,Còn hàng
03/08/2026,10:25,FPT Retail,Laptop Acer Gaming Nitro Lite 16 NL16-71G-56WQ i5-13420H,24990000,24490000,,,,Acer,Gaming,Nitro Lite,Core i5,Core i5 13420H,16 GB DDR5,SSD 512 GB,"15.6 inch, 1920 x 1200 Pixels, 165 HzHz, 45% NTSC",RTX 3050,6G,,https://fptshop.com.vn/may-tinh-xach-tay/acer-gaming-nitro-lite-16-nl16-71g-56wq-i5-13420h,NL16-71G-56WQ,No,Còn hàng
03/08/2026,10:25,FPT Retail,MacBook Pro 14 M5 Pro 2026 18CPU/20GPU/24GB/1TB,75290000,73990000,,,,Macbook,Business& Productivity,MacBook Pro,,,24 GB Hãng không công bố,SSD 1,"14 inch, 3024 x 1964 Pixels, 120 HzHz",,,,https://fptshop.com.vn/may-tinh-xach-tay/macbook-pro-14-m5-pro-2026-18cpu-20gpu-24gb-1tb,,No,Còn hàng
03/08/2026,10:25,FPT Retail,MacBook Pro 14 M5 Pro 2026 15CPU/16GPU/48GB/2TB/96W,99790000,98790000,,,,Macbook,Business& Productivity,MacBook Pro,,M5 Pro 15,48 GB Hãng không công bố,SSD 2,"14 inch, 3024 x 1964 Pixels, 120 HzHz",,,,https://fptshop.com.vn/may-tinh-xach-tay/macbook-pro-14-m5-pro-2026-15cpu-16gpu-48gb-2tb-96w,,No,Còn hàng
03/08/2026,10:25,FPT Retail,Laptop MSI Modern 15 H AI C2HMG-220VN Ultra 7 255H,24990000,23990000,,,,Msi,Business& Productivity,Modern,Core Ultra 7,Core Ultra 7 255H,16 GB (2 thanh 8 GB),SSD 512 GB,15.6 inch,Intel Arc Graphics,,,https://fptshop.com.vn/may-tinh-xach-tay/msi-modern-15-h-ai-c2hmg-220vn-ultra-7-255h,220VN,No,Còn hàng
03/08/2026,10:25,FPT Retail,MacBook Pro 16 M5 Pro 2026 18CPU/20GPU/24GB/2TB/140W,95790000,94790000,,,,Macbook,Business& Productivity,MacBook Pro,,,24 GB (1 thanh 24 GB) Hãng không công bố,SSD 2,,,,,https://fptshop.com.vn/may-tinh-xach-tay/macbook-pro-16-m5-pro-2026-18cpu-20gpu-24gb-2tb,,No,Còn hàng
03/08/2026,10:25,FPT Retail,MacBook Pro 16 M5 Max 2026 18CPU/40GPU/64GB/4TB/Nano/140W,177690000,175690000,,,,Macbook,Business& Productivity,MacBook Pro,,M5 Max 18,64 GB Hãng không công bố,SSD 4,"16.2 inch, 3456 x 2234 Pixels, 120 HzHz",,,,https://fptshop.com.vn/may-tinh-xach-tay/macbook-pro-16-m5-max-2026-18cpu-40gpu-64gb-4tb-nano,,No,Còn hàng
03/08/2026,10:25,FPT Retail,Laptop Acer Aspire Lite 16 AI AL16-71P-71WU Ultra 7 155H,21990000,20990000,,,,Acer,Business& Productivity,Aspire Lite,Core Ultra 7,Core Ultra 7 155H,16 GB (2 thanh 8 GB) DDR5,SSD 512,"16 inch, 1920 x 1200 Pixels, 60 HzHz, 45% NTSC",Intel Arc Graphics,,,https://fptshop.com.vn/may-tinh-xach-tay/acer-aspire-lite-16-ai-al16-71p-71wu-ultra-7-155h,AL16-71P-71WU,No,Còn hàng
03/08/2026,10:25,FPT Retail,Laptop Asus Zenbook 14 UX3405CA-ST628W Ultra 5-225H,31990000,29490000,,,,Asus,Business& Productivity,Zenbook,Core Ultra 5,Core Ultra 5 225H,,,,Intel Arc Graphics,,,https://fptshop.com.vn/may-tinh-xach-tay/asus-zenbook-14-ux3405ca-st628w-ultra-5-225h,UX3405CA-ST628W,No,Còn hàng
03/08/2026,10:25,FPT Retail,MacBook Air 15 M5 2026 10CPU/10GPU/32GB/1TB/70W (Z1M2),61290000,58990000,,,,Macbook,Business& Productivity,MacBook Air,,M5 10,32 GB (1 thanh 32 GB) Hãng không công bố,SSD 1,"15.3 inch, 2880 x 1864 Pixels, 60 HzHz",,,,https://fptshop.com.vn/may-tinh-xach-tay/macbook-air-15-m5-2026-10cpu-10gpu-32gb-1tb-70w,Z1M2,No,Còn hàng
03/08/2026,10:25,FPT Retail,MacBook Pro 16 M4 Pro 2024 14CPU/20GPU/24GB/512GB,66990000,62990000,,,,Macbook,Business& Productivity,MacBook Pro,,M4 Pro 14,24 GB Hãng không công bố,SSD 512,"16.2 inch, 3456 x 2234 Pixels, 120 HzHz",,,,https://fptshop.com.vn/may-tinh-xach-tay/macbook-pro-m4-pro-16-2024-14cpu-20gpu-24gb-512gb,,No,Còn hàng
03/08/2026,10:25,FPT Retail,MacBook Air 15 M5 2026 10CPU/10GPU/16GB/1TB/35W,50290000,46290000,,,,Macbook,Business& Productivity,MacBook Air,,,16 GB (1 thanh 16 GB) Hãng không công bố,SSD 1,,,,,https://fptshop.com.vn/may-tinh-xach-tay/macbook-air-15-m5-2026-10cpu-10gpu-16gb-1tb,,No,Còn hàng
03/08/2026,10:25,FPT Retail,Laptop Acer Gaming Nitro ProPanel AI AN16S-61-R9CN R7 350,54990000,53990000,,,,Acer,Gaming,Nitro ProPanel,Ryzen 7 AI,Ryzen AI 7 350,16 GB DDR5,SSD 512,"16 inch, 2560 x 1600 Pixels, 180Hz, 100% sRGB",RTX 5070,8G,,https://fptshop.com.vn/may-tinh-xach-tay/acer-gaming-nitro-propanel-an16s-61-r9cn-r7-350,AN16S-61-R9CN,No,Còn hàng
03/08/2026,10:25,FPT Retail,Laptop Lenovo V15 G5 IRL i5 13420H (83HF00BVVN),18990000,17990000,,,,Lenovo,Business& Productivity,Lenovo V15,Core i5,Core i5 13420H,8 GB (1 thanh 8 GB) DDR5,SSD 512 GB,"15.6 inch, 1920 x 1080 Pixels, 0 Hãng không công bốHz, 45% NTSC",Intel Arc Graphics,,,https://fptshop.com.vn/may-tinh-xach-tay/lenovo-v15-g5-irl-i5-13420h-83hf00bvvn,83HF00BVVN,No,Còn hàng
03/08/2026,10:25,FPT Retail,Laptop Asus Vivobook Gaming V16 V3607VH-RP024W Core 5 210H,28990000,26990000,,,,Asus,Gaming,Vivobook Gaming,Core 5,Core 5 210H,16 GB DDR5,SSD 512 GB,"16 inch, 1920 x 1200 Pixels, 144 HzHz, 45% NTSC color gamut",RTX 5050,8G,,https://fptshop.com.vn/may-tinh-xach-tay/asus-vivobook-gaming-v16-v3607vh-rp024w-core-5-210h,V3607VH-RP024W,No,Còn hàng
03/08/2026,10:25,FPT Retail,Laptop Dell Inspiron 15 3530 i7-1355U (71053721),23990000,22990000,,,,Dell,Business& Productivity,Inspiron,Core i7,Core i7 1355U,16 GB (2 thanh 8 GB),SSD 512 GB,15.6 inch,Intel Iris Xe Graphics,,,https://fptshop.com.vn/may-tinh-xach-tay/dell-inspiron-15-3530-71053721,71053721,No,Còn hàng
03/08/2026,10:25,FPT Retail,Laptop Acer Swift Go 14 AI SFG14-I71-70RP UX7 358H,50990000,47590000,,,,Acer,Business& Productivity,Swift,Core Ultra X7,Core Ultra X7 358H,32 GB Hãng không công bố,SSD 1,"14 inch, 2880 x 1800 Pixels, 120Hz",Intel Arc B390 GPU,,,https://fptshop.com.vn/may-tinh-xach-tay/acer-swift-go-14-ai-sfg14-i71-70rp-ux7-358h,SFG14-I71-70RP,No,Còn hàng
03/08/2026,10:25,FPT Retail,Laptop Gigabyte Gaming A16 CWHI3VN864SH i7 13620H/32GB/1TB,44990000,43990000,,,,Gigabyte,Gaming,Gaming A16,Core i7,Core i7 13620H,32 GB,1GB SSD,16 inch,RTX 5070,8G,,https://fptshop.com.vn/may-tinh-xach-tay/gigabyte-gaming-a16-cwhi3vn864sh-i7-13620h,CWHI3VN864S,No,Còn hàng
03/08/2026,10:25,FPT Retail,Laptop Lenovo ThinkPad X9-15 G1 Aura Edition U7 258 (21Q60053VN),57200000,56200000,,,,Lenovo,Business& Productivity,ThinkPad,,,,,,,,,https://fptshop.com.vn/may-tinh-xach-tay/lenovo-thinkpad-x9-15-gen-1-aura-edition-ultra-7-258v-21q60053vn,21Q60053VN,No,Còn hàng
03/08/2026,10:25,FPT Retail,MacBook Air 15 M5 2026 10CPU/10GPU/32GB/2TB/70W,74990000,71990000,,,,Macbook,Business& Productivity,MacBook Air,,,32 GB (1 thanh 32 GB) Hãng không công bố,SSD 2,,,,,https://fptshop.com.vn/may-tinh-xach-tay/macbook-air-15-m5-2026-10cpu-10gpu-32gb-2tb-70w,,No,Còn hàng
03/08/2026,10:25,FPT Retail,MacBook Air 13 M5 2026 10CPU/10GPU/32GB/2TB/70W,68990000,65990000,,,,Macbook,Business& Productivity,MacBook Air,,M5 10,32 GB Hãng không công bố,SSD 2,"13.6 inch, 2560 x 1644 Pixels, 60 HzHz",,,,https://fptshop.com.vn/may-tinh-xach-tay/macbook-air-13-m5-2026-10cpu-10gpu-32gb-2tb-70w,,No,Còn hàng
03/08/2026,10:25,FPT Retail,Laptop Acer Gaming Nitro ProPanel AN16S-61-R193 R9 365,60990000,59990000,,,,Acer,Gaming,Nitro ProPanel,Ryzen 9 AI,Ryzen AI 9 365,16 GB (1 thanh 16 GB) DDR5,SSD 512,"16 inch, 2560 x 1600 Pixels, 180Hz, 100% sRGB",RTX 5070,8G,,https://fptshop.com.vn/may-tinh-xach-tay/acer-nitro-propanel-an16s-61-r193-r9-365,AN16S-61-R193,No,Còn hàng
03/08/2026,10:25,FPT Retail,Laptop Asus Gaming ROG Strix G16 G614PR-TS103W R9 8940HX,71990000,68990000,,,,Asus,Gaming,ROG Strix,Ryzen 9,Ryzen 9 8940HX,16 GB DDR5,SSD 512,"16 inch, 2560 x 1600 Pixels, 300Hz, 100% DCI-P3",RTX 5070 Ti,12G,,https://fptshop.com.vn/may-tinh-xach-tay/asus-gaming-rog-strix-g16-g614pr-ts103w-r9-8940hx,G614PR-TS103W,No,Còn hàng
03/08/2026,10:25,FPT Retail,MacBook Air 15 M5 2026 10CPU/10GPU/32GB/1TB/70W (Z1M1),61290000,58990000,,,,Macbook,Business& Productivity,MacBook Air,,M5 10,32 GB (1 thanh 32 GB) Hãng không công bố,SSD 1,"15.3 inch, 2880 x 1864 Pixels, 120 HzHz",,,,https://fptshop.com.vn/may-tinh-xach-tay/macbook-air-15-m5-2026-10cpu-10gpu-32gb-1tb-70w-z1m1,Z1M1,No,Còn hàng
03/08/2026,10:25,FPT Retail,Laptop Dell Inspiron 14 5441 X1-26-100 (71069158),28990000,26990000,,,,Dell,Business& Productivity,Inspiron,Snapdragon X,Snapdragon X Series X1,16 GB DDR5,SSD 512 GB,"14.0 inch, 1920 x 1200 Pixels, 60 HzHz",Qualcomm Adreno GPU,,,https://fptshop.com.vn/may-tinh-xach-tay/dell-inspiron-14-5441-x1-26-100-71069158,100,No,Còn hàng
03/08/2026,10:25,FPT Retail,Laptop Asus Zenbook 14 UX3405CA-ST629W Ultra 7-255H,38690000,35490000,,,,Asus,Business& Productivity,Zenbook,Core Ultra 7,Core Ultra 7 255HX,32 GB DDR5,SSD 512,"14 inch, 2880 x 1800 Pixels, 120Hz, 100% DCI-P3 color gamut",Intel Arc Graphics,,,https://fptshop.com.vn/may-tinh-xach-tay/asus-zenbook-14-ux3405ca-st629w-ultra-7-255h,UX3405CA-ST629W,No,Còn hàng
03/08/2026,10:25,FPT Retail,Laptop Asus TUF Gaming A14 FA401EA-RG034W AMD RYZEN AI MAX+ 392,64990000,60990000,,,,Asus,Gaming,TUF,Ryzen AI Max+,Ryzen AI Max+ 392,64 GB LPDDR5X,SSD 1,"14 inch, 2560 x 1600 Pixels, 165 HzHz",AMD Radeon 8060S,,,https://fptshop.com.vn/may-tinh-xach-tay/asus-tuf-gaming-a14-fa401ea-rg034w-amd-ryzen-ai-max-392,FA401EA-RG034W,No,Còn hàng
03/08/2026,10:25,FPT Retail,Laptop Asus Vivobook 14 X1407AA-LY360W Ultra 5-325,26990000,23790000,,,,Asus,Business& Productivity,Vivobook,Core Ultra 5,Core Ultra 5 325,16 GB DDR5,SSD 512,"14 inch, 1920 x 1080 Pixels, 60 HzHz",Intel Graphics,,,https://fptshop.com.vn/may-tinh-xach-tay/asus-vivobook-14-x1407aa-ly360w-ultra-5-325,X1407AA-LY360W,No,Còn hàng
03/08/2026,10:25,FPT Retail,MacBook Pro 16 M5 Pro 2026 18CPU/20GPU/64GB/4TB/140W,150790000,148790000,,,,Macbook,Business& Productivity,MacBook Pro,,,,,,,,,https://fptshop.com.vn/may-tinh-xach-tay/macbook-pro-16-m5-pro-2026-18cpu-20gpu-64gb-4tb,,No,Còn hàng
03/08/2026,10:25,FPT Retail,Laptop Asus TUF Gaming A14 FA401EA-RG041W AMD AI MAX+ 392,59990000,55490000,,,,Asus,Gaming,TUF,Ryzen AI Max,Ryzen AI Max+ 392,32 GB LPDDR5X,SSD 512,"14 inch, 2560 x 1600 Pixels, 165Hz, 100% sRGB",,,,https://fptshop.com.vn/may-tinh-xach-tay/asus-tuf-gaming-fa401ea-rg041w-amd-ai-max-392,FA401EA-RG041W,No,Còn hàng
03/08/2026,10:25,FPT Retail,Laptop Asus Vivobook S16 S3607AA-SH043W Ultra 7 355,40490000,31490000,,,,Asus,Business& Productivity,Vivobook,Core Ultra 7,Core Ultra 7 355,16 GB DDR5,SSD 512,"16 inch, 1920 x 1200 Pixels, 60Hz, 95% DCI-P3 color gamut",Intel Arc Graphics,,,https://fptshop.com.vn/may-tinh-xach-tay/asus-vivobook-s16-s3607aa-sh043w-ultra-7-355,S3607AA-SH043W,No,Còn hàng
03/08/2026,10:25,FPT Retail,MacBook Pro 16 M5 Pro 2026 18CPU/20GPU/24GB/2TB,95790000,94790000,,,,Macbook,Business& Productivity,MacBook Pro,,M5 Đang cập nhật,24 GB (1 thanh 24 GB) Hãng không công bố,SSD 2,"16.2 inch, 3456 x 2234 Pixels, 120 HzHz",,,,https://fptshop.com.vn/may-tinh-xach-tay/macbook-pro-16-m5-pro-18cpu-20gpu-24gb-2tb,,No,Còn hàng
03/08/2026,10:25,FPT Retail,Laptop Dell 16 Plus DB16250 Ultra 9 288V (X65NW9),60990000,58990000,,,,Dell,Business& Productivity,Dell 16,Core Ultra 9,Core Ultra 9 288V,32 GB DDR5,SSD 2,"16 inch, 2560 x 1600 Pixels, 120 HzHz, 45% NTSC",Intel Arc Graphics,,,https://fptshop.com.vn/may-tinh-xach-tay/dell-16-plus-db16250-ultra-9-288v,X65NW9,No,Còn hàng
03/08/2026,10:25,FPT Retail,Laptop Lenovo IdeaPad Slim 3 15IRH10 i5-13420H (83K1002PVN),22990000,21990000,,,,Lenovo,Business& Productivity,IdeaPad Slim 3,Core i5,Core i5 13420H,16 GB (2 thanh 8 GB) DDR5,SSD 512,"15.1 inch, 2560 x 1600 Pixels, 165 HzHz, 100% DCI-P3",,,,https://fptshop.com.vn/may-tinh-xach-tay/lenovo-ideapad-slim-3-15irh10-i5-13420h-83k1002pvn,83K1002PVN,No,Còn hàng
03/08/2026,10:25,FPT Retail,Laptop Dell Latitude 3450 i5-1335U (16512W UMC),25990000,24990000,,,,Dell,Business& Productivity,Latitude,Core i5,Core i5 1335U,16 GB (2 thanh 8 GB) DDR5,SSD 512,"14 inch, 1920 x 1080 Pixels, 60 HzHz, 100% sRGB",Intel Iris Xe Graphics,,,https://fptshop.com.vn/may-tinh-xach-tay/dell-latitude-3450-i5-1335u-16512w-umc,16512W UMC,No,Còn hàng
03/08/2026,10:25,FPT Retail,Laptop MSI Prestige 16 AI+ C3MG-024VN UX9-388H,56990000,55490000,,,,Msi,Business& Productivity,Prestige,Core Ultra X9,Core Ultra X9 388H,32 GB (1 thanh 32 GB) LPDDR5X,SSD 1,"14 inch, 2880 x 1800 Pixels, 60 HzHz",Intel Arc 140V GPU (16GB),,,https://fptshop.com.vn/may-tinh-xach-tay/msi-prestige-16-ai-c3mg-024vn-ux9-388h,024VN,No,Còn hàng
03/08/2026,10:25,FPT Retail,Laptop Acer Gaming Predator Triton 14 AI PT14-52T-99TU Ultra 9 288V,95990000,93990000,,,,Acer,Gaming,Predator,Core Ultra 9,Core Ultra 9 288V,32 GB LPDDR5X,SSD 2,"14.5 inch, 2880 x 1800 Pixels, 120 HzHz",NVIDIA / Intel Arc Graphics,,,https://fptshop.com.vn/may-tinh-xach-tay/acer-gaming-predator-triton-14-ai-pt14-52t-99tu-u9-288v,PT14-52T-99TU,No,Còn hàng
03/08/2026,10:25,FPT Retail,Laptop MSI Prestige 13 AI Evo A1MG-062VN Ultra 7 155H,34990000,33990000,,,,Msi,Business& Productivity,Prestige,Core Ultra 7,Core Ultra 7 155H,32 GB (1 thanh 32 GB),1GB SSD,13.3 inch,Intel UHD Graphics,,,https://fptshop.com.vn/may-tinh-xach-tay/msi-prestige-13-ai-evo-a1mg-062vn,062VN,No,Còn hàng
03/08/2026,10:25,FPT Retail,MacBook Air 15 M5 2026 10CPU/10GPU/24GB/1TB/35W,55790000,53990000,,,,Macbook,Business& Productivity,MacBook Air,,M5 10,24 GB (1 thanh 24 GB) Hãng không công bố,SSD 1,"15.3 inch, 2880 x 1864 Pixels, 60 HzHz",,,,https://fptshop.com.vn/may-tinh-xach-tay/macbook-air-15-m5-2026-10cpu-10gpu-24gb-1tb,,No,Còn hàng
03/08/2026,10:25,FPT Retail,Laptop Dell Inspiron 5440 Core 7 150U (C7U165W11IBD2),29890000,29490000,,,,Dell,Business& Productivity,Inspiron,Core 7,Core 7 150U,16 GB DDR5,SSD 512 GB,"14.0 inch, 1920 x 1200 Pixels, 60 HzHz",Nvidia GeForce MX570A 2GB / Intel Graphics,2G,,https://fptshop.com.vn/may-tinh-xach-tay/dell-inspiron-5440-core-7-150u-c7u165w11ibd2,U165W11IBD2,No,Còn hàng
03/08/2026,10:25,FPT Retail,MacBook Pro 14 M5 2025 10CPU/10GPU/16GB/1TB Nano,59590000,58490000,,,,Macbook,Business& Productivity,MacBook Pro,,M5 10,16 GB (1 thanh 16 GB) Hãng không công bố,SSD 1,"14.2 inch, 3024 x 1964 Pixels, 120 HzHz",,,,https://fptshop.com.vn/may-tinh-xach-tay/macbook-pro-14-m5-2025-10cpu-10gpu-16gb-1tb-nano,,No,Còn hàng
03/08/2026,10:25,FPT Retail,MacBook Pro 16 M4 Pro 2024 14CPU/20GPU/48GB/512GB,76790000,73490000,,,,Macbook,Business& Productivity,MacBook Pro,,M4 Pro 14,48 GB Hãng không công bố,SSD 512,"16.2 inch, 3456 x 2234 Pixels, 120 HzHz",,,,https://fptshop.com.vn/may-tinh-xach-tay/macbook-pro-m4-pro-16-2024-14cpu-20gpu-48gb-512gb,,No,Còn hàng
03/08/2026,10:25,FPT Retail,Laptop Acer Predator Helios Neo Gaming PHN16S-I51-98CX U9 386H,72990000,72690000,,,,Acer,Gaming,Predator,Ultra 9,U9 386H,RAM 16 GB,512GB NVMe PCIe Gen3x4 SSD w/o DRAM,,RTX 5060,,,https://fptshop.com.vn/may-tinh-xach-tay/acer-predator-helios-neo-16s-phn16s-i51-98cx-u9-386h,PHN16S-I51-98CX,No,Còn hàng
03/08/2026,10:25,FPT Retail,Laptop Dell Inspiron 15 3530 i7-1355U (N3530-i7U161W11SLU-BL),23990000,22990000,,,,Dell,Business& Productivity,Inspiron,Core i7,Core i7 1355U,16 GB (2 thanh 8 GB) DDR4,SSD 512,"15.6 inch, 1920 x 1080 Pixels, 120 HzHz, 45% NTSC",Intel Iris Xe Graphics,,,https://fptshop.com.vn/may-tinh-xach-tay/dell-inspiron-15-3530-i7-1355un3530-i7u161w11slu-bl,N3530-i7U161W11SLU-BL,No,Còn hàng
03/08/2026,10:25,FPT Retail,Laptop Acer Gaming Nitro ProPanel ANV16-72-782F Core 7 240H,40990000,38990000,,,,Acer,Gaming,Nitro ProPanel,Core 7,Core 7 240H,16 GB DDR5,SSD 512,"16 inch, 1920 x 1200 Pixels, 180Hz, 100% sRGB",RTX 5050,8G,,https://fptshop.com.vn/may-tinh-xach-tay/acer-gaming-nitro-propanel-anv16-72-782f-core-7-240h,ANV16-72-782F,No,Còn hàng
03/08/2026,10:25,FPT Retail,Laptop Acer Gaming Nitro ProPanel AN16S-61-R5F4 R7 350,47990000,45990000,,,,Acer,Gaming,Nitro ProPanel,Ryzen 7 AI,Ryzen AI 7 350,16 GB (1 thanh 16 GB) DDR5,SSD 512,"16 inch, 1920 x 1200 Pixels, 180Hz, 100% sRGB",RTX 5060,8G,,https://fptshop.com.vn/may-tinh-xach-tay/acer-gaming-nitro-propanel-an16s-61-r5f4-r7-350,AN16S-61-R5F4,No,Còn hàng
03/08/2026,10:25,FPT Retail,Laptop Acer Nitro ProPanel Gaming ANV16S-61-R0B8 AI R5 340,41990000,40990000,,,,Acer,Gaming,Nitro ProPanel,Ryzen 5,R5 340,RAM 16 GB,512GB NVMe PCIe Gen3x4 SSD w/o DRAM,,RTX 5050,,,https://fptshop.com.vn/may-tinh-xach-tay/acer-gaming-nitro-propanel-anv16s-61-r0b8-r5-340,ANV16S-61-R0B8,No,Còn hàng
03/08/2026,10:25,FPT Retail,Laptop MSI Modern 14 F13MG-466VN i5 1334U,18990000,17990000,,,,Msi,Business& Productivity,Modern,Core i5,Core i5 1334U,16 GB (2 thanh 8 GB),SSD 512 GB,14 inch,Intel Iris Xe Graphics,,,https://fptshop.com.vn/may-tinh-xach-tay/msi-modern-14-f13mg-466vn-i5-1334u,466VN,No,Còn hàng
03/08/2026,10:25,FPT Retail,Laptop Asus Vivobook 15 OLED A1505VA-L1688W i7-13620H,22990000,21990000,,,,Asus,Business& Productivity,Vivobook,Core i7,Core i7 13620H,16 GB (2 thanh 8 GB) DDR4,SSD 512,"15.6 inch, 1920 x 1080 Pixels, 60 HzHz",Intel UHD Graphics,,,https://fptshop.com.vn/may-tinh-xach-tay/asus-vivobook-15-oled-a1505va-l1688w-i7-13620h,A1505VA-L1688W,No,Còn hàng
03/08/2026,10:25,FPT Retail,Laptop Asus Vivobook 14 X1407CA-LY203W Ultra 5 225H,33490000,24890000,,,,Asus,Business& Productivity,Vivobook,Core Ultra 5,Core Ultra 5 225H,16 GB DDR5,SSD 512,"14 inch, 1920 x 1200 Pixels, 60Hz, 45% NTSC color gamut",,,,https://fptshop.com.vn/may-tinh-xach-tay/asus-vivobook-14-x1407ca-ly203w-ultra-5-225h,X1407CA-LY203W,No,Còn hàng
03/08/2026,10:25,FPT Retail,Laptop Acer Nitro ProPanel Gaming ANV16S-61-R0B8 AI R5 340,41990000,40990000,,,,Acer,Gaming,Nitro ProPanel,Ryzen 5,R5 340,RAM 16 GB,512GB NVMe PCIe Gen3x4 SSD w/o DRAM,,RTX 5050,,,https://fptshop.com.vn/may-tinh-xach-tay/acer-gaming-nitro-propanel-anv16s-71-58wq-c5-210,ANV16S-61-R0B8,No,Còn hàng
03/08/2026,10:25,FPT Retail,MacBook Pro 16 M5 Max 2026 18CPU/32GPU/36GB/2TB/140W,119990000,117990000,,,,Macbook,Business& Productivity,MacBook Pro,,,36 GB (1 thanh 36 GB) Hãng không công bố,SSD 2,,,,,https://fptshop.com.vn/may-tinh-xach-tay/macbook-pro-16-m5-max-2026-18cpu-32gpu-36gb-2tb,,No,Còn hàng
03/08/2026,10:25,FPT Retail,Laptop Lenovo Gaming Legion Pro 7 16IAX10H Ultra 9 275HX (83F500JGVN),,,,,,Lenovo,Gaming,Legion,Core Ultra 9,Core Ultra 9 275HX,,,,,,,https://fptshop.com.vn/may-tinh-xach-tay/lenovo-gaming-legion-pro-7-16iax10h-u9-275hx-83f500jgvn,83F500JGVN,No,Hàng sắp về
03/08/2026,10:25,FPT Retail,MacBook Pro 14 M5 2025 10CPU/10GPU/24GB/1TB Nano,65190000,63990000,,,,Macbook,Business& Productivity,MacBook Pro,,,24 GB (1 thanh 24 GB) Hãng không công bố,SSD 1,,,,,https://fptshop.com.vn/may-tinh-xach-tay/macbook-pro-14-m5-2025-10cpu-10gpu-24gb-1tb-nano,,No,Còn hàng
03/08/2026,10:25,FPT Retail,Laptop Gigabyte Gaming G6X 9MG i7 13650HX (9RC6L9MGHSJIX1VN000),29990000,28990000,,,,Gigabyte,Gaming,Gaming G6X,Core i7,Core i7 13650HX,16 GB (2 thanh 8 GB),1GB SSD,16 inch,RTX 4050,6G,,https://fptshop.com.vn/may-tinh-xach-tay/gigabyte-gaming-g6x-9mg-i7-13650hx-9rc6l9mghsjix1vn000,9RC6L9MGHSJIX1VN000,No,Còn hàng
03/08/2026,10:25,FPT Retail,Laptop HP Gaming Victus 16-r0378TX i5-13500HX (AY8Z4PA),29390000,26390000,,,,Hp,Gaming,VICTUS,Core i5,Core i5 13500HX,16 GB (2 thanh 8 GB) DDR5,SSD 512 GB,"16.1 inch, 1920 x 1080 Pixels, 165 HzHz, 100% sRGB",,,,https://fptshop.com.vn/may-tinh-xach-tay/hp-gaming-victus-16-r0378tx-i5-13500hx-ay8z4pa,13500HX,No,Còn hàng
03/08/2026,10:25,FPT Retail,Laptop HP Envy X360 14-fc0161TU Ultra 5 125U (AY8X0PA),29290000,26290000,,,,Hp,Business& Productivity,Envy,Core Ultra 5,Core Ultra 5 125U,16 GB (2 thanh 8 GB) LPDDR5,SSD 512,"14 inch, 2880 x 1800 Pixels Màn hình chính:, 120 HzHz, 100% DCI-P3",,,,https://fptshop.com.vn/may-tinh-xach-tay/hp-envy-x360-14-fc0161tu-core-ultra-5-125u,AY8X0PA,No,Còn hàng
03/08/2026,10:25,FPT Retail,Laptop Asus Gaming ROG Strix G16 G614PW-TS051W R9 8940HX,81990000,76990000,,,,Asus,Gaming,ROG Strix,Ryzen 9,Ryzen 9 8940HX,16 GB DDR5,SSD 1,"16 inch, 2560 x 1600 Pixels, 300Hz, 100% DCI-P3",RTX 5080,16G,,https://fptshop.com.vn/may-tinh-xach-tay/asus-gaming-rog-strix-g16-g614pw-ts051w-r9-8940hx,G614PW-TS051W,No,Còn hàng
03/08/2026,10:25,FPT Retail,Laptop Asus Gaming ROG Zephyrus G16 GU606AM-TB032W Ultra 9 386H,89990000,84990000,,,,Asus,Gaming,ROG Zephyrus,Core Ultra 9,Core Ultra 9 386H,32 GB LPDDR5X,SSD 1,"16 inch, 2560 x 1600 Pixels, 240Hz, 100% DCI-P3",RTX 5060,8G,,https://fptshop.com.vn/may-tinh-xach-tay/asus-gaming-rog-zephyrus-g16-gu606am-tb032w-ultra-9-386h,GU606AM-TB032W,No,Còn hàng
03/08/2026,10:25,FPT Retail,Laptop Acer Gaming Predator 16 PHN16-I31-74MN i7 14650HX,56990000,54990000,,,,Acer,Gaming,Predator,Core i7,Core i7 14650HX,32 GB (2 thanh 16 GB) DDR5,SSD 512,"16 inch, 1920 x 1200 Pixels, 180Hz, 100% sRGB",RTX 5050,8G,,https://fptshop.com.vn/may-tinh-xach-tay/acer-gaming-predator-helios-neo-16-phn16-i31-74mn-i7-14650hx,PHN16-I31-74MN,No,Còn hàng
03/08/2026,10:25,FPT Retail,Laptop Acer Swift Edge SFA16-41-R3L6 R7-6800U (NX.KABSV.002),30490000,29490000,,,,Acer,Business& Productivity,Swift,Ryzen 7,Ryzen 7 6800H,16 GB (1 thanh 16 GB) LPDDR5,SSD 1 TB,"16.0 inch, 3840 x 2400 Pixels Màn hình chính:, 60 HzHz",,,,https://fptshop.com.vn/may-tinh-xach-tay/acer-swift-edge-sfa16-41-r3l6-r7-6800u,SFA16-41-R3L6,No,Còn hàng
03/08/2026,10:25,FPT Retail,Acer Gaming Predator Helios Neo 16 PHN16-I31-50H7 i5 14450HX,51990000,49990000,,,,Acer,Gaming,Predator,Core i5,Core i5 14450HX,32 GB (2 thanh 16 GB) DDR5,SSD 512,"16 inch, 1920 x 1200 Pixels, 180Hz, 100% sRGB",RTX 5050,8G,,https://fptshop.com.vn/may-tinh-xach-tay/acer-gaming-predator-helios-neo-16-phn16-i31-50h7-i5-14450hx,PHN16-I31-50H7,No,Còn hàng
03/08/2026,10:25,FPT Retail,Laptop Asus Gaming ROG Zephyrus G14 GU405AR-SY016W Ultra 9 386H,,96990000,,,,Asus,Gaming,ROG Zephyrus,Core Ultra 9,Core Ultra 9 386H,32 GB LPDDR5X,SSD 1,"14 inch, 2880 x 1800 Pixels, 120Hz",RTX 5070 Ti,12G,,https://fptshop.com.vn/may-tinh-xach-tay/asus-gaming-rog-zephyrus-g14-gu405ar-sy016w-ultra-9-386h,GU405AR-SY016W,No,Còn hàng
03/08/2026,10:25,FPT Retail,MacBook Air 13 M5 2026 10CPU/10GPU/16GB/512GB/70W,39390000,37990000,,,,Macbook,Business& Productivity,MacBook Air,,,16 GB (1 thanh 16 GB) Hãng không công bố,SSD 512,,,,,https://fptshop.com.vn/may-tinh-xach-tay/macbook-air-13-m5-2026-10cpu-10gpu-16gb-512gb-70w,,No,Còn hàng
03/08/2026,10:25,FPT Retail,MacBook Pro 16 M5 Max 2026 18CPU/40GPU/128GB/8TB/Nano/140W,276690000,271690000,,,,Macbook,Business& Productivity,MacBook Pro,,M5 Max 18,128 GB Hãng không công bố,SSD 8,"16.2 inch, 3456 x 2234 Pixels, 120 HzHz",,,,https://fptshop.com.vn/may-tinh-xach-tay/macbook-pro-16-m5-max-2026-18cpu-40gpu-128gb-8tb-nano,,No,Còn hàng
03/08/2026,10:25,FPT Retail,Laptop Acer Aspire Lite 15 AL15-41P-R3QL R7 5700U,14990000,11990000,,,,Acer,Business& Productivity,Aspire Lite,Ryzen 7,Ryzen 7 5700U,8 GB,SSD 512 GB,15.6 inch,AMD Radeon Graphics,,,https://fptshop.com.vn/may-tinh-xach-tay/acer-aspire-lite-15-al15-41p-r3ql-r7-5700u-8gb,AL15-41P-R3QL,No,Còn hàng
03/08/2026,10:25,FPT Retail,Laptop Asus TUF Gaming FA506NCG-HN184W R7-7445HS,23690000,22690000,,,,Asus,Gaming,TUF,Ryzen 7,Ryzen 7 7445HS,16 GB (1 thanh 16 GB) DDR5,SSD 512 GB,"15.6 inch, 1920 x 1080 Pixels, 144 HzHz, 45% NTSC color gamut",RTX 3050,4G,,https://fptshop.com.vn/may-tinh-xach-tay/asus-tuf-gaming-fa506ncg-hn184w-r7-7445hs,FA506NCG-HN184W,No,Còn hàng
03/08/2026,10:25,FPT Retail,Laptop LG Grambook 15U50T-G.AV56A5 i5 1334U,,16990000,,,,Lg,,,Core i5,Core i5 1334U,16 GB (1 thanh 16 GB) DDR4,SSD 512 GB,"15.6 inch, 1920 x 1080 Pixels, 60 HzHz",,,,https://fptshop.com.vn/may-tinh-xach-tay/lg-grambook-15u50t-gav56a5-i5-1334u,15U50T-G.AV56A5,No,Còn hàng
03/08/2026,10:25,FPT Retail,Laptop MSI Prestige 13 AI+ Evo A2VMG-040VN Ultra 7 258V,42990000,41990000,,,,Msi,Business& Productivity,Prestige,Core Ultra 7,Core Ultra 7 258V,32 GB (1 thanh 32 GB) LPDDR5X,SSD 1,"13.3 inch, 2880 x 1800 Pixels, 60 HzHz, 100% DCI-P3",Intel Arc Graphics,,,https://fptshop.com.vn/may-tinh-xach-tay/msi-prestige-13-ai-evo-a2vmg-040vn,040VN,No,Còn hàng
03/08/2026,10:25,FPT Retail,MacBook Pro 14 M5 Max 2026 18CPU/40GPU/48GB/2TB,129490000,127490000,,,,Macbook,Business& Productivity,MacBook Pro,,,48 GB Hãng không công bố,SSD 2,,,,,https://fptshop.com.vn/may-tinh-xach-tay/macbook-pro-14-m5-max-2026-18cpu-40gpu-48gb-2tb,,No,Còn hàng
03/08/2026,10:25,FPT Retail,Laptop Asus Zenbook S 14 OLED UX5406SA-PV140WS Ultra 7 258V,46190000,43190000,,,,Asus,Business& Productivity,Zenbook,Core Ultra 7,Core Ultra 7 258V,32 GB (1 thanh 32 GB) LPDDR5X,SSD 1,"14 inch, 2880 x 1800 Pixels, 120 HzHz, 100% DCI-P3",Intel Arc Graphics,,,https://fptshop.com.vn/may-tinh-xach-tay/asus-zenbook-s-14-oled-ux5406sa-pv140ws,UX5406SA-PV140WS,No,Còn hàng
03/08/2026,10:25,FPT Retail,Laptop Asus ProArt P16 H7606WP-SR335W Ryzen AI 9 HX370,,,,,,Asus,,,,,,,,,,,https://fptshop.com.vn/may-tinh-xach-tay/asus-proart-p16-h7606wp-sr335w-ryzen-ai-9-hx370,,No,Hàng sắp về
03/08/2026,10:25,FPT Retail,Laptop Lenovo IdeaPad Slim 5 14AGP11 Ryzen AI 7 445 (83S1003GVN),,,,,,Lenovo,Business& Productivity,IdeaPad Slim 5,,,,,,,,,https://fptshop.com.vn/may-tinh-xach-tay/lenovo-ideapad-slim-5-14agp11-ryzen-ai-7-445-83s1003gvn,83S1003GVN,No,Hàng sắp về
03/08/2026,10:25,FPT Retail,Laptop Asus TUF Gaming A16 FA608UHI-TU121W Ryzen 7 260,,,,,,Asus,Gaming,Gaming A16,Ryzen 7,Ryzen 7 260,16 GB DDR5,SSD 512,"16 inch, 1920 x 1200 Pixels, 144Hz, 100% sRGB",RTX 5050,8G,,https://fptshop.com.vn/may-tinh-xach-tay/asus-tuf-gaming-a16-fa608uhi-tu121w-amd-ryzen-7-260,FA608UHI-TU121W,No,Hàng sắp về
03/08/2026,10:25,FPT Retail,Laptop Asus TUF Gaming A16 FA608UMI-TU162W Ryzen 7 260,,,,,,Asus,Gaming,Gaming A16,Ryzen 7,Ryzen 7 260,16 GB DDR5,SSD 512,"16 inch, 1920 x 1200 Pixels, 144Hz, 72% NTSC",RTX 5060,8G,,https://fptshop.com.vn/may-tinh-xach-tay/asus-tuf-gaming-a16-fa608umi-tu162w-amd-ryzen-7-260,FA608UMI-TU162W,No,Hàng sắp về
03/08/2026,10:25,FPT Retail,Laptop Asus Zenbook A16 UX3607OA-SQ378WS Qualcomm X2E-88-100,,,,,,Asus,Business& Productivity,Zenbook,Snapdragon X2 Elite,X2 Elite X2E94100,48 GB LPDDR5X,SSD 1,"16 inch, 2880 x 1800 Pixels, 120Hz, 100% DCI-P3 color gamut",,,,https://fptshop.com.vn/may-tinh-xach-tay/asus-zenbook-a16-ux3607oa-sq378ws-qualcomm-x2e-88-100,UX3607OA-SQ378WS,No,Hàng sắp về
03/08/2026,10:25,FPT Retail,Laptop Asus Vivobook 15 X1504MA-BQ633W Core 7 350,,,,,,Asus,Business& Productivity,Vivobook,Core 7,Core 7 320,8 GB DDR5,SSD 512,"15.6 inch, 1920 x 1080 Pixels, 60Hz, 45% NTSC color gamut",,,,https://fptshop.com.vn/may-tinh-xach-tay/asus-vivobook-15-x1504ma-bq633w-core-7-350,X1504MA-BQ633W,No,Hàng sắp về
03/08/2026,10:25,FPT Retail,Laptop Lenovo IdeaPad Slim 5 14IPH11 U7 355 (83S50036VN),,,,,,Lenovo,Business& Productivity,IdeaPad Slim 5,Core Ultra 7,Core Ultra 7 355,32 GB (2 thanh 16 GB) DDR5,SSD 512,"14 inch, 1920 x 1200 Pixels, 60Hz, 45% NTSC",Intel Graphics,,,https://fptshop.com.vn/may-tinh-xach-tay/lenovo-ideapad-slim-5-14iph11-u7-355-83s50036vn,83S50036VN,No,Hàng sắp về
03/08/2026,10:25,FPT Retail,Acer Gaming Predator Helios Neo 16 PHN16-I31-72XE i7-14650HX,,,,,,Acer,Gaming,Predator,Core i7,Core i7 14650HX,,,,RTX 5060,8G,,https://fptshop.com.vn/may-tinh-xach-tay/acer-gaming-predator-helios-neo-16-phn16-i31-72xe-i7-14650hx,PHN16-I31-72XE,No,Hàng sắp về
03/08/2026,10:25,FPT Retail,Laptop Asus TUF Gaming F16 FX608JHI-TU209W i7-14650HX,,,,,,Asus,Gaming,TUF,Core i7,Core i7 14650HX,16 GB (1 thanh 16 GB) DDR5,SSD 512,"16 inch, 1920 x 1200 Pixels, 165Hz",RTX 5070,8G,,https://fptshop.com.vn/may-tinh-xach-tay/asus-tuf-gaming-fx608jhi-tu209w-i7-14650hx,FX608JHI-TU209W,No,Hàng sắp về
03/08/2026,10:25,FPT Retail,Laptop Asus TUF Gaming A16 FA608PP-RV089W R9-8940HX,,,,,,Asus,Gaming,Gaming A16,Ryzen 9,Ryzen 9 8940HX,16 GB (1 thanh 16 GB) DDR5,SSD 512,"16 inch, 1920 x 1200 Pixels, 165Hz",RTX 5070,8G,,https://fptshop.com.vn/may-tinh-xach-tay/asus-tuf-gaming-a16-fa608pp-rv089w-r9-8940hx,FA608PP-RV089W,No,Hàng sắp về
03/08/2026,10:25,FPT Retail,Laptop HP 250R G10 Core 3-100U (C3RV3AT),,,,,,Hp,Business& Productivity,HP 250R,Core 3,Core 3 100U,8 GB DDR4,SSD 512,"15.6 inch, 1920 x 1080 Pixels, 60 HzHz, 45% NTSC",Intel Graphics,,,https://fptshop.com.vn/may-tinh-xach-tay/hp-250r-g10-core-3-100u-c3rv3at,C3RV3AT,No,Hàng sắp về
03/08/2026,10:25,FPT Retail,Laptop Asus Vivobook X1404VA-EB609W Core 3 100U,,,,,,Asus,Business& Productivity,Vivobook,Core 3,Core 3 100U,8 GB DDR5,SSD 512,"14 inch, 1920 x 1080 Pixels, 60Hz, 45% NTSC color gamut",Intel Graphics,,,https://fptshop.com.vn/may-tinh-xach-tay/asus-vivobook-x1404va-eb609w-core-3-100u,X1404VA-EB609W,No,Hàng sắp về
03/08/2026,10:25,FPT Retail,Laptop Acer Gaming Predator Helios 16 AI PH16-73-950C Ultra 9 275HX,,,,,,Acer,Gaming,Predator,Core Ultra 9,Core Ultra 9 275HX,32 GB (1 thanh 32 GB) DDR5,SSD 2,"16 inch, 2560 x 1600 Pixels, 240 HzHz, 100% DCI-P3",NVIDIA / Intel Graphics,,,https://fptshop.com.vn/may-tinh-xach-tay/acer-gaming-predator-helios-16-ai-ph16-73-950c-ultra-9-275hx,PH16-73-950C,No,Hàng sắp về
03/08/2026,10:25,FPT Retail,Laptop Acer Aspire Lite 15 AL15-42P-R08M R7 7730U,,,,,,Acer,Business& Productivity,Aspire Lite,Ryzen 7,Ryzen 7 7730U,,,,AMD Radeon Graphics,,,https://fptshop.com.vn/may-tinh-xach-tay/acer-aspire-lite-15-al15-42p-r08m-r7-7730u,AL15-42P-R08M,No,Hàng sắp về
03/08/2026,10:25,FPT Retail,Laptop Acer Aspire 16 AI A16-71M-71U7 Ultra 7 155H,,,,,,Acer,Business& Productivity,Aspire 16,Core Ultra 7,Core Ultra 7 155H,16 GB LPDDR5X,SSD 512,"16 inch, 1920 x 1200 Pixels, 60 HzHz",Intel Arc Graphics,,,https://fptshop.com.vn/may-tinh-xach-tay/acer-aspire-16-ai-a16-71m-71u7-ultra-7-155h,A16-71M-71U7,No,Hàng sắp về
03/08/2026,10:25,FPT Retail,Laptop MSI Gaming Cyborg 15 B2RWFKG-047VN Core 5 210H,,,,,,Msi,Gaming,Cyborg,Core 5,Core 5 210H,16 GB (2 thanh 8 GB) DDR5,SSD 512 GB,"15.6 inch, 1920 x 1080 Pixels, 144 HzHz, 45% NTSC",RTX 5060,8G,,https://fptshop.com.vn/may-tinh-xach-tay/msi-gaming-cyborg-15-b2rwfkg-047vn-core-5-210h,047VN,No,Hàng sắp về
03/08/2026,10:25,FPT Retail,Laptop MSI Venture A14 AI+ A3HMG-004VN RYZEN AI 5 340,,,,,,Msi,Business& Productivity,Venture,Ryzen 5 AI,Ryzen AI 5 340,16 GB (2 thanh 8 GB) DDR5,SSD 512,"14 inch, 2880 x 1800 Pixels, 120 HzHz, 100% DCI-P3",AMD Radeon 840M Graphics,,,https://fptshop.com.vn/may-tinh-xach-tay/msi-venture-a14-ai-a3hmg-004vn-ryzen-ai-5-340,004VN,No,Hàng sắp về
03/08/2026,10:25,FPT Retail,Laptop Dell Inspiron 16 5640 Core 7 150U (N5640-C7U161W11IBU),,,,,,Dell,Business& Productivity,Inspiron,Core 7,Core 7 150U,16 GB (2 thanh 8 GB) DDR5,SSD 1,"16 inch, 1920 x 1200 Pixels, 60 HzHz, 45% NTSC",Intel Graphics,,,https://fptshop.com.vn/may-tinh-xach-tay/dell-inspiron-16-5640-core-7-150u-n5640-c7u161w11ibu,N5640-C7U161W11IBU,No,Hàng sắp về
03/08/2026,10:25,FPT Retail,Laptop MSI Gaming Stealth A16 AI+ A3XWHG-085VN R9 HX 370,,,,,,Msi,Gaming,Stealth,Ryzen 9 AI HX,Ryzen AI 9 HX 370,32 GB (1 thanh 32 GB) LPDDR5X,SSD 1,"16 inch, 2560 x 1600 Pixels, 240 HzHz, 100% DCI-P3",RTX 5070 Ti,12G,,https://fptshop.com.vn/may-tinh-xach-tay/msi-gaming-stealth-a16-ai-a3xwhg-085vn,085VN,No,Hàng sắp về
03/08/2026,10:25,FPT Retail,Laptop Acer Gaming Nitro V ANV15-51-500A i5-13420H,,,,,,Acer,Gaming,Nitro V,Core i5,Core i5 13420H,,,,RTX 2050,4G,,https://fptshop.com.vn/may-tinh-xach-tay/acer-gaming-nitro-v-anv15-51-500a-i5-13420h,ANV15-51-500A,No,Hàng sắp về
03/08/2026,10:25,FPT Retail,Laptop Acer Gaming Nitro V ANV15-51-73BT i7-13620H,,,,,,Acer,Gaming,Nitro V,Core i7,Core i7 13620H,16 GB DDR5,SSD 512,"15.6 inch, 1920 x 1080 Pixels, 180 HzHz",RTX 2050,4G,,https://fptshop.com.vn/may-tinh-xach-tay/acer-gaming-nitro-v-anv15-51-73bt-i7-13620h,ANV15-51-73BT,No,Hàng sắp về
03/08/2026,10:25,FPT Retail,Laptop Acer Swift Go 14 AI SFG14-74T-55HD Ultra 5 225H,,,,,,Acer,Business& Productivity,Swift,Core Ultra 5,Core Ultra 5 225H,16 GB LPDDR5X,SSD 1,"14 inch, 1920 x 1200 Pixels, 60 HzHz",Intel Arc 130T GPU,,,https://fptshop.com.vn/may-tinh-xach-tay/acer-swift-go-14-ai-sfg14-74t-55hd-ultra-5-225h,SFG14-74T-55HD,No,Hàng sắp về
03/08/2026,10:25,FPT Retail,Laptop Asus ROG Zephyrus G16 GU605CX-QR083W Ultra 9 285H,,,,,,Asus,Gaming,ROG Zephyrus,Core Ultra 9,Core Ultra 9 285H,64 GB LPDDR5X,SSD 2,"16 inch, 2560 x 1600 Pixels, 240 HzHz, 100% DCI-P3 color gamut",RTX 5090,24G,,https://fptshop.com.vn/may-tinh-xach-tay/asus-rog-zephyrus-g16-gu605cx-qr083w-ultra-9-285h,GU605CX-QR083W,No,Hàng sắp về
03/08/2026,10:25,FPT Retail,Laptop HP ProBook 440 G11 Ultra 7 155U (A74BHPT),,,,,,Hp,Business& Productivity,Probook,Core Ultra 7,Core Ultra 7 155U,16 GB (1 thanh 16 GB) DDR5,SSD 512,"14 inch, 1920 x 1200 Pixels, 60 HzHz, 45% NTSC",Intel Graphics,,,https://fptshop.com.vn/may-tinh-xach-tay/hp-probook-440-g11-ultra-7-155u-a74bhpt,A74BHPT,No,Hàng sắp về
03/08/2026,10:25,FPT Retail,Laptop Acer Predator Helios Neo 16S Gaming AI PHN16S-71-94T0 Ultra 9 275HX,,,,,,Acer,Gaming,Predator,Core Ultra 9,Core Ultra 9 275HX,32 GB DDR5,SSD 2,"16 inch, 2560 x 1600 Pixels, 240 HzHz, 100% DCI-P3",RTX 5070 Ti,12G,,https://fptshop.com.vn/may-tinh-xach-tay/acer-predator-helios-neo-16s-gaming-ai-phn16s-71-94t0-u9-275hx,PHN16S-71-94T0,No,Hàng sắp về
03/08/2026,10:25,FPT Retail,Laptop Acer Predator Helios 18 Gaming AI PH18-73-93P0 Ultra 9 275HX,,,,,,Acer,Gaming,Predator,Core Ultra 9,Core Ultra 9 275HX,64 GB DDR5,SSD 3,"18 inch, 2560 x 1600 Pixels, 250 HzHz, 100% DCI-P3",RTX 5080,16G,,https://fptshop.com.vn/may-tinh-xach-tay/acer-predator-helios-18-gaming-ai-ph18-73-93p0-u9-275hx,PH18-73-93P0,No,Hàng sắp về
03/08/2026,10:25,FPT Retail,Laptop HP Omen Gaming 16-am0129TX U7-255H (BX9D1PA),,,,,,Hp,Gaming,OMEN,Core Ultra 7,Core Ultra 7 255HX,32 GB (2 thanh 16 GB) DDR5,SSD 512,"16 inch, 1920 x 1200 Pixels, 165 HzHz, 100% sRGB",RTX 5070,8G,,https://fptshop.com.vn/may-tinh-xach-tay/hp-omen-gaming-16-am0129tx-u7-255h-bx9d1pa,BX9D1PA,No,Hàng sắp về
03/08/2026,10:25,FPT Retail,Laptop Acer Aspire Go 14 AI AG14-71M-57WR U5 125H,,,,,,Acer,Business& Productivity,Aspire Go,Core Ultra 5,Core Ultra 5 125H,16 GB (1 thanh 16 GB) DDR5,SSD 512,"14 inch, 1920 x 1200 Pixels, 60 HzHz, 100% sRGB",Intel Arc Graphics,,,https://fptshop.com.vn/may-tinh-xach-tay/acer-aspire-go-14-ai-ag14-71m-57wr-u5-125h,AG14-71M-57WR,No,Hàng sắp về
03/08/2026,10:25,FPT Retail,Laptop Acer Swift Edge 14 AI SFE14-51T-52KD U5 228V,,,,,,Acer,Business& Productivity,Swift,Core Ultra 5,Core Ultra 5 228V,,,,Intel Arc Graphics 130V,,,https://fptshop.com.vn/may-tinh-xach-tay/acer-swift-edge-14-ai-sfe14-51t-52kd-u5-228v,SFE14-51T-52KD,No,Hàng sắp về
03/08/2026,10:25,FPT Retail,Laptop Acer Aspire 14 AI A14-11M-X8FP X1-26100 8C,,,,,,Acer,Business& Productivity,Aspire 14,Snapdragon X,Snapdragon X   X1 26 100,16 GB LPDDR5X,SSD 512,"14 inch, 1920 x 1200 Pixels, 120 HzHz, 100% sRGB",Qualcomm Adreno GPU,,,https://fptshop.com.vn/may-tinh-xach-tay/acer-aspire-14-ai-a14-11m-x8fp-x1-26100-8c,A14-11M-X8FP,No,Hàng sắp về
03/08/2026,10:25,FPT Retail,Laptop MSI Modern 15 H C2RMG-287VN Core 7 240H,,,,,,Msi,Business& Productivity,Modern,Core 7,Core 7 240H,16 GB (2 thanh 8 GB) DDR4,SSD 1,"15.6 inch, 1920 x 1080 Pixels, 60 HzHz, 45% NTSC",Intel Graphics,,,https://fptshop.com.vn/may-tinh-xach-tay/msi-modern-15-h-c2rmg-287vn-core-7-240h,287VN,No,Hàng sắp về
03/08/2026,10:25,FPT Retail,Laptop MSI Modern 15 H C2RMG-292VN Core 5 210H,,,,,,Msi,Business& Productivity,Modern,Core 5,Core 5 210H,16 GB (2 thanh 8 GB) DDR4,SSD 512,"15.6 inch, 1920 x 1080 Pixels, 60 HzHz, 45% NTSC",Intel Graphics,,,https://fptshop.com.vn/may-tinh-xach-tay/msi-modern-15-h-c2rmg-292vn-core-5-210h,292VN,No,Hàng sắp về
03/08/2026,10:25,FPT Retail,Laptop Dell Inspiron 14 7440 Core 7 150U (N7440-C7U161W11IBU),,,,,,Dell,Business& Productivity,Inspiron,Core 7,Core 7 150U,16 GB (2 thanh 8 GB) DDR5,SSD 1,"14 inch, 1920 x 1200 Pixels, 60 HzHz, 45% NTSC",Intel Graphics,,,https://fptshop.com.vn/may-tinh-xach-tay/dell-inspiron-14-7440-core-7-150un7440-c7u161w11ibu,N7440-C7U161W11IBU,No,Hàng sắp về
03/08/2026,10:25,FPT Retail,Laptop Dell XPS 13 9350 Ultra 5 226V (XPS9350-U5IA165W11GR-FP),,,,,,Dell,Business& Productivity,XPS,Core Ultra 5,Core Ultra 5 226V,16 GB LPDDR5X,SSD 512,"13.4 inch, 2560 x 1600 Pixels, 120 HzHz, 100% DCI-P3",Intel Arc Graphics,,,https://fptshop.com.vn/may-tinh-xach-tay/dell-xps-13-9350-ultra-5-226vxps9350-u5ia165w11gr-fp,XPS9350-U5IA165W11GR-FP,No,Hàng sắp về
03/08/2026,10:25,FPT Retail,Laptop MSI Gaming Stealth 18 HX AI A2XWIG-017VN Ultra 9 275HX,,,,,,Msi,Gaming,Stealth,Core Ultra 9,Core Ultra 9 275HX,32 GB (2 thanh 16 GB) DDR5,SSD 2,"18 inch, 3840 x 2400 Pixels, 120 HzHz, 100% DCI-P3",RTX 5080,16G,,https://fptshop.com.vn/may-tinh-xach-tay/msi-gaming-stealth-18-hx-ai-a2xwig-017vn-u9-275hx,017VN,No,Hàng sắp về
03/08/2026,10:25,FPT Retail,Laptop MSI Venture 14 AI A1MG-005VN Ultra 5 125H,,,,,,Msi,Business& Productivity,Venture,Core Ultra 5,Core Ultra 5 125H,16 GB (2 thanh 8 GB) DDR5,SSD 512,"14 inch, 2880 x 1800 Pixels, 120 HzHz, 100% DCI-P3",Intel Arc Graphics,,,https://fptshop.com.vn/may-tinh-xach-tay/msi-venture-14-ai-a1mg-005vn-u5-125h,005VN,No,Hàng sắp về
03/08/2026,10:25,FPT Retail,Laptop Acer Predator Helios 18 Gaming AI PH18-73-98AQ Ultra 9 275HX,,,,,,Acer,Gaming,Predator,Core Ultra 9,Core Ultra 9 275HX ,192 GB DDR5,SSD 6,"18 inch, 3840 x 2400 Pixels, 120 HzHz, 100% DCI-P3",RTX 5090,24G,,https://fptshop.com.vn/may-tinh-xach-tay/acer-predator-helios-18-gaming-ai-ph18-73-98aq-u9-275hx,PH18-73-98AQ,No,Hàng sắp về
03/08/2026,10:25,FPT Retail,Laptop Asus ProArt PX13 HN7306EA-LX050W Ryzen AI MAX+ 395,,,,,,Asus,,,,,,,,,,,https://fptshop.com.vn/may-tinh-xach-tay/asus-proart-px13-hn7306ea-lx050w-ryzen-ai-max-395,,No,Hàng sắp về
03/08/2026,10:25,FPT Retail,Laptop Dell 15 DC15255 R7 7730U (X9YM42),,,,,,Dell,Business& Productivity,Dell 15,Ryzen 7,R7 7730U,RAM 16 GB,1TB M.2 PCIe NVMe Solid State Drive 1 khe PCIe 2280; Đã sử dụng 1 khe,,,,,https://fptshop.com.vn/may-tinh-xach-tay/dell-15-dc15255-r7-7730u-x9ym42,X9YM42,No,Hàng sắp về
03/08/2026,10:25,FPT Retail,Laptop Dell 14 DC14250 Core 5 120U (F0FTK52),,,,,,Dell,Business& Productivity,Dell 14,Core 5,Core 5 120U,,,,,,,https://fptshop.com.vn/may-tinh-xach-tay/dell-14-dc14250-core-5-120u-f0ftk52,F0FTK52,No,Hàng sắp về
03/08/2026,10:25,FPT Retail,Laptop MSI Gaming Cyborg 15 C13WEO-417VN i7-13620H,,,,,,Msi,Gaming,Cyborg,Core i7,Core i7 13620H,16 GB (2 thanh 8 GB) DDR4,SSD 512,"15.6 inch, 1920 x 1080 Pixels, 144Hz, 100% sRGB",RTX 5050,8G,,https://fptshop.com.vn/may-tinh-xach-tay/msi-gaming-cyborg-15-c13weo-417vn-i7-13630h,417VN,No,Hàng sắp về
03/08/2026,10:25,FPT Retail,Laptop MSI Gaming Raider 16 Max HX AI B2WI-095VN U9-290HX Plus,,,,,,Msi,Gaming,Raider,Core Ultra 9,Core Ultra 9 290HX Plus,32 GB (2 thanh 16 GB) DDR5,SSD 2,"16 inch, 2560 x 1600 Pixels, 240Hz, 100% DCI-P3",RTX 5080,16G,,https://fptshop.com.vn/may-tinh-xach-tay/msi-raider-16-max-hx-b2wi-095vn-u9-290hx,095VN,No,Hàng sắp về
03/08/2026,10:25,FPT Retail,Laptop Asus Zenbook S16 UM5606GA-SS441W Ryzen AI 9 465,,,,,,Asus,Business& Productivity,Zenbook,Ryzen 9 AI,Ryzen AI 9 465,16 GB DDR5,SSD 512,"16 inch, 2880 x 1800 Pixels, 120Hz, 100% DCI-P3 color gamut",AMD Radeon Graphics,,,https://fptshop.com.vn/may-tinh-xach-tay/asus-zenbook-s16-um5606ga-ss441w-ryzen-ai-9-465,UM5606GA-SS441W,No,Hàng sắp về
03/08/2026,10:25,FPT Retail,Laptop Asus Gaming ROG Zephyrus Duo 16 GX651AX-SR050WS Ultra 9 386H,,,,,,Asus,Gaming,ROG Zephyrus,Core Ultra 9,Core Ultra 9 386H,64 GB LPDDR5X,SSD 2,"16 inch, 2880 x 1800 Pixels, 120Hz, 100% DCI-P3",RTX 5090,24G,,https://fptshop.com.vn/may-tinh-xach-tay/asus-gaming-rog-zephyrus-duo-16-gx651ax-sr050ws-ultra-9-386h,GX651AX-SR050WS,No,Hàng sắp về
03/08/2026,10:25,FPT Retail,Laptop MSI Gaming Cyborg 15 B2RWFKG-048VN Core 7 240H,,,,,,Msi,Gaming,Cyborg,Core 7,Core 7 240H,16 GB (2 thanh 8 GB) DDR5,SSD 512 GB,"15.6 inch, 1920 x 1080 Pixels, 144 HzHz, 45% NTSC",RTX 5060,8G,,https://fptshop.com.vn/may-tinh-xach-tay/msi-gaming-cyborg-15-b2rwfkg-048vn-core-7-240h,048VN,No,Hàng sắp về
03/08/2026,10:25,FPT Retail,Laptop MSI Gaming Vector 16 HX AI A2XWJG-470VN U9 275HX,,,,,,Msi,Gaming,Vector,Core Ultra 9,Core Ultra 9 275HX,32 GB (2 thanh 16 GB) DDR5,SSD 1,"16 inch, 2560 x 1600 Pixels, 240 HzHz, 100% DCI-P3",RTX 5090,24G,,https://fptshop.com.vn/may-tinh-xach-tay/msi-gaming-vector-16-hx-ai-a2xwjg-470vn-u9-275hx,470VN,No,Hàng sắp về
03/08/2026,10:25,MBW,"Laptop HP 15 fc0023AU - D0BH1PA (R5 7520U, 16GB, 512GB, Full HD, Win11)",23990000,19990000,-16%,"• Đã bán 4,5k",4.9,Hp,Business& Productivity,HP 15,Ryzen 5,Ryzen 5 7520U,RAM 16 GB,SSD 512 GB,,,,,https://www.thegioididong.com/laptop/hp-15-fc0023au-r5-7520u-d0bh1pa,D0BH1PA,No,Còn hàng
03/08/2026,10:25,MBW,Laptop MacBook Neo 13 inch A18 Pro 8GB/256GB,19490000,18990000,,"• Đã bán 2,3k",4.9,Macbook,Business& Productivity,MacBook Neo,,,RAM 8 GB,SSD 256 GB,,,,,https://www.thegioididong.com/laptop/macbook-neo-13-inch-a18-pro-8gb-256gb,,No,Còn hàng
03/08/2026,10:25,MBW,"Laptop Asus Vivobook S14 S3407VA - LY146W (Core 5 210H, 16GB, 512GB, WUXGA, Win11)",22990000,19990000,-13%,"• Đã bán 1,2k",5,Asus,Business& Productivity,Vivobook,Core 5,Core 5 210H,RAM 16 GB,SSD 512 GB,"14"", WUXGA (1920 x 1200), 60 Hz",Intel UHD,,,https://www.thegioididong.com/laptop/asus-vivobook-s14-s3407va-core-5-210h-ly146w,S3407VA - LY146W,No,Còn hàng
03/08/2026,10:25,MBW,"Laptop Dell 15 DC15255 - DC5R5973W1-2Y (R5 7530U, 16GB, 512GB, Full HD 120Hz, OfficeHS24+365, Win11)",25690000,24990000,,,,Dell,Business& Productivity,Dell 15,Ryzen 5,Ryzen 5 7530U,RAM 16 GB,SSD 512 GB,,,,,https://www.thegioididong.com/laptop/dell-15-dc15255-r5-7530u-dc5r5973w1-2y,DC5R5973W1-2Y,No,Còn hàng
03/08/2026,10:25,MBW,Laptop MacBook Air 13 inch M5 16GB/512GB/8GPU 70W,36590000,35590000,,• Đã bán 90,5,Macbook,Business& Productivity,MacBook Air,,,RAM 16 GB,SSD 512 GB,,,,,https://www.thegioididong.com/laptop/macbook-air-13-inch-m5-16gb-512gb-70w?utm_flashsale=1,,No,Còn hàng
03/08/2026,10:25,MBW,"Laptop HP 240R G10 - C3RU6AT (Core 3 100U, 8GB, 512GB, Full HD, Win11)",20190000,14790000,-26%,• Đã bán 1k,5,Hp,Business& Productivity,HP 240,Core 3,Core 3 100U,RAM 8 GB,SSD 512 GB,,,,,https://www.thegioididong.com/laptop/hp-240r-g10-core-3-100u-c3ru6at,C3RU6AT,No,Còn hàng
03/08/2026,10:25,MBW,"Laptop Asus Vivobook 16 A1607QA - MB067W (X1 26 100, 16GB, 512GB, WUXGA, Win11)",22990000,18590000,-19%,• Đã bán 296,5,Asus,Business& Productivity,Vivobook,Snapdragon X,"Snapdragon X, X1 26 100",RAM 16 GB,SSD 512 GB,"16"", WUXGA (1920 x 1200), 60 Hz",Qualcomm Adreno GPU,,,https://www.thegioididong.com/laptop/asus-vivobook-16-a1607qa-x1-26-100-mb067w,A1607QA - MB067W,No,Còn hàng
03/08/2026,10:25,MBW,"Laptop Dell 15 DC15250 - DC5I7748W1 (i7 1355U, 16GB, 512GB, Full HD 120Hz, OfficeH24+365, Win11)",25990000,23990000,-7%,"• Đã bán 3,6k",4.9,Dell,Business& Productivity,Dell 15,Core i7,Core i7 1355U,RAM 16 GB,SSD 512 GB,"15.6"", Full HD (1920 x 1080), 120Hz",Intel UHD,,,https://www.thegioididong.com/laptop/dell-15-dc15250-i7-dc5i7748w1,DC5I7748W1,No,Còn hàng
03/08/2026,10:25,MBW,"Laptop Lenovo IdeaPad Slim 3 15ARP10 - 83K700YUVN (R5 7535HS, 16GB, 512GB, WUXGA, Win11)",26490000,19990000,-24%,• Đã bán 241,5,Lenovo,Business& Productivity,IdeaPad Slim 3,Ryzen 5,Ryzen 5 7535HS,RAM 16 GB,SSD 512 GB,"15.3"", WUXGA (1920 x 1200)",AMD Radeon 660M,,,https://www.thegioididong.com/laptop/lenovo-ideapad-slim-3-15arp10-r5-7535hs-83k700yuvn,83K700YUVN,No,Còn hàng
03/08/2026,10:25,MBW,"Laptop MSI Modern 15 F13MG - 667VN_16GB (i5 1334U, 16GB, 512GB, Full HD, Win11)",20190000,18190000,-9%,• Đã bán 745,5,Msi,Business& Productivity,Modern,Core i5,Core i5 1334U,RAM 16 GB,SSD 512 GB,,Intel Iris Xe,,,https://www.thegioididong.com/laptop/msi-modern-15-f13mg-i5-1334u-667vn-16gb,667VN,No,Còn hàng
03/08/2026,10:25,MBW,"Laptop Acer Aspire Lite 15 AL15-48P-R86Q - NX.DS1SV.002 (R7 5825U, 8GB, 512GB, Full HD, Win11)",21990000,18990000,-13%,• Đã bán 5,5,Acer,Business& Productivity,Aspire Lite,Ryzen 7,Ryzen 7 5825U,RAM 8 GB,SSD 512 GB,,,,,https://www.thegioididong.com/laptop/acer-aspire-lite-15-al15-48p-r86q-r7-5825u-nx-ds1sv-002,AL15-48P-R86Q,No,Còn hàng
03/08/2026,10:25,MBW,"Laptop Acer Aspire Lite 15 AL15-53P-56QH - NX.DG3SV.001 (Core 5 120U, 8GB, 512GB, Full HD, Win11)",24990000,20990000,-16%,• Đã bán 2,,Acer,Business& Productivity,Aspire Lite,Core 5,Core 5 120U,RAM 8 GB,SSD 512 GB,,,,,https://www.thegioididong.com/laptop/acer-aspire-lite-15-al15-53p-56qh-core-5-120u-nx-dg3sv-001,AL15-53P-56QH,No,Còn hàng
03/08/2026,10:25,MBW,"Laptop Asus Vivobook 15 X1504VA - BQ185WS (Core 5 120U, 16GB, 512GB, Full HD, OfficeH24+365, Win11)",20590000,18990000,-7%,• Đã bán 5k,5,Asus,Business& Productivity,Vivobook,Core 5,Core 5 120U,RAM 16 GB,SSD 512 GB,"15.6"", Full HD (1920 x 1080)",Intel Graphics,,,https://www.thegioididong.com/laptop/asus-x1504va-core-5-bq185ws,X1504VA - BQ185WS,No,Còn hàng
03/08/2026,10:25,MBW,"Laptop Dell 15 DC15250 - DC5I5897W1 (i5 1334U, 16GB, 512GB, Full HD+ 120Hz, OfficeH24+365, Win11)",23490000,21990000,-6%,"• Đã bán 1,3k",5,Dell,Business& Productivity,Dell 15,Core i5,Core i5 1334U,RAM 16 GB,SSD 512 GB,"15.6"", Full HD, 120Hz",Intel UHD,,,https://www.thegioididong.com/laptop/dell-15-dc15250-i5-1334u-dc5i5897w1,DC5I5897W1,No,Còn hàng
03/08/2026,10:25,MBW,Laptop MacBook Air 15 inch M5 16GB/512GB 70W,41990000,41490000,,• Đã bán 39,5,Macbook,Business& Productivity,MacBook Air,,,RAM 16 GB,SSD 512 GB,,#N/A (Did not find value '1' in MATCH evaluation.),,,https://www.thegioididong.com/laptop/macbook-air-15-inch-m5-16gb-512gb-70w,,No,Còn hàng
03/08/2026,10:25,MBW,"Laptop Lenovo Gaming LOQ 15IAX9E - 83LK0079VN (i5 12450HX, 16GB, 512GB, RTX 3050 6GB, Full HD 144Hz, Win11)",24990000,23390000,-6%,• Đã bán 4k,4.9,Lenovo,Gaming,LOQ,Core i5,Core i5 12450H,RAM 16 GB,SSD 512 GB,"15.6"", Full HD (1920 x 1080), 144Hz",RTX 3050,6G,,https://www.thegioididong.com/laptop/lenovo-loq-15iax9e-i5-83lk0079vn,83LK0079VN,No,Còn hàng
03/08/2026,10:25,MBW,"Laptop HP 240R G10 - C3RU7AT (Core 5 120U, 16GB, 512GB, Full HD, Win11)",26590000,20490000,-22%,"• Đã bán 1,7k",5,Hp,Business& Productivity,HP 240,Core 5,Core 5 120U,RAM 16 GB,SSD 512 GB,,,,,https://www.thegioididong.com/laptop/hp-240r-g10-core-5-120u-c3ru7at,C3RU7AT,No,Còn hàng
03/08/2026,10:25,MBW,"Laptop Acer Aspire Lite 15 AL15 72P 581V - NX.D4CSV.001 (i5 13500H, 16GB, 512GB, Full HD, Win11)",20990000,18490000,-11%,• Đã bán 884,5,Acer,Business& Productivity,Aspire Lite,Core i5,Core i5 13500H,RAM 16 GB,SSD 512 GB,"15.6"", Full HD (1920 x 1080), 60 Hz",Intel UHD,,,https://www.thegioididong.com/laptop/acer-aspire-lite-15-al15-72p-581v-i5-13500h-nx-d4csv-001,AL15 72P 581V ,No,Còn hàng
03/08/2026,10:25,MBW,"Laptop MSI Modern 15 F1MG-1264VN (Core 5 120U, 16GB, 512GB, Full HD, Win11)",22390000,19990000,-10%,,,Msi,Business& Productivity,Modern,Core 5,Core 5 120U,RAM 16 GB,SSD 512 GB,,,,,https://www.thegioididong.com/laptop/msi-modern-15-f1mg-1264vn-core-5-120u,1264VN,No,Còn hàng
03/08/2026,10:25,MBW,"Laptop Asus Vivobook Go 15 E1504FA - BQ374W (R5 40, 8GB, 512GB, Full HD, Win11)",22990000,18090000,-21%,• Đã bán 652,5,Asus,Business& Productivity,Vivobook,Ryzen 5,Ryzen 5 40,RAM 8 GB,SSD 512 GB,"15.6"", Full HD (1920 x 1080), 60 Hz",Radeon,,,https://www.thegioididong.com/laptop/asus-vivobook-go-15-e1504fa-r5-40-bq374w,E1504FA - BQ374W,No,Còn hàng
03/08/2026,10:25,MBW,"Laptop Lenovo Ideapad Slim 3 16IRH10 - 83K20003VN (i5 13420H, 24GB, 512GB, WUXGA, Win11)",20990000,19490000,-7%,"• Đã bán 4,2k",4.9,Lenovo,Business& Productivity,IdeaPad Slim 3,Core i5,Core i5 13420H,RAM 24 GB,SSD 512 GB,"16"", WUXGA (1920 x 1200)",Intel UHD,,,https://www.thegioididong.com/laptop/lenovo-ideapad-slim-3-16irh10-i5-83k20003vn,83K20003VN,No,Còn hàng
03/08/2026,10:25,MBW,"Laptop HP 245 G10 - B8PF9AT (R5 7530U, 8GB, 512GB, Full HD, Win11)",21390000,18990000,-11%,"• Đã bán 5,8k",4.9,Hp,Business& Productivity,HP 245,Ryzen 5,Ryzen 5 7530U,RAM 8 GB,SSD 512 GB,,,,,https://www.thegioididong.com/laptop/hp-245-g10-r5-b8pf9at,B8PF9AT,No,Còn hàng
03/08/2026,10:25,MBW,"Laptop HP 15 fc0655AU - C81NGPA (R5 7430U, 16GB, 512GB, Full HD, Win11)",23990000,19990000,-16%,"• Đã bán 4,4k",5,Hp,Business& Productivity,HP 15,Ryzen 5,Ryzen 5 7430U,RAM 16 GB,SSD 512 GB,,,,,https://www.thegioididong.com/laptop/hp-15-fc0655au-r5-7430u-c81ngpa,C81NGPA,No,Còn hàng
03/08/2026,10:25,MBW,"Laptop Dell 14 DC14250 - DC4C5386W (Core 5 120U, 16GB, 512GB, Full HD+, OfficeH24+365, Win11)",29990000,28990000,,"• Đã bán 1,1k",5,Dell,Business& Productivity,Dell 14,Core 5,Core 5 120U,RAM 16 GB,SSD 512 GB,"14"", Full HD+ (1920 x 1200), 60 Hz",Intel Graphics,,,https://www.thegioididong.com/laptop/dell-14-dc14250-core-5-120u-dc4c5386w,DC4C5386W,No,Còn hàng
03/08/2026,10:25,MBW,"Laptop Asus Vivobook 15 X1504VA - BQ295W (Core 7 150U, 16GB, 512GB, Full HD, Win11)",25990000,22190000,-14%,• Đã bán 643,5,Asus,Business& Productivity,Vivobook,Core 7,Core 7 150U,RAM 16 GB,SSD 512 GB,"15.6"", Full HD (1920 x 1080), 60 Hz",Intel Graphics,,,https://www.thegioididong.com/laptop/asus-vivobook-15-x1504va-core-7-150u-bq295w?utm_flashsale=1,X1504VA - BQ295W,No,Còn hàng
03/08/2026,10:25,MBW,"Laptop Dell 15 DC15250 - CPH99 (i5 1334U, 16GB, 512GB, Full HD 120Hz, OfficeH24+365B, Win11)",23490000,20990000,-10%,"• Đã bán 1,3k",5,Dell,Business& Productivity,Dell 15,Core i5,Core i5 1334U,RAM 16 GB,SSD 512 GB,"15.6"", Full HD (1920 x 1080), 120Hz",Intel UHD,,,https://www.thegioididong.com/laptop/dell-15-dc15250-i5-1334u-cph99,CPH99,No,Còn hàng
03/08/2026,10:25,MBW,"Laptop Asus TUF Gaming FA506NCQ - HN005W (R7 170, 16GB, 512GB, RTX 3050 4GB, Full HD 144Hz, Win11)",29990000,25990000,-13%,• Đã bán 639,5,Asus,Gaming,TUF,Ryzen 7,Ryzen 7 170,RAM 16 GB,SSD 512 GB,"15.6"", Full HD (1920 x 1080), 144Hz",RTX 3050,4G,,https://www.thegioididong.com/laptop/asus-tuf-gaming-fa506ncq-r7-170-hn005w,FA506NCQ - HN005W,No,Còn hàng
03/08/2026,10:25,MBW,"Laptop Acer Aspire Lite 15 AL15-49P-R6XX - NX.DRZSV.002 (R5 7430U, 8GB, 512GB, Full HD, Win11)",20990000,17690000,-15%,• Đã bán 5,5,Acer,Business& Productivity,Aspire Lite,Ryzen 5,Ryzen 5 7430U,RAM 8 GB,SSD 512 GB,,,,,https://www.thegioididong.com/laptop/acer-aspire-lite-15-al15-49p-r6xx-r5-7430u-nx-drzsv-002,AL15-49P-R6XX,No,Còn hàng
03/08/2026,10:25,MBW,"Laptop Acer Gaming Aspire 7 A715-59G-59RD - NH.DXUSV.001 (Core 5 210H, 16GB, 512GB, RTX 3050 4GB, Fulll HD 144Hz, Win11)",31990000,25990000,-18%,,,Acer,Gaming,Gaming Aspire,Core 5,Core 5 210H,RAM 16 GB,SSD 512 GB,,RTX 3050,,,https://www.thegioididong.com/laptop/acer-gaming-aspire-7-a715-59g-59rd-core-5-210h-nh-dxusv-001,A715-59G-59RD - NH.DXUSV.001,No,Còn hàng
03/08/2026,10:25,MBW,"Laptop Acer Aspire Lite 15 AL15-33P-38BA - NX.D2KSV.001 (Core 3 N355, 8GB, 512GB, Full HD, Win11)",15490000,14490000,-6%,"• Đã bán 1,3k",5,Acer,Business& Productivity,Aspire Lite,Core 3,Core 3 N355,RAM 8 GB,SSD 512 GB,"15.6"", Full HD (1920 x 1080), 60 Hz",Intel Graphics,,,https://www.thegioididong.com/laptop/acer-aspire-lite-15-al15-33p-38ba-core-3-n355-nx-d2ksv-001,AL15-33P-38BA,No,Còn hàng
03/08/2026,10:25,MBW,"Laptop Asus Vivobook 15 X1504VA - BQ3394W (i3 1315U, 8GB, 512GB, Full HD, Win11)",16990000,15690000,-7%,"• Đã bán 1,8k",5,Asus,Business& Productivity,Vivobook,Core i3,Core i3 1315U,RAM 8 GB,SSD 512 GB,"15.6"", Full HD (1920 x 1080), 60 Hz",Intel UHD,,,https://www.thegioididong.com/laptop/asus-vivobook-15-x1504va-i3-1315u-bq3394w,X1504VA - BQ3394W,No,Còn hàng
03/08/2026,10:25,MBW,"Laptop HP 240R G9 - AX3C6AT (i3 1315U, 8GB, 512GB, Full HD, Win11)",16390000,14790000,-9%,• Đã bán 351,5,Hp,Business& Productivity,HP 240,Core i3,Core i3 1315U,RAM 8 GB,SSD 512 GB,,,,,https://www.thegioididong.com/laptop/hp-240r-g9-i3-1315u-ax3c6at,AX3C6AT,No,Còn hàng
03/08/2026,10:25,MBW,"Laptop HP 15 fd0015TU - A19C5PA (i7 1355U, 16GB, 512GB, Full HD, Win11)",22290000,21190000,,• Đã bán 6k,4.9,Hp,Business& Productivity,HP 15,Core i7,Core i7 1355U,RAM 16 GB,SSD 512 GB,,,,,https://www.thegioididong.com/laptop/hp-15-fd0015tu-i7-a19c5pa,A19C5PA,No,Còn hàng
03/08/2026,10:25,MBW,"Laptop Dell 15 DC15255 - X9YM41 (R7 7730U, 16GB, 1TB, Full HD 120Hz, OfficeH24+365B, Win11)",22990000,21990000,,• Đã bán 681,5,Dell,Business& Productivity,Dell 15,Ryzen 7,Ryzen 7 7730U,RAM 16 GB,SSD 1 TB,"15.6"", Full HD (1920 x 1080), 120Hz",Radeon,,,https://www.thegioididong.com/laptop/dell-15-dc15255-r7-7730u-x9ym41,X9YM41,No,Còn hàng
03/08/2026,10:25,MBW,"Laptop Dell 15 DC15250 - 71092479 (i5 1334U, 16GB, 512GB, Full HD 120Hz, OfficeHS24+365B, Win11)",23490000,21990000,-6%,• Đã bán 352,5,Dell,Business& Productivity,Dell 15,Core i5,Core i5 1334U,RAM 16 GB,SSD 512 GB,"15.6"", Full HD (1920 x 1080), 120Hz",Intel UHD,,,https://www.thegioididong.com/laptop/dell-15-dc15250-i5-1334u-71092479,71092479,No,Còn hàng
03/08/2026,10:25,MBW,"Laptop Lenovo Gaming LOQ 15IRX9 - 83DV003CVN (i5 13450HX, 16GB, 512GB, RTX 3050 6GB, Full HD 144Hz, Win11)",37990000,26990000,-28%,"• Đã bán 2,4k",5,Lenovo,Gaming,LOQ,Core i5,Core i5 13450HX,RAM 16 GB,SSD 512 GB,"15.6"", Full HD (1920 x 1080), 144Hz",RTX 3050,6G,,https://www.thegioididong.com/laptop/lenovo-loq-15irx9-i5-83dv003cvn,83DV003CVN,No,Còn hàng
03/08/2026,10:25,MBW,"Laptop Acer Gaming Nitro ProPanel ANV15 41 R9M1 - NH.QPFSV.004 (R5 7535HS, 16GB, 512GB, RTX3050 6GB, Full HD 180Hz, Win11)",29990000,24990000,-16%,• Đã bán 286,5,Acer,Gaming,Nitro ProPanel,Ryzen 5,Ryzen 5 7535HS,RAM 16 GB,SSD 512 GB,"15.6"", Full HD (1920 x 1080), 180 Hz",RTX 3050,6G,,https://www.thegioididong.com/laptop/acer-nitro-v-15-propanel-anv15-41-r9m1-r5-7535hs-nh-qpfsv-004,ANV15 41 R9M1,No,Còn hàng
03/08/2026,10:25,MBW,"Laptop Acer Aspire Lite 15 AL15-21P-R91W - NX.DNRSV.002 (R5 40, 16GB, 512GB, Full HD, Win11)",22990000,19590000,-14%,• Đã bán 21,5,Acer,Business& Productivity,Aspire Lite,Ryzen 5,Ryzen 5 40,RAM 16 GB,SSD 512 GB,"15.6"", Full HD (1920 x 1080)",Radeon,,,https://www.thegioididong.com/laptop/acer-aspire-lite-15-al15-21p-r91w-r5-40-nx-dnrsv-002,AL15-21P-R91W,No,Còn hàng
03/08/2026,10:25,MBW,"Laptop Acer Aspire Go 15 AG15-52P-52WT - NX.JWKSV.001 (Ultra 5 115U, 16GB, 512GB, Full HD, Win11)",24990000,21690000,-13%,• Đã bán 15,5,Acer,Business& Productivity,Aspire Go,Core Ultra 5,Core Ultra 5 115U,RAM 16 GB,SSD 512 GB,"15.6"", Full HD (1920 x 1080)",Intel Graphics,,,https://www.thegioididong.com/laptop/acer-aspire-go-15-ag15-52p-52wt-ultra-5-115u-nx-jwksv-001,AG15-52P-52WT,No,Còn hàng
03/08/2026,10:25,MBW,"Laptop Acer Aspire Lite 15 AL15 41P R3QL - NX.J54SV.001 (R7 5700U, 8GB, 512GB, Full HD, Win11)",15490000,14490000,-6%,"• Đã bán 3,6k",5,Acer,Business& Productivity,Aspire Lite,Ryzen 7,Ryzen 7 5700U,RAM 8 GB,SSD 512 GB,"15.6"", Full HD (1920 x 1080)",Radeon,,,https://www.thegioididong.com/laptop/acer-aspire-lite-15-al15-41p-r3ql-r7-nxj54sv001,AL15 41P R3QL,No,Còn hàng
03/08/2026,10:25,MBW,"Laptop Asus Vivobook S16 S3607VA - RP155WS (Core 5 210H, 16GB, 512GB, WUXGA 144Hz, OfficeH24+365, Win11)",24490000,20690000,-15%,"• Đã bán 1,4k",5,Asus,Business& Productivity,Vivobook,Core 5,Core 5 210H,RAM 16 GB,SSD 512 GB,"16"", WUXGA (1920 x 1200), 144Hz",Intel UHD,,,https://www.thegioididong.com/laptop/asus-vivobook-s16-s3607va-core-5-210h-rp155ws,S3607VA - RP155WS,No,Còn hàng
03/08/2026,10:25,MBW,"Laptop HP Pavilion 16 af0055TU - AY8C4PA (Ultra 5 125U, 16GB, 512GB, WUXGA, OfficeHS+365, Win11)",22790000,22390000,,"• Đã bán 2,1k",5,Hp,Business& Productivity,Pavilion,Core Ultra 5,Core Ultra 5 125U,RAM 16 GB,SSD 512 GB,,,,,https://www.thegioididong.com/laptop/hp-pavilion-16-af0055tu-ultra-5-ay8c4pa,AY8C4PA,No,Còn hàng
03/08/2026,10:25,MBW,"Laptop Lenovo IdeaPad Slim 5 OLED 14AKP10 - 83HX0066VN (R7 AI 350, 32GB, 512GB, WUXGA OLED, Win11)",35990000,28490000,-20%,• Đã bán 1k,5,Lenovo,Business& Productivity,IdeaPad Slim 5,Ryzen 7 AI,Ryzen AI 7 350,RAM 32 GB,SSD 512 GB,"14"", WUXGA (1920 x 1200) - OLED",AMD Radeon 860M Graphics,,,https://www.thegioididong.com/laptop/lenovo-ideapad-slim-5-oled-14akp10-r7-ai-350-83hx0066vn,83HX0066VN,No,Còn hàng
03/08/2026,10:25,MBW,"Laptop HP 240 G10 - B73TJAT (i3 1315U, 8GB, 512GB, Full HD, Win11)",15890000,14990000,-5%,"• Đã bán 3,3k",4.9,Hp,Business& Productivity,HP 240,Core i3,Core i3 1315U,RAM 8 GB,SSD 512 GB,,,,,https://www.thegioididong.com/laptop/hp-240-g10-i3-b73tjat,B73TJAT,No,Còn hàng
03/08/2026,10:25,MBW,"Laptop Asus Vivobook 14 X1407CA - LY008W (Ultra 5 225H, 16GB, 512GB, WUXGA, Win11)",25990000,21990000,-15%,• Đã bán 331,5,Asus,Business& Productivity,Vivobook,Core Ultra 5,Core Ultra 5 225H,RAM 16 GB,SSD 512 GB,"14"", WUXGA (1920 x 1200), 60 Hz",Intel Arc Graphics,,,https://www.thegioididong.com/laptop/asus-vivobook-14-x1407ca-ultra-5-225h-ly008w?utm_flashsale=1,X1407CA - LY008W,No,Còn hàng
03/08/2026,10:25,MBW,"Laptop Dell Pro 14 Essential PV14250 - PV14250-120U-16512W-BL (Core 5 120U, 16GB, 512GB, Full HD+, OfficeH24+365, Win11)",28990000,27990000,,• Đã bán 671,5,Dell,Business& Productivity,Dell Pro,Core 5,Core 5 120U,RAM 16 GB,SSD 512 GB,"14"", Full HD+ (1920 x 1200)",Intel UHD,,,https://www.thegioididong.com/laptop/dell-pro-14-essential-pv14250-core-5-120u-pv14250-120u-16512w-bl,BL,No,Còn hàng
03/08/2026,10:25,MBW,"Laptop Asus Vivobook Go 15 E1504FA - BQ350W (R5 40, 16GB, 512GB, Full HD, Win11)",28490000,19790000,-30%,• Đã bán 254,4.9,Asus,Business& Productivity,Vivobook,Ryzen 5,Ryzen 5 40,RAM 16 GB,SSD 512 GB,"15.6"", Full HD (1920 x 1080), 60 Hz",Radeon,,,https://www.thegioididong.com/laptop/asus-vivobook-go-15-e1504fa-r5-40-bq350w,E1504FA - BQ350W,No,Còn hàng
03/08/2026,10:25,MBW,"Laptop Dell 15 DC15250 - 71071928 (i5 1334U, 16GB, 512GB, Full HD 120Hz, OfficeH24+365B, Win11)",23490000,20990000,-10%,"• Đã bán 1,3k",5,Dell,Business& Productivity,Dell 15,Core i5,Core i5 1334U,RAM 16 GB,SSD 512 GB,"15.6"", Full HD (1920 x 1080), 120Hz",Intel UHD,,,https://www.thegioididong.com/laptop/dell-15-dc15250-i5-1334u-71071928,71071928,No,Còn hàng
03/08/2026,10:25,MBW,"Laptop Acer Aspire Go 15 AG15-72P-500W - NX.JRRSV.007 (Core 5 120U, 16GB, 512GB, Full HD, Win11)",23990000,19490000,-18%,• Đã bán 59,5,Acer,Business& Productivity,Aspire Go,Core 5,Core 5 120U,RAM 16 GB,SSD 512 GB,"15.6"", Full HD (1920 x 1080), 60 Hz",Intel UHD,,,https://www.thegioididong.com/laptop/acer-aspire-go-15-ag15-72p-500w-core-5-120u-nx-jrrsv-007,AG15-72P-500W,No,Còn hàng
03/08/2026,10:25,MBW,"Laptop Lenovo IdeaPad Slim 5 OLED 14AKP10 - 83HX0065VN (R5 AI 340, 32GB, 512GB, WUXGA OLED, Win11)",33990000,29990000,-11%,• Đã bán 1k,5,Lenovo,Business& Productivity,IdeaPad Slim 5,Ryzen 5 AI,Ryzen AI 5 340,RAM 32 GB,SSD 512 GB,"14"", WUXGA (1920 x 1200) - OLED",AMD Radeon 840M,,,https://www.thegioididong.com/laptop/lenovo-ideapad-slim-5-oled-14akp10-r5-ai-350-83hx0065vn,83HX0065VN,No,Còn hàng
03/08/2026,10:25,MBW,"Laptop Acer Gaming Nitro V 15 ProPanel ANV15 41 R0FE - NH.QPFSV.005 (R7 7735HS, 16GB, 512GB, RTX 3050 6GB, Full HD 180Hz, Win11)",32990000,26990000,-18%,• Đã bán 15,5,Acer,Gaming,Nitro V,Ryzen 7,Ryzen 7 7735HS,RAM 16 GB,SSD 512 GB,"15.6"", Full HD (1920 x 1080), 180 Hz",RTX 3050,6G,,https://www.thegioididong.com/laptop/acer-nitro-v-15-propanel-anv15-41-r0fe-r7-7735hs-nh-qpfsv-005,ANV15 41 R0FE,No,Còn hàng
03/08/2026,10:25,MBW,"Laptop Acer Gaming Nitro ProPanel ANV15 52 59AA - NH.QZ9SV.002 (i5 13420H, 16GB, 512GB, RTX 5050 8GB, Full HD 180Hz, Win11)",37990000,33990000,-10%,• Đã bán 51,5,Acer,Gaming,Nitro ProPanel,Core i5,Core i5 13420H,RAM 16 GB,SSD 512 GB,,RTX 5050,8G,,https://www.thegioididong.com/laptop/acer-nitro-v-15-propanel-anv15-52-59aa-i5-13420h-nh-qz9sv-002,ANV15 52 59AA,No,Còn hàng
03/08/2026,10:25,MBW,"Laptop Acer Gaming Predator Helios Neo 16 AI PHN16 73 757W - NH.QVQSV.001 (Ultra 7 255HX, 32GB, 1TB, RTX 5060 8GB, 2K+ 240Hz, Win11)",62990000,60990000,,• Đã bán 1,,Acer,Gaming,Predator,Core Ultra 7,Core Ultra 7 255HX,RAM 32 GB,SSD 1 TB,"16"", 2K+ (2560 x 1600), 240Hz",RTX 5060,8G,,https://www.thegioididong.com/laptop/acer-gaming-predator-helios-neo-16-ai-phn16-73-757w-nh-qvqsv-001,PHN16 73 757W,No,Còn hàng
03/08/2026,10:25,MBW,"Laptop Asus Vivobook 14 X1404VA - EB155WS (Core 5 120U, 16GB, 512GB, Full HD, OfficeH24+365, Win11)",20190000,18590000,-7%,"• Đã bán 3,5k",5,Asus,Business& Productivity,Vivobook,Core 5,Core 5 120U,RAM 16 GB,SSD 512 GB,"14"", Full HD (1920 x 1080)",Intel Graphics,,,https://www.thegioididong.com/laptop/asus-vivobook-14-x1404va-core-5-eb155ws,X1404VA - EB155WS,No,Còn hàng
03/08/2026,10:25,MBW,"Laptop HP 15 fd1486TU - D0BH3PA (Ultra 5 125H, 24GB, 512GB, Full HD, Win11)",24390000,23190000,,• Đã bán 475,5,Hp,Business& Productivity,HP 15,Core Ultra 5,Core Ultra 5 125H,RAM 24 GB,SSD 512 GB,,,,,https://www.thegioididong.com/laptop/hp-15-fd1486tu-ultra-5-125h-d0bh3pa,D0BH3PA,No,Còn hàng
03/08/2026,10:25,MBW,"Laptop HP 15 fd0234TU - 9Q969PA-120U (Core 5 120U, 16GB, 512GB, Full HD, Win11)",21390000,19690000,-7%,"• Đã bán 3,2k",5,Hp,Business& Productivity,HP 15,Core 5,Core 5 120U,RAM 16 GB,SSD 512 GB,,,,,https://www.thegioididong.com/laptop/hp-15-fd0234tu-core-5-120u-9q969pa-120u,9Q969PA,No,Còn hàng
03/08/2026,10:25,MBW,"Laptop Lenovo IdeaPad Slim 3 15IRH10 - 83K1000FVN (i7 13620H, 24GB, 512GB, WUXGA, Win11)",24990000,23390000,-6%,• Đã bán 3k,4.9,Lenovo,Business& Productivity,IdeaPad Slim 3,Core i7,Core i7 13620H,RAM 24 GB,SSD 512 GB,"15.3"", WUXGA (1920 x 1200)",Intel UHD,,,https://www.thegioididong.com/laptop/lenovo-ideapad-slim-3-15irh10-i7-83k1000fvn,83K1000FVN,No,Còn hàng
03/08/2026,10:25,MBW,"Laptop Acer Gaming Nitro V 15 ANV15 41 R2UP - NH.QPGSV.004 (R5 6600H, 16GB, 512GB, RTX 2050 4GB, Full HD 165Hz, Win11)",20990000,19890000,-5%,"• Đã bán 4,1k",4.9,Acer,Gaming,Nitro V,Ryzen 5,Ryzen 5 6600H,RAM 16 GB,SSD 512 GB,"15.6"", Full HD (1920 x 1080), 165Hz",RTX 2050,4G,,https://www.thegioididong.com/laptop/acer-nitro-v-15-anv15-41-r2up-r5-nhqpgsv004,ANV15 41 R2UP,No,Còn hàng
03/08/2026,10:25,MBW,"Laptop Dell 15 DC15250 - 71084746 (i5 1334U, 16GB, 512GB, Full HD 120Hz, OfficeHS24+365, Win11)",23490000,20990000,-10%,"• Đã bán 1,2k",5,Dell,Business& Productivity,Dell 15,Core i5,Core i5 1334U,RAM 16 GB,SSD 512 GB,"15.6"", Full HD (1920 x 1080), 120Hz",Intel UHD,,,https://www.thegioididong.com/laptop/dell-15-dc15250-i5-1334u-71084746,71084746,No,Còn hàng
03/08/2026,10:25,MBW,"Laptop Acer Aspire Lite 15 AL15-46P-R73C - NX.JXMSV.001 (R3 5400U, 8GB, 512GB, Full HD, Win11)",17990000,14490000,-19%,• Đã bán 199,5,Acer,Business& Productivity,Aspire Lite,Ryzen 3,Ryzen 3 5400U,RAM 8 GB,SSD 512 GB,"15.6"", Full HD (1920 x 1080)",Radeon,,,https://www.thegioididong.com/laptop/acer-aspire-lite-15-al15-46p-r73c-r3-5400u-nx-jxmsv-001,AL15-46P-R73C,No,Còn hàng
03/08/2026,10:25,MBW,"Laptop Dell Inspiron 15 3530 - N5I5530W1 (i5 1334U, 16GB, 512GB, Full HD 120Hz, OfficeH24+365, Win11)",23490000,19990000,-14%,"• Đã bán 5,7k",4.9,Dell,Business& Productivity,Inspiron,Core i5,Core i5 1334U,RAM 16 GB,SSD 512 GB,"15.6"", Full HD (1920 x 1080), 120Hz",Intel Iris Xe,,,https://www.thegioididong.com/laptop/dell-inspiron-15-3530-i5-n5i5530w1,N5I5530W1,No,Còn hàng
03/08/2026,10:25,MBW,"Laptop Acer Gaming Nitro ProPanel AN16S 61 R193 - NH.QXTSV.001 (R9 AI 365, 16GB, 512GB, RTX 5070 8GB, 2K+ 180Hz, Win11)",61990000,59990000,,• Đã bán 1,,Acer,Gaming,Nitro ProPanel,Ryzen 9 AI,Ryzen AI 9 365,RAM 16 GB,SSD 512 GB,"16"", 2K+ (2560 x 1600), 180 Hz",RTX 5070,8G,,https://www.thegioididong.com/laptop/acer-gaming-nitro-16s-ai-propanel-an16s-61-r193-r9-ai-365-nh-qxtsv-001,AN16S 61 R193,No,Còn hàng
03/08/2026,10:25,MBW,"Laptop Asus Vivobook S14 S3407CA - LY095WS (Ultra 5 225H, 16GB, 512GB, WUXGA, OfficeH24+365, Win11)",27990000,23490000,-16%,"• Đã bán 1,3k",4.9,Asus,Business& Productivity,Vivobook,Core Ultra 5,Core Ultra 5 225H,RAM 16 GB,SSD 512 GB,"14"", WUXGA (1920 x 1200)",Intel UHD,,,https://www.thegioididong.com/laptop/asus-s3407ca-ultra-5-ly095ws,S3407CA - LY095WS,No,Còn hàng
03/08/2026,10:25,MBW,"Laptop Acer Aspire Lite 15 AL15 42P R86Y - NX.D3QSV.003 (R7 7730U, 16GB, 512GB, Full HD, Win11)",20990000,17490000,-16%,• Đã bán 661,4.9,Acer,Business& Productivity,Aspire Lite,Ryzen 7,Ryzen 7 7730U,RAM 16 GB,SSD 512 GB,"15.6"", Full HD (1920 x 1080), 60 Hz",Radeon,,,https://www.thegioididong.com/laptop/acer-aspire-lite-15-al15-42p-r86y-r7-7730u-nxd3qsv003,AL15 42P R86Y,No,Còn hàng
03/08/2026,10:25,MBW,"Laptop HP OmniBook 5 Flip 14 fp0057TU - BZ7Q6PA (Core 5 120U, 16GB, 512GB, WUXGA, Cảm ứng, OfficeH24, Win11)",28990000,25990000,-10%,• Đã bán 497,5,Hp,Business& Productivity,OmniBook,Core 5,Core 5 120U,RAM 16 GB,SSD 512 GB,,,,,https://www.thegioididong.com/laptop/hp-omnibook-5-flip-14-fp0057tu-core-5-120u-bz7q6pa,BZ7Q6PA,No,Còn hàng
03/08/2026,10:25,MBW,"Laptop Dell 15 DC15250 - 71084747 (i7 1355U, 16GB, 512GB, Full HD 120 Hz, OfficeHS24+365, Win11)",25990000,23990000,-7%,• Đã bán 530,5,Dell,Business& Productivity,Dell 15,Core i7,Core i7 1355U,RAM 16 GB,SSD 512 GB,"15.6"", Full HD (1920 x 1080), 120Hz",Intel UHD,,,https://www.thegioididong.com/laptop/dell-15-dc15250-i7-1355u-71084747,71084747,No,Còn hàng
03/08/2026,10:25,MBW,"Laptop Asus VivoBook Go 14 E1404FA - EB945W (R5 40, 16GB, 512GB, Full HD, Win11)",28490000,19690000,-30%,• Đã bán 304,5,Asus,Business& Productivity,Vivobook,Ryzen 5,Ryzen 5 40,RAM 16 GB,SSD 512 GB,"14"", Full HD (1920 x 1080), 60 Hz",Radeon,,,https://www.thegioididong.com/laptop/asus-vivobook-go-14-e1404fa-r5-40-eb945w,E1404FA - EB945W,No,Còn hàng
03/08/2026,10:25,MBW,"Laptop Acer Aspire Lite 16 G2 AL16 52P 76DU - NX.J2SSV.005 (i7 1355U, 16GB, 512GB, Full HD+, Win11)",21990000,19290000,-12%,• Đã bán 926,4.9,Acer,Business& Productivity,Aspire Lite,Core i7,Core i7 1355U,RAM 16 GB,SSD 512 GB,"16"", Full HD+",Intel Iris Xe Graphics eligible,,,https://www.thegioididong.com/laptop/acer-aspire-lite-16-g2-al16-52p-76du-i7-nxj2ssv005,AL16 52P 76DU,No,Còn hàng
03/08/2026,10:25,MBW,"Laptop Lenovo Gaming LOQ 15IRX9 - 83DV01ANVN (i5 13450HX, 16GB, 1TB, RTX 3050 6GB, Full HD 144Hz, Win11)",42990000,28990000,-32%,• Đã bán 796,4.9,Lenovo,Gaming,LOQ,Core i5,Core i5 13450HX,RAM 16 GB,SSD 1 TB,"15.6"", Full HD (1920 x 1080), 144Hz",RTX 3050,6G,,https://www.thegioididong.com/laptop/lenovo-gaming-loq-15irx9-i5-83dv01anvn,83DV01ANVN,No,Còn hàng
03/08/2026,10:25,MBW,"Laptop HP Gaming VICTUS 15 fb3116AX - BX8U4PA (R7 7445HS, 16GB, 512GB, RTX3050 6GB, Full HD 144Hz, Win11)",29790000,25490000,-14%,• Đã bán 404,5,Hp,Gaming,VICTUS,Ryzen 7,Ryzen 7 7445HS,RAM 16 GB,SSD 512 GB,,RTX 3050,6G,,https://www.thegioididong.com/laptop/hp-victus-15-fb3116ax-r7-7445hs-bx8u4pa,BX8U4PA,No,Còn hàng
03/08/2026,10:25,MBW,"Laptop Dell Inspiron 15 3530 - 71070372 (i5 1334U, 16GB, 512GB, Full HD 120Hz, OfficeH24+365, Win11)",23490000,19990000,-14%,"• Đã bán 3,7k",5,Dell,Business& Productivity,Inspiron,Core i5,Core i5 1334U,RAM 16 GB,SSD 512 GB,"15.6"", Full HD (1920 x 1080), 120Hz",Intel Iris Xe,,,https://www.thegioididong.com/laptop/dell-inspiron-15-3530-i5-71070372,71070372,No,Còn hàng
03/08/2026,10:25,MBW,"Laptop MSI Gaming Cyborg 15 A13VEK - 1423VN (i7 13620H, 16GB, 512GB, RTX 4050 6GB, Full HD 144Hz, Win11)",33990000,29990000,-11%,• Đã bán 805,5,Msi,Gaming,Cyborg,Core i7,Core i7 13620H,RAM 16 GB,SSD 512 GB,"15.6"", Full HD (1920 x 1080), 144Hz",RTX 4050,6G,,https://www.thegioididong.com/laptop/msi-cyborg-15-a13vek-i7-1423vn,1423VN,No,Còn hàng
03/08/2026,10:25,MBW,"Laptop MSI Modern 14 F1MG - 432VN (Core 5 120U, 16GB, 512GB, Full HD, Win11)",21990000,20890000,-5%,• Đã bán 88,5,Msi,Business& Productivity,Modern,Core 5,Core 5 120U,RAM 16 GB,SSD 512 GB,"14"", Full HD (1920 x 1080)",Intel Graphics,,,https://www.thegioididong.com/laptop/msi-modern-14-f1mg-core-5-432vn,432VN,No,Còn hàng
03/08/2026,10:25,MBW,"Laptop Acer Aspire Lite 14 AL14-44P-R0SP - NX.DMCSV.003 (R7 7730U, 8GB, 512GB, Full HD+, Win11)",22990000,20990000,-8%,• Đã bán 3,5,Acer,Business& Productivity,Aspire Lite,Ryzen 7,Ryzen 7 7730U,RAM 8 GB,SSD 512 GB,"14.5"", Full HD+ (1920 x 1200)",AMD Radeon 680M Graphics,,,https://www.thegioididong.com/laptop/acer-aspire-lite-14-al14-44p-r0sp-r7-7730u-nx-dmcsv-003,AL14-44P-R0SP,No,Còn hàng
03/08/2026,10:25,MBW,"Laptop Asus TUF Gaming F16 FX607VJ - RL034W (Core 5 210H, 16GB, 512GB, RTX 3050 6GB, Full HD+ 144Hz, Win11)",24590000,23490000,,"• Đã bán 2,4k",4.9,Asus,Gaming,TUF,Core 5,Core 5 210H,RAM 16 GB,SSD 512 GB,"16"", Full HD+, 144Hz",RTX 3050,6G,,https://www.thegioididong.com/laptop/asus-tuf-gaming-f16-fx607vj-core-5-rl034w,FX607VJ - RL034W,No,Còn hàng
03/08/2026,10:25,MBW,"Laptop HP 240 G10 - B93GZAT (i5 1334U, 16GB, 512GB, Full HD, Win11)",20590000,18990000,-7%,"• Đã bán 4,9k",4.9,Hp,Business& Productivity,HP 240,Core i5,Core i5 1334U,RAM 16 GB,SSD 512 GB,,,,,https://www.thegioididong.com/laptop/hp-240-g10-i5-b93gzat,B93GZAT,No,Còn hàng
03/08/2026,10:25,MBW,"Laptop Asus VivoBook 16 X1607CA - MB980W (Ultra 5 225H, 16GB, 512GB, WUXGA, Win11)",25990000,22090000,-15%,• Đã bán 248,5,Asus,Business& Productivity,Vivobook,Core Ultra 5,Core Ultra 5 225H,RAM 16 GB,SSD 512 GB,"16"", WUXGA (1920 x 1200), 60 Hz",Intel Graphics,,,https://www.thegioididong.com/laptop/asus-x1607ca-ultra-5-225h-mb980w?utm_flashsale=1,X1607CA - MB980W,No,Còn hàng
03/08/2026,10:25,MBW,"Laptop Acer Aspire Lite 16 AI AL16 71P 5674 - NX.D4XSV.001 (Ultra 5 125H, 16GB, 512GB, Full HD+, Win11)",21990000,18990000,-13%,• Đã bán 775,4.9,Acer,Business& Productivity,Aspire Lite,Core Ultra 5,Core Ultra 5 125H,RAM 16 GB,SSD 512 GB,,,,,https://www.thegioididong.com/laptop/acer-aspire-lite-16-ai-al16-71p-5674-ultra-5-125h-nx-d4xsv-001,AL16 71P 5674,No,Còn hàng
03/08/2026,10:25,MBW,"Laptop HP Pavilion X360 14 ek2017TU - 9Z2V5PA (Core 5 120U, 16GB, 512GB, Full HD, Cảm ứng, Win11)",24990000,23890000,,• Đã bán 755,5,Hp,Business& Productivity,Pavilion,Core 5,Core 5 120U,RAM 16 GB,SSD 512 GB,,,,,https://www.thegioididong.com/laptop/hp-pavilion-x360-14-ek2017tu-core-5-9z2v5pa,9Z2V5PA,No,Còn hàng
03/08/2026,10:25,MBW,"Laptop Lenovo IdeaPad Slim 5 OLED 15ARP10 - 83J3001DVN (R7 7735HS, 16GB, 512GB, WQXGA OLED 165Hz, Win11)",32990000,30990000,-6%,• Đã bán 424,5,Lenovo,Business& Productivity,IdeaPad Slim 5,Ryzen 7,Ryzen 7 7735HS,RAM 16 GB,SSD 512 GB,"15.1"", WQXGA (2560 x 1600) OLED, 165Hz",AMD Radeon 680M Graphics,,,https://www.thegioididong.com/laptop/lenovo-ideapad-slim-5-oled-15arp10-r7-83j3001dvn,83J3001DVN,No,Còn hàng
03/08/2026,10:25,MBW,"Laptop Dell 15 DC15250 - CPH991 (i7 1355U, 16GB, 1TB, Full HD 120Hz, OfficeHS24+365, Win11)",27490000,25990000,-5%,• Đã bán 413,5,Dell,Business& Productivity,Dell 15,Core i7,Core i7 1355U,RAM 16 GB,SSD 1 TB,"15.6"", Full HD (1920 x 1080), 120Hz",Intel UHD,,,https://www.thegioididong.com/laptop/dell-15-dc15250-i7-1355u-cph991,CPH991,No,Còn hàng
03/08/2026,10:25,MBW,"Laptop Acer Gaming Aspire 7 A715 76G 5806 - NH.QMFSV.002 (i5 12450H, 16GB, 512GB, RTX 3050 4GB, Full HD 144Hz, Win11)",23990000,21790000,-9%,• Đã bán 2k,4.9,Acer,Gaming,Gaming Aspire,Core i5,Core i5 12450H,RAM 16 GB,SSD 512 GB,,RTX 3050,4G,,https://www.thegioididong.com/laptop/acer-aspire-7-gaming-a715-76g-5806-i5-nhqmfsv002,A715 76G 5806,No,Còn hàng
03/08/2026,10:25,MBW,"Laptop Dell 15 DC15250 - DC15250-i7U161W11SLU (i7 1355U, 16GB, 1TB, Full HD 120Hz, OfficeH24+365, Win11)",27490000,25990000,-5%,• Đã bán 1k,5,Dell,Business& Productivity,Dell 15,Core i7,Core i7 1355U,RAM 16 GB,SSD 1 TB,"15.6"", Full HD (1920 x 1080), 120Hz",Intel UHD,,,https://www.thegioididong.com/laptop/dell-15-dc15250-i7-1355u-dc15250-i7u161w11slu,7U161W11SLU,No,Còn hàng
03/08/2026,10:25,MBW,"Laptop MSI Gaming Cyborg 15 A13UC - 2088VN (i5 13420H, 16GB, 512GB, RTX 3050 4GB, Full HD 144Hz, Win11)",29690000,25990000,-12%,• Đã bán 78,5,Msi,Gaming,Cyborg,Core i5,Core i5 13420H,RAM 16 GB,SSD 512 GB,"15.6"", Full HD (1920 x 1080), 144Hz",RTX 3050,4G,,https://www.thegioididong.com/laptop/msi-gaming-cyborg-15-a13uc-i5-13420h-2088vn,2088VN,No,Còn hàng
03/08/2026,10:25,MBW,"Laptop Lenovo Ideapad Slim 5 OLED 14AKP10 - 83HX00B2VN (R5 330, 16GB, 1TB, WUXGA, Win11)",35990000,29990000,-16%,• Đã bán 199,5,Lenovo,Business& Productivity,IdeaPad Slim 5,Ryzen 5 AI,Ryzen AI 5 330,RAM 16 GB,SSD 1 TB,"14"", WUXGA (1920 x 1200) - OLED, 60 Hz",AMD Radeon 820M Graphics,,,https://www.thegioididong.com/laptop/lenovo-ideapad-slim-5-oled-14akp10-r5-330-83hx00b2vn,83HX00B2VN,No,Còn hàng
03/08/2026,10:25,MBW,"Laptop Dell 15 DC15250 - DC15250-i7U161W11SLU-5 (i7 1355U, 16GB, 1TB, Full HD 120Hz, OfficeH24+365, Win11)",27490000,25990000,-5%,• Đã bán 581,5,Dell,Business& Productivity,Dell 15,Core i7,Core i7 1355U,RAM 16 GB,SSD 1 TB,"15.6"", Full HD (1920 x 1080), 120Hz",Intel UHD,,,https://www.thegioididong.com/laptop/dell-15-dc15250-i7-1355u-dc15250-i7u161w11slu-5,5,No,Còn hàng
03/08/2026,10:25,MBW,"Laptop Dell 15 DC15250 - DC5I5357W1 (i5 1334U, 16GB, 512GB, Full HD 120Hz, OfficeH24+365, Win11)",23490000,20990000,-10%,"• Đã bán 3,5k",5,Dell,Business& Productivity,Dell 15,Core i5,Core i5 1334U,RAM 16 GB,SSD 512 GB,"15.6"", Full HD (1920 x 1080), 120Hz",Intel UHD,,,https://www.thegioididong.com/laptop/dell-15-dc15250-i5-dc5i5357w1,DC5I5357W1,No,Còn hàng
03/08/2026,10:25,MBW,"Laptop HP 14 ep1137TU - C2CY8PA (Ultra 7 155H, 16GB, 512GB, Full HD, Win11)",26590000,23890000,-10%,• Đã bán 323,5,Hp,Business& Productivity,HP 14,Core Ultra 7,Core Ultra 7 155H,RAM 16 GB,SSD 512 GB,,,,,https://www.thegioididong.com/laptop/hp-14-ep1137tu-ultra-7-155h-c2cy8pa,C2CY8PA,No,Còn hàng
03/08/2026,10:25,MBW,"Laptop HP 15 fd0235TU - 9Q970PA_120U (Core 5 120U, 16GB, 512GB, Full HD, Win11)",21390000,19690000,-7%,"• Đã bán 2,1k",5,Hp,Business& Productivity,HP 15,Core 5,Core 5 120U,RAM 16 GB,SSD 512 GB,,,,,https://www.thegioididong.com/laptop/hp-15-fd0235tu-core-5-120u-9q970pa-120u,9Q970PA,No,Còn hàng
03/08/2026,10:25,MBW,"Laptop MSI Gaming Katana 15 B13UDXK - 2077VN (i7 13620H, 16GB, 1TB, RTX 3050 6GB, Full HD 144Hz, Win11)",25490000,24390000,,"• Đã bán 1,4k",4.9,Msi,Gaming,Katana,Core i7,Core i7 13620H,RAM 16 GB,SSD 1 TB,"15.6"", Full HD (1920 x 1080), 144Hz",RTX 3050,6G,,https://www.thegioididong.com/laptop/msi-katana-15-b13udxk-i7-2077vn,2077VN,No,Còn hàng
03/08/2026,10:25,MBW,"Laptop Lenovo IdeaPad Slim 5 OLED 15ARP10 - 83J3002SVN (R7 7735HS, 32GB, 512GB, WQXGA OLED 165Hz, Win11)",39990000,29990000,-25%,• Đã bán 295,5,Lenovo,Business& Productivity,IdeaPad Slim 5,Ryzen 7,Ryzen 7 7735HS,RAM 32 GB,SSD 512 GB,"15.1"", WQXGA (2560 x 1600) OLED, 165Hz",AMD Radeon 680M Graphics,,,https://www.thegioididong.com/laptop/lenovo-ideapad-slim-5-oled-15arp10-r7-83j3002svn,83J3002SVN,No,Còn hàng
03/08/2026,10:25,MBW,"Laptop Acer Gaming Nitro ProPanel ANV15 41 R7CR - NH.QPESV.003 (R5 7535HS, 16GB, 512GB, RTX 4050 6GB, Full HD 180Hz, Win11)",32990000,27490000,-16%,• Đã bán 122,5,Acer,Gaming,Nitro ProPanel,Ryzen 5,Ryzen 5 7535HS,RAM 16 GB,SSD 512 GB,,RTX 4050,6G,,https://www.thegioididong.com/laptop/acer-nitro-v-15-propanel-anv15-41-r7cr-r5-7535hs-nh-qpesv-003,ANV15 41 R7CR,No,Còn hàng
03/08/2026,10:25,MBW,"Laptop Asus Vivobook 14 X1404VA - EB155W (Core 5 120U, 16GB, 512GB, Full HD, Win11)",19690000,17990000,-8%,• Đã bán 662,5,Asus,Business& Productivity,Vivobook,Core 5,Core 5 120U,RAM 16 GB,SSD 512 GB,"14"", Full HD (1920 x 1080), 60 Hz",Intel Graphics,,,https://www.thegioididong.com/laptop/asus-vivobook-14-x1404va-core-5-120u-eb155w,X1404VA - EB155W,No,Còn hàng
03/08/2026,10:25,MBW,"Laptop Dell 15 DC15255 - DC5R5802W1 (R5 7530U, 16GB, 512GB, Full HD 120Hz, OfficeH24+365, Win11)",20990000,19990000,,"• Đã bán 3,1k",5,Dell,Business& Productivity,Dell 15,Ryzen 5,Ryzen 5 7530U,RAM 16 GB,SSD 512 GB,"15.6"", Full HD (1920 x 1080), 120Hz",Radeon,,,https://www.thegioididong.com/laptop/dell-15-dc15255-r5-7530u-dc5r5802w1,DC5R5802W1,No,Còn hàng
03/08/2026,10:25,MBW,"Laptop Dell 15 DC15250 - DC5I7952W1 (i7 1355U, 16GB, 512GB, Full HD+ 120Hz, OfficeH24+365, Win11)",25990000,23990000,-7%,• Đã bán 353,5,Dell,Business& Productivity,Dell 15,Core i7,Core i7 1355U,RAM 16 GB,SSD 512 GB,"15.6"", Full HD, 120Hz",Intel UHD,,,https://www.thegioididong.com/laptop/dell-15-dc15250-i7-1355u-dc5i7952w1,DC5I7952W1,No,Còn hàng
03/08/2026,10:25,MBW,"Laptop Asus Vivobook 15 X1504VA - BQ793W (Core 3 100U, 8GB, 512GB, Full HD, Win11)",17990000,15790000,-12%,• Đã bán 205,5,Asus,Business& Productivity,Vivobook,Core 3,Core 3 100U,RAM 8 GB,SSD 512 GB,"15.6"", Full HD (1920 x 1080), 60 Hz",Intel Graphics,,,https://www.thegioididong.com/laptop/asus-vivobook-15-x1504va-core-3-100u-bq793w,X1504VA - BQ793W,No,Còn hàng
03/08/2026,10:25,MBW,"Laptop Acer Gaming Nitro V ANV15 51 55CA - NH.QN8SV.004 (i5 13420H, 16GB, 512GB, RTX 4050 6GB, Full HD 144Hz, Win11)",27490000,26390000,,"• Đã bán 1,3k",5,Acer,Gaming,Nitro V,Core i5,Core i5 13420H,RAM 16 GB,SSD 512 GB,,RTX 4050,6G,,https://www.thegioididong.com/laptop/acer-nitro-v-anv15-51-55ca-i5-nhqn8sv004,ANV15 51 55CA,No,Còn hàng
03/08/2026,10:25,MBW,"Laptop HP 15 fd1288TU - C2CV7PA (Ultra 7 155H, 16GB, 512GB, Full HD, Win11)",26590000,23990000,-9%,• Đã bán 420,5,Hp,Business& Productivity,HP 15,Core Ultra 7,Core Ultra 7 155H,RAM 16 GB,SSD 512 GB,,,,,https://www.thegioididong.com/laptop/hp-15-fd1288tu-ultra-7-155h-c2cv7pa,C2CV7PA,No,Còn hàng
03/08/2026,10:25,MBW,"Laptop HP Pavilion 16 af0054TU - AY8C3PA (Ultra 5 125U, 16GB, 1TB, WUXGA, OfficeHS+365, Win11)",23790000,23390000,,• Đã bán 546,5,Hp,Business& Productivity,Pavilion,Core Ultra 5,Core Ultra 5 125U,RAM 16 GB,SSD 1 TB,,,,,https://www.thegioididong.com/laptop/hp-pavilion-16-af0054tu-ultra-5-ay8c3pa,AY8C3PA,No,Còn hàng
03/08/2026,10:25,MBW,"Laptop Acer Aspire Go 14 AG14-72P-54DF - NX.JSBSV.009 (Core 5 120U, 16GB, 512GB, Full HD+, Win11)",23990000,19490000,-18%,• Đã bán 89,5,Acer,Business& Productivity,Aspire Go,Core 5,Core 5 120U,RAM 16 GB,SSD 512 GB,"14"", Full HD+ (1920 x 1200), 60 Hz",Intel UHD,,,https://www.thegioididong.com/laptop/acer-aspire-go-14-ag14-72p-54df-core-5-120u-nx-jsbsv-009,AG14-72P-54DF,No,Còn hàng
03/08/2026,10:25,MBW,"Laptop Dell 15 DC15250 - 71092480 (i7 1355U, 16GB, 512GB, Full HD 120Hz, OfficeHS24+365B, Win11)",25990000,23990000,-7%,• Đã bán 142,5,Dell,Business& Productivity,Dell 15,Core i7,Core i7 1355U,RAM 16 GB,SSD 512 GB,"15.6"", Full HD (1920 x 1080), 120Hz",Intel UHD,,,https://www.thegioididong.com/laptop/dell-15-dc15250-i7-1355u-71092480,71092480,No,Còn hàng
03/08/2026,10:25,MBW,"Laptop GIGABYTE Gaming A16 GA6H - GAMING-A16-CMHI2VN893SH (i7 13620H, 16GB, 512GB, RTX 4050 6GB, WUXGA 165Hz, Win11)",33990000,29290000,-13%,• Đã bán 263,5,Gigabyte,Gaming,Gaming A16,Core i7,Core i7 13620H,RAM 16 GB,SSD 512 GB,"16"", WUXGA (1920 x 1200), 165Hz",RTX 4050,6G,,https://www.thegioididong.com/laptop/gigabyte-a16-ga6h-i7-gaming-a16-cmhi2vn893sh,CMHI2VN893SH,No,Còn hàng
03/08/2026,10:25,MBW,"Laptop Acer Aspire 5 A515 58M 79R7 - NX.KQ8SV.007 (i7 13620H, 16GB, 512GB, Full HD, Win11)",21990000,20690000,-5%,• Đã bán 480,4.9,Acer,Business& Productivity,Aspire 5,Core i7,Core i7 13620H,RAM 16 GB,SSD 512 GB,,,,,https://www.thegioididong.com/laptop/acer-aspire-5-a515-58m-79r7-i7-nxkq8sv007,A515 58M 79R7,No,Còn hàng
03/08/2026,10:25,MBW,"Laptop Lenovo V15 G5 IRL - 83HF00BYVN (i5 13420H, 16GB, 512GB, Full HD, Win11)",25690000,24590000,,• Đã bán 146,5,Lenovo,Business& Productivity,Lenovo V15,Core i5,i5 13420H,RAM 16 GB,SSD 512 GB,,,,,https://www.thegioididong.com/laptop/lenovo-v15-g5-irl-i5-13420h-83hf00byvn,83HF00BYVN,No,Còn hàng
03/08/2026,10:25,MBW,"Laptop Lenovo V14 G5 - 83HD005JVN (i5 13420H, 16GB, 512GB, Full HD, Win11)",25990000,24890000,,• Đã bán 201,5,Lenovo,Business& Productivity,V14,Core i5,i5 13420H,RAM 16 GB,SSD 512 GB,,,,,https://www.thegioididong.com/laptop/lenovo-v14-g5-i5-13420h-83hd005jvn,83HD005JVN,No,Còn hàng
03/08/2026,10:25,MBW,"Laptop Dell 15 DC15250 - DC15250-i5U165W11SLU-27 (i5 1334U, 16GB, 512GB, Full HD 120Hz, OfficeHS24+365, Win11)",23490000,21990000,-6%,• Đã bán 220,5,Dell,Business& Productivity,Dell 15,Core i5,Core i5 1334U,RAM 16 GB,SSD 512 GB,"15.6"", Full HD (1920 x 1080), 120Hz",Intel UHD,,,https://www.thegioididong.com/laptop/dell-15-dc15250-i5-1334u-dc15250-i5u165w11slu-27,27,No,Còn hàng
03/08/2026,10:25,MBW,"Laptop Asus Vivobook 15 X1502VA - BQ986WS (i7 13620H, 16GB, 512GB, Full HD, OfficeH24+365, Win11)",22490000,20790000,-7%,"• Đã bán 2,8k",5,Asus,Business& Productivity,Vivobook,Core i7,Core i7 13620H,RAM 16 GB,SSD 512 GB,,,,,https://www.thegioididong.com/laptop/asus-x1502va-i7-bq986ws,X1502VA - BQ986WS,No,Còn hàng
03/08/2026,10:25,MBW,"Laptop HP Probook 455 G10 - B8PG7AT (R5 7530U, 16GB, 512GB, Full HD, Win11)",23390000,19990000,-14%,"• Đã bán 1,7k",5,Hp,Business& Productivity,Probook,Ryzen 5,Ryzen 5 7530U,RAM 16 GB,SSD 512 GB,,,,,https://www.thegioididong.com/laptop/hp-probook-455-g10-r5-b8pg7at,B8PG7AT,No,Còn hàng
03/08/2026,10:25,MBW,"Laptop HP Gaming VICTUS 15 fa2731TX - B85LNPA (i5 13420H, 16GB, 512GB, RTX 3050 6GB, Full HD 144Hz, Win11)",29990000,24990000,-16%,"• Đã bán 1,4k",4.9,Hp,Gaming,VICTUS,Core i5,Core i5 13420H,RAM 16 GB,SSD 512 GB,,RTX 3050,6G,,https://www.thegioididong.com/laptop/hp-victus-15-fa2731tx-i5-b85lnpa,B85LNPA,No,Còn hàng
03/08/2026,10:25,MBW,"Laptop Dell Inspiron 15 3530 - P16WD22 (i5 1334U, 16GB, 512GB, Full HD 120Hz, OfficeH24+365, Win11)",23490000,19990000,-14%,"• Đã bán 2,8k",4.9,Dell,Business& Productivity,Inspiron,Core i5,Core i5 1334U,RAM 16 GB,SSD 512 GB,,,,,https://www.thegioididong.com/laptop/dell-inspiron-15-3530-i5-p16wd22,P16WD22,No,Còn hàng
03/08/2026,10:25,MBW,"Laptop Acer Nitro ProPanel ANV15-41-R0Y4 - NH.QPESV.004 (R7 7735HS, 16GB, 512GB, RTX 4050 6GB, Full HD 180Hz, Win11)",33990000,29990000,-11%,• Đã bán 32,5,Acer,Gaming,Nitro ProPanel,Ryzen 5,Ryzen 5 7735HS,RAM 16 GB,SSD 512 GB,,RTX 4050,6G,,https://www.thegioididong.com/laptop/acer-nitro-v-15-propanel-anv15-41-r0y4-r7-7735hs-nh-qpesv-004,ANV15-41-R0Y4,No,Còn hàng
03/08/2026,10:25,MBW,"Laptop Acer Gaming Nitro V 15 ANV15 41 R1JY - NH.QPFSV.001 (R5 6600H, 16GB, 512GB, RTX 3050 6GB, Full HD 165Hz, Win11)",23990000,22890000,,"• Đã bán 3,7k",4.9,Acer,Gaming,Nitro V,Ryzen 5,Ryzen 5 6600H,RAM 16 GB,SSD 512 GB,"15.6"", Full HD (1920 x 1080), 165Hz",RTX 3050,6G,,https://www.thegioididong.com/laptop/acer-nitro-v-15-anv15-41-r1jy-r5-nhqpfsv001,ANV15 41 R1JY,No,Còn hàng
03/08/2026,10:25,MBW,"Laptop Asus Gaming V16 V3607VU - RP192W (Core 5 210H, 16GB, 512GB, RTX 4050 6GB, WUXGA 144Hz, Win11)",26990000,25890000,,• Đã bán 827,4.9,Asus,Gaming,Gaming V16,Core i5,Core i5 210H,RAM 16 GB,SSD 512 GB,,RTX 4050,6G,,https://www.thegioididong.com/laptop/asus-gaming-v16-v3607vu-core-5-rp192w,V3607VU - RP192W,No,Còn hàng
03/08/2026,10:25,MBW,"Laptop HP Pavilion 15 eg3091TU - 8C5L2PA (i7 1355U, 16GB, 512GB, Full HD, Win11)",25390000,24290000,,"• Đã bán 2,9k",4.9,Hp,Business& Productivity,Pavilion,Core i7,Core i7 1355U,RAM 16 GB,SSD 512 GB,,,,,https://www.thegioididong.com/laptop/hp-pavilion-15-eg3091tu-i7-8c5l2pa,8C5L2PA,No,Còn hàng
03/08/2026,10:25,MBW,"Laptop HP 15 fc0085AU - A6VV8PA (R5 7430U, 16GB, 512GB, Full HD, Win11)",23990000,19990000,-16%,"• Đã bán 20,1k",4.9,Hp,Business& Productivity,HP 15,Ryzen 5,Ryzen 5 7430U,RAM 16 GB,SSD 512 GB,,,,,https://www.thegioididong.com/laptop/hp-15-fc0085au-r5-a6vv8pa,A6VV8PA,No,Còn hàng
03/08/2026,10:25,MBW,"Laptop Dell Latitude 3450 - L3450-1335U-16512WN (i5 1335U, 16GB, 512GB, Full HD, Win11)",24990000,21290000,-14%,"• Đã bán 2,6k",4.9,Dell,Business& Productivity,Latitude,Core i5,Core i5 1335U,RAM 16 GB,SSD 512 GB,,,,,https://www.thegioididong.com/laptop/dell-latitude-3450-i5-l34501335u16512wn,16512WN,No,Còn hàng
03/08/2026,10:25,MBW,"Laptop Dell 15 DC15250 - DC15250-i5U165W11SLU (i5 1334U, 16GB, 512GB, Full HD 120Hz, OfficeH24+365, Win11)",23490000,20990000,-10%,• Đã bán 1k,5,Dell,Business& Productivity,Dell 15,Core i5,Core i5 1334U,RAM 16 GB,SSD 512 GB,,,,,https://www.thegioididong.com/laptop/dell-15-dc15250-i5-1334u-dc15250-i5u165w11slu,5U165W11SLU,No,Còn hàng
03/08/2026,10:25,MBW,"Laptop MSI Venture A15 AI A2HMG - 003VN (R7 260, 16GB, 512GB, Full HD 144Hz, Win11)",22490000,21390000,,• Đã bán 73,5,Msi,Business& Productivity,Venture,Ryzen 7,Ryzen 7 260,RAM 16 GB,SSD 512 GB,"15.6"", Full HD (1920 x 1080), 144Hz",Radeon,,,https://www.thegioididong.com/laptop/msi-venture-a15-ai-a2hmg-r7-003vn,003VN,No,Còn hàng
03/08/2026,10:25,MBW,"Laptop Acer Gaming Nitro V ANV15 51 57B2 - NH.QN8SV.001 (i5 13420H, 8GB, 512GB, RTX 4050 6GB, Full HD 144Hz, Win11)",27000000,25900000,,• Đã bán 241,5,Acer,Gaming,Nitro V,Core i5,Core i5 13420H,RAM 8 GB,SSD 512 GB,,RTX 4050,6G,,https://www.thegioididong.com/laptop/acer-nitro-v-anv15-51-57b2-i5-nhqn8sv001,ANV15 51 57B2,No,Còn hàng
03/08/2026,10:25,MBW,"Laptop Dell 15 DC15250 - CPH992 (i5 1334U, 16GB, 512GB, Full HD 120Hz, OfficeHS24+365B, Win11)",23490000,21990000,-6%,• Đã bán 173,5,Dell,Business& Productivity,Dell 15,Core i5,Core i5 1334U,RAM 16 GB,SSD 512 GB,,,,,https://www.thegioididong.com/laptop/dell-15-dc15250-i5-1334u-cph992,CPH992,No,Còn hàng
03/08/2026,10:25,MBW,"Laptop Asus TUF Gaming F16 FX607VJB - RL151W (Core 5 210H, 16GB, 512GB, RTX 3050 6GB, Full HD+, 144Hz, Win11)",24990000,23890000,,• Đã bán 383,5,Asus,Gaming,TUF,Core i5,Core i5 210H,RAM 16 GB,SSD 512 GB,,RTX 3050,6G,,https://www.thegioididong.com/laptop/asus-tuf-gaming-f16-fx607vjb-core-5-210h-rl151w,FX607VJB - RL151W,No,Còn hàng
03/08/2026,10:25,MBW,"Laptop HP OmniBook 7 Aero 13 bg1087AU - BZ7S1PA (R5 AI 340, 16GB, 512GB, WUXGA, OfficeH24+365, Win11)",29790000,27990000,-6%,• Đã bán 33,5,Hp,Business& Productivity,OmniBook,Ryzen 5 AI,Ryzen AI 5 340,RAM 36 GB,SSD 512 GB,,,,,https://www.thegioididong.com/laptop/hp-omnibook-7-aero-13-bg1087au-r5-ai-340-bz7s1pa,BZ7S1PA,No,Còn hàng
03/08/2026,10:25,MBW,"Laptop HP 245 G10 - A20TDPT (R5 7530U, 8GB, 512GB, Full HD, Win11)",21390000,18990000,-11%,"• Đã bán 6,8k",4.9,Hp,Business& Productivity,HP 245,Ryzen 5,Ryzen 5 7530U,RAM 8 GB,SSD 512 GB,,,,,https://www.thegioididong.com/laptop/hp-245-g10-r5-a20tdpt,A20TDPT,No,Còn hàng
03/08/2026,10:25,MBW,"Laptop HP Pavilion 15 eg3093TU - 8C5L4PA (i5 1335U, 16GB, 512GB, Full HD, Win11)",21090000,19990000,-5%,"• Đã bán 6,1k",4.9,Hp,Business& Productivity,Pavilion,Core i5,Core i5 1335U,RAM 16 GB,SSD 512 GB,,,,,https://www.thegioididong.com/laptop/hp-pavilion-15-eg3093tu-i5-8c5l4pa,8C5L4PA,No,Còn hàng
03/08/2026,10:25,MBW,"Laptop Acer Gaming Aspire 7 A715 59G 73LB - NH.QX6SV.002 (i7 12650H, 16GB, 512GB, RTX 3050 6GB, Full HD 144Hz, Win11)",26990000,24990000,-7%,• Đã bán 529,5,Acer,Gaming,Gaming Aspire,Core i7,Core i7 12650H,RAM 16 GB,SSD 512 GB,,RTX 3050,6G,,https://www.thegioididong.com/laptop/acer-aspire-7-a715-59g-73lb-i7-12650h-nh-qx6sv-002,A715 59G 73LB,No,Còn hàng
03/08/2026,10:25,MBW,"Laptop Asus Zenbook 14 UX3405CA - PZ204WS (Ultra 9 285H, 32GB, 1TB, 2.8K 120Hz, Cảm ứng, OfficeH24+365, Win11)",40290000,38390000,,• Đã bán 585,5,Asus,Business& Productivity,Zenbook,Core Ultra 9,Core Ultra 9 285H,RAM 32 GB,SSD 1 TB,,,,,https://www.thegioididong.com/laptop/asus-zenbook-14-ux3405ca-ultra-9-pz204ws,UX3405CA - PZ204WS,No,Còn hàng
03/08/2026,10:25,MBW,"Laptop Lenovo ThinkBook 14 - 21SG007VVN (Core 7 240H, 32GB, 1TB, WUXGA, Win11)",34990000,33590000,,• Đã bán 171,5,Lenovo,Business& Productivity,ThinkBook,Core 7,Core 7 240H,RAM 32 GB,SSD 1 TB,"14"", WUXGA (1920 x 1200), 60 Hz",Intel Graphics,,,https://www.thegioididong.com/laptop/lenovo-thinkbook-14-core-7-240h-21sg007vvn,21SG007VVN,No,Còn hàng
03/08/2026,10:25,MBW,"Laptop GIGABYTE Gaming A16 GA6H - GAMING-A16-CMHH2VN893SH (i5 13420H, 16GB, 512GB, RTX 4050 6GB, WUXGA 165Hz, Win11)",30990000,25790000,-16%,• Đã bán 131,5,Gigabyte,Gaming,Gaming A16,Core i5,Core i5 13420H,RAM 16 GB,SSD 512 GB,"16"", WUXGA (1920 x 1200), 165Hz",RTX 4050,6G,,https://www.thegioididong.com/laptop/gigabyte-a16-ga6h-i5-gaminga16cmhh2vn893sh,CMHH2VN893SH,No,Còn hàng
03/08/2026,10:25,MBW,"Laptop Dell Gaming Alienware 16 Aurora AC16250 - 71072939 (Core 5 210H, 16GB, 512GB, RTX 3050 6GB, WQXGA 120Hz, OfficeH24+365, Win11)",36490000,34990000,,• Đã bán 692,5,Dell,Gaming,Gaming Alienware,Core i5,Core i5 210H,RAM 16 GB,SSD 512 GB,,RTX 3050,6G,,https://www.thegioididong.com/laptop/dell-alienware-16-aurora-ac16250-core-5-210h-71072939,71072939,No,Còn hàng
03/08/2026,10:25,MBW,"Laptop MSI Gaming Katana 15 HX B14WFK - 025VN (i7 14650HX, 16GB, 512GB, RTX5060 8GB, QHD 165Hz, Win11)",45990000,44590000,,• Đã bán 28,5,Msi,Gaming,Katana,Core i7,Core i7 14650HX,RAM 16 GB,SSD 512 GB,"15.6"", QHD, 165Hz",RTX 5060,8G,,https://www.thegioididong.com/laptop/msi-katana-15-hx-b14wfk-i7-14650hx-025vn,025VN,No,Còn hàng
03/08/2026,10:25,MBW,"Laptop Acer Gaming Aspire 5 A515 58GM 598J - NX.KW1SV.002 (i5 13420H, 16GB, 512GB, RTX 2050 4GB, Full HD 144Hz, Win11)",22990000,20290000,-11%,"• Đã bán 1,1k",4.9,Acer,Gaming,Gaming Aspire,Core i5,Core i5 13420H,RAM 16 GB,SSD 512 GB,,RTX 2050,4G,,https://www.thegioididong.com/laptop/acer-aspire-5-a515-58gm-598j-i5-nxkw1sv002,A515 58GM 598J,No,Còn hàng
03/08/2026,10:25,MBW,"Laptop Asus ZenBook 14 UX3405CA - ST628W (Ultra 5 225H, 16GB, 512GB, 3K OLED 120Hz, Win11)",31990000,29490000,-7%,• Đã bán 137,5,Asus,Business& Productivity,Zenbook,Core Ultra 5,Core Ultra 5 225H,RAM 16 GB,SSD 512 GB,,,,,https://www.thegioididong.com/laptop/asus-zenbook-14-ux3405ca-ultra-5-225h-st628w,UX3405CA - ST628W,No,Còn hàng
03/08/2026,10:25,MBW,"Laptop Asus TUF Gaming FX607VU - RL045W (Core 5 210H, 16GB, 512GB, RTX 4050 6GB, Full HD+ 144Hz, Win11)",28990000,27890000,,• Đã bán 171,5,Asus,Gaming,TUF,Core 5,Core 5 210H,RAM 16 GB,SSD 512 GB,,RTX 4050,6G,,https://www.thegioididong.com/laptop/asus-tuf-gaming-fx607vu-core-5-210h-rl045w,FX607VU - RL045W,No,Còn hàng
03/08/2026,10:25,MBW,"Laptop HP OmniBook 5 AI 16 af1048TU - BZ7Q9PA (Ultra 5 225U, 16GB, 512GB, WUXGA, OfficeH24, Win11)",28990000,25990000,-10%,• Đã bán 610,5,Hp,Business& Productivity,OmniBook,Core Ultra 7,Core Ultra 7 255U,RAM 16 GB,SSD 512 GB,,,,,https://www.thegioididong.com/laptop/hp-omnibook-5-ai-16-af1048tu-ultra-5-225u-bz7q9pa,BZ7Q9PA,No,Còn hàng
03/08/2026,10:25,MBW,"Laptop Dell 15 DC15250 - 71073959 (i7 1355U, 16GB, 512GB, Full HD 120Hz, OfficeH24+365B, Win11)",25990000,23990000,-7%,• Đã bán 370,5,Dell,Business& Productivity,Dell 15,Core i7,Core i7 1355U,RAM 16 GB,SSD 512 GB,,,,,https://www.thegioididong.com/laptop/dell-15-dc15250-i7-1355u-71073959,71073959,No,Còn hàng
03/08/2026,10:25,MBW,"Laptop Acer Aspire 16 AI A16 71M 59L5 - NX.J4YSV.001 (Ultra 5 125H, 16GB, 512GB, Full HD+, Win11)",21990000,18990000,-13%,• Đã bán 563,5,Acer,Business& Productivity,Aspire 16,Core Ultra 5,Core Ultra 5 125H,RAM 16 GB,SSD 512 GB,,,,,https://www.thegioididong.com/laptop/acer-aspire-16-ai-a16-71m-59l5-ultra-5-nxj4ysv001,A16 71M 59L5,No,Còn hàng
03/08/2026,10:25,MBW,"Laptop HP 240R G9 - C40M2AT (Core 5 120U, 8GB, 512GB, Full HD, Win11)",23590000,18990000,-19%,• Đã bán 42,5,Hp,Business& Productivity,HP 240,Core 5,Core 5 120U,RAM 8 GB,SSD 512 GB,,,,,https://www.thegioididong.com/laptop/hp-240r-g9-core-5-120u-c40m2at,C40M2AT,No,Còn hàng
03/08/2026,10:25,MBW,"Laptop HP 15 fd1487TU - D0BH4PA (Ultra 5 125H, 24GB, 512GB, Full HD, Win11)",24390000,23190000,,• Đã bán 120,5,Hp,Business& Productivity,HP 15,Core Ultra 5,Core Ultra 5 125H,RAM 24 GB,SSD 512 GB,,,,,https://www.thegioididong.com/laptop/hp-15-fd1487tu-ultra-5-125h-d0bh4pa,D0BH4PA,No,Còn hàng
03/08/2026,10:25,MBW,"Laptop Lenovo Gaming LOQ 15ARP9 - 83JC00LVVN (R5 7235HS, 16GB, 512GB, RTX 3050 6GB, Full HD 144Hz, Win11)",27490000,24990000,-9%,• Đã bán 347,5,Lenovo,Gaming,LOQ,Ryzen 5,Ryzen 5 7235HS,RAM 16 GB,SSD 512 GB,"15.6"", Full HD (1920 x 1080), 144Hz",RTX 3050,6G,,https://www.thegioididong.com/laptop/lenovo-gaming-loq-15arp9-r5-83jc00lvvn,83JC00LVVN,No,Còn hàng
03/08/2026,10:25,MBW,"Laptop MSI Venture A14 AI+ A3HMG - 004VN (R5 AI 340, 16GB, 512GB, 2.8K OLED 120Hz, Win11)",26990000,24990000,-7%,• Đã bán 8,5,Msi,Business& Productivity,Venture,Ryzen 5 AI,Ryzen AI 5 340,RAM 16 GB,SSD 512 GB,"14"", 2.8K (2880 x 1800) - OLED 16:10, 120Hz",Radeon,,,https://www.thegioididong.com/laptop/msi-venture-a14-ai-a3hmg-r5-ai-340-004vn,004VN,No,Còn hàng
03/08/2026,10:25,MBW,"Laptop MSI Gaming Katana 15 HX B14WEK - 286VN (i5 14450HX, 16GB, 512GB, RTX5050 8GB, QHD 165Hz, Win11)",41990000,39990000,,• Đã bán 45,5,Msi,Gaming,Katana,Core i5,Core i5 14450HX,RAM 16 GB,SSD 512 GB,"15.6"", QHD, 165Hz",RTX 5050,8G,,https://www.thegioididong.com/laptop/msi-katana-15-hx-b14wek-i5-14450hx-286vn,286VN,No,Còn hàng
03/08/2026,10:25,MBW,"Laptop Asus Vivobook 14 X1404VA - EB260W (Core 5 120U, 16GB, 512GB, Full HD, Win11)",22990000,19490000,-15%,• Đã bán 376,5,Asus,Business& Productivity,Vivobook,Core 5,Core 5 120U,RAM 16 GB,SSD 512 GB,,,,,https://www.thegioididong.com/laptop/asus-vivobook-14-x1404va-core-5-120u-eb260w,X1404VA - EB260W,No,Còn hàng
03/08/2026,10:25,MBW,Laptop MacBook Pro 14 inch M5 24GB/1TB,60490000,59990000,,• Đã bán 171,5,Macbook,Business& Productivity,MacBook Pro,,,RAM 24 GB,SSD 1 TB,,,,,https://www.thegioididong.com/laptop/macbook-pro-14-inch-m5-24gb-1tb,,No,Còn hàng
03/08/2026,10:25,MBW,"Laptop Lenovo Ideapad Slim 3 14IRH10 - 83K0000BVN (i5 13420H, 16GB, 512GB, WUXGA OLED, Win11)",22490000,20890000,-7%,• Đã bán 285,5,Lenovo,Business& Productivity,IdeaPad Slim 3,Core i5,Core i5 13420H,RAM 16 GB,SSD 512 GB,"14"", WUXGA (1920 x 1200) - OLED",Intel UHD,,,https://www.thegioididong.com/laptop/lenovo-ideapad-slim-3-oled-14irh10-i5-83k0000bvn,83K0000BVN,No,Còn hàng
03/08/2026,10:25,MBW,"Laptop HP OmniBook X Flip 14 fm0076TU - BZ7P6PA (Ultra 7 258V, 32GB, 512GB, WUXGA, Cảm ứng, OfficeH24, Win11)",41890000,37490000,-10%,• Đã bán 170,5,Hp,Business& Productivity,OmniBook,Core Ultra 7,Core Ultra 7 258V,RAM 32 GB,SSD 512 GB,,,,,https://www.thegioididong.com/laptop/hp-omnibook-x-flip-14-fm0076tu-ultra-7-258v-bz7p6pa,BZ7P6PA,No,Còn hàng
03/08/2026,10:25,MBW,"Laptop Asus Zenbook 14 UX3405CA - ST648W (Ultra 9 285H, 32GB, 1TB, 3K OLED 120Hz, Win11)",41990000,38590000,-8%,• Đã bán 58,5,Asus,Business& Productivity,Zenbook,Core Ultra 9,Core Ultra 9 285H,RAM 32 GB,SSD 1 TB,,,,,https://www.thegioididong.com/laptop/asus-zenbook-14-ux3405ca-ultra-9-285h-st648w,UX3405CA - ST648W,No,Còn hàng
03/08/2026,10:25,MBW,"Laptop Lenovo Gaming LOQ 15IRX9 - 83DV01ALVN (i7 13650HX, 16GB, 512GB, RTX 4050 6GB, Full HD 144Hz, Win11)",42990000,36990000,-13%,• Đã bán 390,5,Lenovo,Gaming,LOQ,Core i7,i7 13650HX,RAM 16 GB,SSD 512 GB,,RTX 4050,6G,,https://www.thegioididong.com/laptop/lenovo-gaming-loq-15irx9-i7-13650hx-83dv01alvn,83DV01ALVN,No,Còn hàng
03/08/2026,10:25,MBW,"Laptop MSI Gaming Cyborg 15 B13WFKG - 658VN (i7 13620H, 16GB, 1TB, RTX 5060 8GB, Full HD 144Hz, Win11)",40490000,39090000,,• Đã bán 11,5,Msi,Gaming,Cyborg,Core i7,Core i7 13620H,RAM 16 GB,SSD 1 TB,"15.6"", Full HD (1920 x 1080), 144Hz",RTX 5060,8G,,https://www.thegioididong.com/laptop/msi-gaming-cyborg-15-b13wfkg-i7-13620h-658vn,658VN,No,Còn hàng
03/08/2026,10:25,MBW,"Laptop Asus Vivobook 15 X1504VA - BQ285W (Core 5 120U, 16GB, 512GB, Full HD, Win11)",22990000,19590000,-14%,• Đã bán 364,5,Asus,Business& Productivity,Vivobook,Core 5,Core 5 120U,RAM 16 GB,SSD 512 GB,,,,,https://www.thegioididong.com/laptop/asus-vivobook-15-x1504va-core-5-120u-bq285w,X1504VA - BQ285W,No,Còn hàng
03/08/2026,10:25,MBW,"Laptop Lenovo Gaming LOQ 15ARP10 - 83S000CNVN (R7 170, 16GB, 512GB, RTX 3050 6GB, Full HD 144Hz, Win11)",37990000,27990000,-26%,• Đã bán 134,5,Lenovo,Gaming,LOQ,Ryzen 7,Ryzen 7 170,RAM 16 GB,SSD 512 GB,,RTX 3050,4G,,https://www.thegioididong.com/laptop/lenovo-gaming-loq-15arp10-r7-170-83s000cnvn,83S000CNVN,No,Còn hàng
03/08/2026,10:25,MBW,"Laptop Asus Zenbook 14 UX3405CA - PZ187WS (Ultra 5 225H, 16GB, 512GB, 2.8K OLED 120Hz, Cảm ứng, OfficeH24+365, Win11)",33390000,30790000,-7%,• Đã bán 653,4.9,Asus,Business& Productivity,Zenbook,Core Ultra 5,Core Ultra 5 225H,RAM 16 GB,SSD 512 GB,,,,,https://www.thegioididong.com/laptop/asus-zenbook-14-ux3405ca-ultra-5-pz187ws,UX3405CA - PZ187WS,No,Còn hàng
03/08/2026,10:25,MBW,"Laptop Acer Nitro Lite NL16-71G-71FN - NH.D5ASV.003 (i7 13620H, 16GB, 512GB, RTX 4050 6GB, FHD+ 180Hz, Win11)",33990000,29990000,-11%,• Đã bán 40,5,Acer,Gaming,Nitro Lite,Core i7,Core i7 13620H,RAM 16 GB,SSD 512 GB,,RTX 4050,6G,,https://www.thegioididong.com/laptop/acer-nitro-lite-nl16-71g-71fn-i7-13620h-nh-d5asv-003,NL16-71G-71FN,No,Còn hàng
03/08/2026,10:25,MBW,"Laptop Acer Gaming Nitro ProPanel ANV15 52 72BM - NH.QZ9SV.004 (i7 13620H, 16GB, 512GB, RTX5050 8GB, Full HD 180Hz, Win11)",39990000,35990000,-10%,• Đã bán 80,5,Acer,Gaming,Nitro ProPanel,Core i7,Core i7 13620H,RAM 16 GB,SSD 512 GB,,RTX 5050,8G,,https://www.thegioididong.com/laptop/acer-nitro-v-15-propanel-anv15-52-72bm-i7-13620h-nh-qz9sv-004,ANV15 52 72BM,No,Còn hàng
03/08/2026,10:25,MBW,"Laptop GIGABYTE Gaming A16 GA6H - GAMING-A16-CTHH3VN893SH (i5 13420H, 16GB, 512GB, RTX5050 8GB, WUXGA 165Hz, Win11)",36990000,32290000,-12%,• Đã bán 52,5,Gigabyte,Gaming,Gaming A16,Core i5,Core i5 13420H,RAM 16 GB,SSD 512 GB,"16"", WUXGA (1920 x 1200), 165Hz",RTX 5050,8G,,https://www.thegioididong.com/laptop/gigabyte-a16-ga6h-i5-13420h-gaming-a16-cthh3vn893sh,CTHH3VN893SH,No,Còn hàng
03/08/2026,10:25,MBW,"Laptop Acer Aspire Go 15 AG15-72P-76A2 - NX.JRRSV.008 (Core 7 150U, 16GB, 512GB, Full HD, Win11)",25990000,21990000,-15%,• Đã bán 11,5,Acer,Business& Productivity,Aspire Go,Core 7,Core 7 150U,RAM 16 GB,SSD 512 GB,,,,,https://www.thegioididong.com/laptop/acer-aspire-go-15-ag15-72p-76a2-core-7-150u-nx-jrrsv-008,AG15-72P-76A2,No,Còn hàng
03/08/2026,10:25,MBW,"Laptop MSI Gaming Cyborg 15 Black Edition A13VE - A13VE-2410VN (i5 13420H, 16GB, 512GB, RTX 4050 6GB, Full HD 144Hz, Win11)",31990000,29990000,-6%,• Đã bán 7,5,Msi,Gaming,Cyborg,Core i5,Core i5 13420H,RAM 16 GB,SSD 512 GB,"15.6"", Full HD (1920 x 1080), 144Hz",RTX 4050,6G,,https://www.thegioididong.com/laptop/msi-gaming-cyborg-15-black-edition-a13ve-i5-13420h-a13ve-2410vn,2410VN,No,Còn hàng
03/08/2026,10:25,MBW,"Laptop Acer Gaming Nitro ProPanel ANV16-72-71T9 - NH.QUNSV.001 (Core 7 240H, 16GB, 512GB, RTX 5060 8GB, WUXGA 180Hz, Win11)",45990000,43990000,,,,Acer,Gaming,Nitro ProPanel,Core 7,Core 7 240H,RAM 16 GB,SSD 512 GB,,RTX 5060,8G,,https://www.thegioididong.com/laptop/acer-gaming-nitro-propanel-anv16-72-71t9-core-7-240h-nh-qunsv-001,ANV16-72-71T9,No,Còn hàng
03/08/2026,10:25,MBW,"Laptop Dell Inspiron 14 5440 - N4I7204W1 (Core 7 150U, 16GB, 512GB, Full HD+, OfficeHS, Win11)",29890000,25990000,-13%,"• Đã bán 1,2k",4.9,Dell,Business& Productivity,Inspiron,Core 7,Core 7 150U,RAM 16 GB,SSD 512 GB,,,,,https://www.thegioididong.com/laptop/dell-inspiron-14-5440-core-7-n4i7204w1?utm_flashsale=1,N4I7204W1,No,Còn hàng
03/08/2026,10:25,MBW,"Laptop Asus Gaming V16 V3607VH - RP084W (Core 5 210H, 16GB, 512GB, RTX 5050 8GB, WUXGA 144Hz, Win11)",28490000,27390000,,• Đã bán 325,5,Asus,Gaming,Gaming V16,Core i5,Core i5 210H,RAM 16 GB,SSD 512 GB,,RTX 5050,8G,,https://www.thegioididong.com/laptop/asus-gaming-v16-v3607vh-core-5-210h-rp084w,V3607VH - RP084W,No,Còn hàng
03/08/2026,10:25,MBW,"Laptop Acer Swift Lite 14 AI SFL14 51M 56HS - NX.J1HSV.002 (Ultra 5 125U, 16GB, 512GB, Full HD+, Win11)",20990000,19690000,-6%,• Đã bán 102,5,Acer,Business& Productivity,Swift,Core Ultra 5,Core Ultra 5 125U,RAM 16 GB,SSD 512 GB,,,,,https://www.thegioididong.com/laptop/acer-swift-lite-14-ai-sfl14-51m-56hs-ultra-5-nxj1hsv002,SFL14 51M 56HS,No,Còn hàng
03/08/2026,10:25,MBW,"Laptop Dell Inspiron 15 3530 - N3530-i7U161W11SLU (i7 1355U, 16GB, 1TB, Full HD 120Hz, OfficeH24+365, Win11)",27490000,24990000,-9%,• Đã bán 1k,5,Dell,Business& Productivity,Inspiron,Core i7,Core i7 1355U,RAM 16 GB,SSD 1 TB,,,,,https://www.thegioididong.com/laptop/dell-inspiron-15-3530-i7-n3530-i7u161w11slu,7U161W11SLU,No,Còn hàng
03/08/2026,10:25,MBW,"Laptop MSI Gaming Katana 15 HX B14WFK - 267VN (i7 14650HX, 32GB, 512GB, RTX 5060 8GB, QHD 165Hz, Win11)",51990000,49990000,,• Đã bán 63,5,Msi,Gaming,Katana,Core i7,Core i7 14650HX,RAM 32 GB,SSD 512 GB,"15.6"", QHD, 165Hz",RTX 5060,8G,,https://www.thegioididong.com/laptop/msi-katana-15-hx-b14wfk-i7-14650hx-267vn,267VN,No,Còn hàng
03/08/2026,10:25,MBW,"Laptop MSI Gaming Katana 15 HX B14WEK - 027VN (i7 14650HX, 32GB, 512GB, RTX5050 8GB, QHD 165Hz, Win11)",49990000,46990000,-6%,• Đã bán 17,5,Msi,Gaming,Katana,Core i7,Core i7 14650HX,RAM 32 GB,SSD 512 GB,"15.6"", QHD, 165Hz",RTX 5050,8G,,https://www.thegioididong.com/laptop/msi-katana-15-hx-b14wek-i7-14650hx-027vn,027VN,No,Còn hàng
03/08/2026,10:25,MBW,"Laptop Lenovo Gaming LOQ 15ARP9 - 83JC00M3VN (R5 7235HS,16GB, 1TB, RTX 3050 6GB, Full HD 144Hz, Win11)",29490000,26490000,-10%,• Đã bán 176,5,Lenovo,Gaming,LOQ,Ryzen 5,Ryzen 5 7235HS,RAM 16 GB,SSD 1 TB,,RTX 3050,6G,,https://www.thegioididong.com/laptop/lenovo-gaming-loq-15arp9-r5-83jc00m3vn,83JC00M3VN,No,Còn hàng
03/08/2026,10:25,MBW,"Laptop Asus Gaming V16 V3607VJ - RP071W (Core 5 210H, 16GB, 512GB, RTX 3050 6GB, WUXGA 144Hz, Win11)",29990000,23990000,-20%,• Đã bán 183,4.9,Asus,Gaming,Gaming V16,Core i5,Core i5 210H,RAM 16 GB,SSD 512 GB,,RTX 3050,6G,,https://www.thegioididong.com/laptop/asus-gaming-v16-v3607vj-core-5-210h-rp071w,V3607VJ - RP071W,No,Còn hàng
03/08/2026,10:25,MBW,"Laptop HP OmniBook X Flip 14 fk0092AU - BZ7P5PA (R5 AI 340, 16GB, 512GB, WUXGA, Cảm ứng, OfficeH24, Win11)",31990000,31290000,,• Đã bán 110,5,Hp,Business& Productivity,OmniBook,Ryzen 5 AI,Ryzen AI 5 340,RAM 16 GB,SSD 512 GB,,,,,https://www.thegioididong.com/laptop/hp-omnibook-x-flip-14-fk0092au-r5-ai-340-bz7p5pa,BZ7P5PA,No,Còn hàng
03/08/2026,10:25,MBW,"Laptop HP OmniBook X Flip 14 fm0088TU - BZ7Q2PA (Ultra 5 226V, 16GB, 512GB, WUXGA, Cảm ứng, OfficeH24+365B, Win11)",32590000,31390000,,• Đã bán 224,5,Hp,Business& Productivity,OmniBook,Core Ultra 5,Core Ultra 5 226V,RAM 16 GB,SSD 512 GB,,,,,https://www.thegioididong.com/laptop/hp-omnibook-x-flip-14-fm0088tu-ultra-5-226v-bz7q2pa,BZ7Q2PA,No,Còn hàng
03/08/2026,10:25,MBW,"Laptop Asus TUF Gaming F16 FX608JHR - RV037W (i7 14650HX, 16GB, 1TB, RTX 5050 8GB, WUXGA 165Hz, Win11)",38290000,36890000,,• Đã bán 322,5,Asus,Gaming,TUF,Core i7,Core i7 14650HX,RAM 16 GB,SSD 1 TB,,RTX 5050,8G,,https://www.thegioididong.com/laptop/asus-tuf-gaming-f16-fx608jhr-i7-rv037w,FX608JHR - RV037W,No,Còn hàng
03/08/2026,10:25,MBW,"Laptop Dell 15 DC15250 - CPH997 (i7 1355U, 16GB, 1TB, Full HD 120Hz, OfficeH24+365, Win11)",27490000,25990000,-5%,• Đã bán 652,5,Dell,Business& Productivity,Dell 15,Core i7,Core i7 1355U,RAM 16 GB,SSD 1 TB,,,,,https://www.thegioididong.com/laptop/dell-15-dc15250-i7-1355u-cph997,CPH997,No,Còn hàng
03/08/2026,10:25,MBW,"Laptop GIGABYTE Gaming A16 GA6H - GAMING-A16-CTHI3VN893SH (i7 13620H, 16GB, 512GB, RTX 5050 8GB, WUXGA 165Hz, Win11)",38990000,35290000,-9%,• Đã bán 20,5,Gigabyte,Gaming,Gaming A16,Core i7,Core i7 13620H,RAM 16 GB,SSD 512 GB,"16"", WUXGA (1920 x 1200), 165Hz",RTX 5050,8G,,https://www.thegioididong.com/laptop/gigabyte-gaming-a16-ga6h-i7-13620h-gaming-a16-cthi3vn893sh,CTHI3VN893SH,No,Còn hàng
03/08/2026,10:25,MBW,"Laptop Acer Gaming Nitro ProPanel ANV16S 41 R337 - NH.QZZSV.002 (R7 260, 16GB, 1TB, RTX 5050 8GB, FHD+ 180Hz, Win11)",43990000,41990000,,• Đã bán 4,5,Acer,Gaming,Nitro ProPanel,Ryzen 7,Ryzen 7 260,RAM 16 GB,SSD 1 TB,,RTX 5050,8G,,https://www.thegioididong.com/laptop/acer-gaming-nitro-v-16s-ai-propanel-anv16s-41-r337-r7-260-nh-qzzsv-002,ANV16S 41 R337,No,Còn hàng
03/08/2026,10:25,MBW,Laptop MacBook Pro 14 inch M5 16GB/1TB,54990000,53990000,,• Đã bán 385,5,Macbook,Business& Productivity,MacBook Pro,,,RAM 16 GB,SSD 1 TB,,,,,https://www.thegioididong.com/laptop/macbook-pro-14-inch-m5-16gb-1tb,,No,Còn hàng
03/08/2026,10:25,MBW,"Laptop Dell Latitude 3450 - 71058806 (i7 1355U, 16GB, 512GB, Full HD, Win11)",27490000,24290000,-11%,• Đã bán 460,4.9,Dell,Business& Productivity,Latitude,Core i7,Core i7 1355U,RAM 16 GB,SSD 512 GB,,,,,https://www.thegioididong.com/laptop/dell-latitude-3450-i7-71058806,71058806,No,Còn hàng
03/08/2026,10:25,MBW,"Laptop HP OmniBook 5 Flip 14 fp0055TU - BZ7Q4PA (Core 7 150U, 24GB, 512GB, WUXGA, Cảm ứng, OfficeH24, Win11)",33990000,30790000,-9%,• Đã bán 179,5,Hp,Business& Productivity,OmniBook,Core 7,Core 7 150U,RAM 24 GB,SSD 512 GB,,,,,https://www.thegioididong.com/laptop/hp-omnibook-5-flip-14-fp0055tu-core-7-150u-bz7q4pa,BZ7Q4PA,No,Còn hàng
03/08/2026,10:25,MBW,"Laptop HP OmniBook 5 AI 16 af1046TU - BZ7Q8PA (Ultra 5 225U, 16GB, 512GB, WUXGA, Cảm ứng, OfficeH24, Win11)",29990000,26490000,-11%,• Đã bán 320,5,Hp,Business& Productivity,OmniBook,Core Ultra 7,Core Ultra 7 255U,RAM 16 GB,SSD 512 GB,,,,,https://www.thegioididong.com/laptop/hp-omnibook-5-ai-16-af1046tu-ultra-5-225u-bz7q8pa,BZ7Q8PA,No,Còn hàng
03/08/2026,10:25,MBW,"Laptop Dell Gaming Alienware 16 Aurora AC16250 - C7H161W11II5050 (Core 7 240H, 16GB, 1TB, RTX 5050 8GB, WQXGA 120Hz, OfficeH24+365, Win11)",43290000,41990000,,• Đã bán 188,5,Dell,Gaming,Gaming Alienware,Core 7,Core 7 240H,RAM 16 GB,SSD 1 TB,,RTX 5050,8G,,https://www.thegioididong.com/laptop/dell-alienware-16-aurora-ac16250-core-7-240h-c7h161w11ii5050,C7H161W11II5050,No,Còn hàng
03/08/2026,10:25,MBW,"Laptop HP Probook 4 G1i 16 - BQ5E1PT (Ultra 7 255U, 16GB, 512GB, WUXGA, Win11)",37290000,29990000,-19%,• Đã bán 97,5,Hp,Business& Productivity,Probook,Core Ultra 7,Core Ultra 7 255U,RAM 16 GB,SSD 512 GB,,,,,https://www.thegioididong.com/laptop/hp-probook-4-g1i-16-ultra-7-255u-bq5e1pt,BQ5E1PT,No,Còn hàng
03/08/2026,10:25,MBW,"Laptop Asus Vivobook S16 S3607CA - SH083WS (Ultra 7 255H, 16GB, 512GB, Full HD OLED, OfficeH24+365, Win11)",27990000,26690000,,• Đã bán 213,5,Asus,Business& Productivity,Vivobook,Core Ultra 7,Core Ultra 7 255H,RAM 16 GB,SSD 512 GB,,,,,https://www.thegioididong.com/laptop/asus-vivobook-s16-s3607ca-ultra-7-255h-sh083ws,S3607CA - SH083WS,No,Còn hàng
03/08/2026,10:25,MBW,"Laptop MSI Gaming Cyborg 15 AI A1VEK - 053VN (Ultra 7 155H, 16GB, 512GB, RTX 4050 6GB, Full HD 144Hz, Win11)",30390000,28990000,,• Đã bán 89,5,Msi,Gaming,Cyborg,Core Ultra 7,Core Ultra 7 155H,RAM 16 GB,SSD 512 GB,,RTX 4050,6G,,https://www.thegioididong.com/laptop/msi-gaming-cyborg-15-ai-a1vek-ultra-7-053vn,053VN,No,Còn hàng
03/08/2026,10:25,MBW,"Laptop Asus Vivobook S16 M3607GA - SH034W (R7 AI 445, 16GB, 512GB, WUXGA OLED, Win11)",30990000,27690000,-10%,• Đã bán 25,5,Asus,Business& Productivity,Vivobook,Ryzen 7 AI,Ryzen 7 AI 445,RAM 16 GB,SSD 512 GB,,,,,https://www.thegioididong.com/laptop/asus-vivobook-s16-m3607ga-r7-ai-445-sh034w,M3607GA - SH034W,No,Còn hàng
03/08/2026,10:25,MBW,"Laptop Asus Vivobook S14 S3407CA - LY096WS (Ultra 7 255H, 16GB, 512GB, WUXGA, OfficeH24+365, Win11)",30990000,27590000,-10%,• Đã bán 498,5,Asus,Business& Productivity,Vivobook,Core Ultra 7,Core Ultra 7 255H,RAM 16 GB,SSD 512 GB,,,,,https://www.thegioididong.com/laptop/asus-s3407ca-ultra-7-ly096ws,S3407CA - LY096WS,No,Còn hàng
03/08/2026,10:25,MBW,"Laptop Asus Vivobook 16 A1607CA - MB038WS (Ultra 5 225H, 16GB, 512GB, WUXGA, OfficeH24+365, Win11)",22490000,20590000,-8%,• Đã bán 592,5,Asus,Business& Productivity,Vivobook,Core Ultra 5,Core Ultra 5 225H,RAM 16 GB,SSD 512 GB,,,,,https://www.thegioididong.com/laptop/asus-vivobook-16-a1607ca-ultra-5-mb038ws,A1607CA - MB038WS,No,Còn hàng
03/08/2026,10:25,MBW,"Laptop HP 15 fd1490TU - D0BH5PA (Ultra 7 155H, 24GB, 512GB, Full HD, Win11)",29590000,27990000,-5%,• Đã bán 79,5,Hp,Business& Productivity,HP 15,Core Ultra 7,Core Ultra 7 155H,RAM 24 GB,SSD 512 GB,,,,,https://www.thegioididong.com/laptop/hp-15-fd1490tu-ultra-7-155h-d0bh5pa,D0BH5PA,No,Còn hàng
03/08/2026,10:25,MBW,"Laptop HP 15 fd2126TU - D72CBPA (Ultra 5 225U, 16GB, 512GB, Full HD, Win11)",26990000,24990000,-7%,• Đã bán 13,5,Hp,Business& Productivity,HP 15,Core Ultra 7,Core Ultra 7 255U,RAM 16 GB,SSD 512 GB,,,,,https://www.thegioididong.com/laptop/hp-15-fd2126tu-ultra-5-225u-d72cbpa,D72CBPA,No,Còn hàng
03/08/2026,10:25,MBW,"Laptop Lenovo Ideapad Slim 3 14IRH10 - 83K0000CVN (i5 13420H, 24GB, 512GB, WUXGA OLED, Win11)",23490000,21890000,-6%,"• Đã bán 1,9k",5,Lenovo,Business& Productivity,IdeaPad Slim 3,Core i5,Core i5 13420H,RAM 24 GB,SSD 512 GB,,,,,https://www.thegioididong.com/laptop/lenovo-ideapad-slim-3-oled-14irh10-i5-83k0000cvn,83K0000CVN,No,Còn hàng
03/08/2026,10:25,MBW,"Laptop Dell 16 DC16250 - C7U161W11BLU (Core 7 150U, 16GB, 1TB, Full HD+, Cảm ứng, OfficeH24+365, Win11)",29490000,28490000,,• Đã bán 115,5,Dell,Business& Productivity,Dell 16,Core 7,Core 7 150U,RAM 16 GB,SSD 1 TB,,,,,https://www.thegioididong.com/laptop/dell-16-dc16250-core-7-150u-c7u161w11blu,C7U161W11BLU,No,Còn hàng
03/08/2026,10:25,MBW,"Laptop Acer Swift Go 14 41 R251 - NX.KG3SV.005 (R5 7430U, 16GB, 1TB, Full HD, Win11)",20990000,18990000,-9%,• Đã bán 715,4.9,Acer,Business& Productivity,Swift,Ryzen 5,Ryzen 5 7430U,RAM 16 GB,SSD 1 TB,,,,,https://www.thegioididong.com/laptop/acer-swift-go-14-41-r251-r5-nxkg3sv005,R251 - NX.KG3SV.005,No,Còn hàng
03/08/2026,10:25,MBW,"Laptop Acer Aspire Lite 14 AL14 71P 55P9 - NX.D7USV.001 (i5 13500H, 16GB, 512GB, Full HD+, Win11)",20990000,18490000,-11%,• Đã bán 347,5,Acer,Business& Productivity,Aspire Lite,Core i5,Core i5 13500H,RAM 16 GB,SSD 512 GB,,,,,https://www.thegioididong.com/laptop/acer-aspire-lite-14-al14-71p-55p9-i5-13500h-nxd7usv001,AL14 71P 55P9,No,Còn hàng
03/08/2026,10:25,MBW,"Laptop Dell 14 DC14250 - 71083580 (Core 7 150U, 16GB, 512GB, Full HD+, OfficeH24+365, Win11)",28390000,27990000,,• Đã bán 116,5,Dell,Business& Productivity,Dell 14,Core 7,Core 7 150U,RAM 16 GB,SSD 512 GB,,,,,https://www.thegioididong.com/laptop/dell-14-dc1425-core-7-150u-71083580,71083580,No,Còn hàng
03/08/2026,10:25,MBW,"Laptop Acer Gaming Nitro Lite 16 NL16 71G 71UJ - NH.D59SV.002 (i7 13620H, 16GB, 512GB, RTX 3050 6GB, Full HD+ 165Hz, Win11)",32990000,27990000,-15%,• Đã bán 139,5,Acer,Gaming,Nitro Lite,Core i7,Core i7 13620H,RAM 16 GB,SSD 512 GB,,RTX 3050,6G,,https://www.thegioididong.com/laptop/acer-nitro-lite-16-nl16-71g-71uj-i7-nhd59sv002,NL16 71G 71UJ,No,Còn hàng
03/08/2026,10:25,MBW,"Laptop GIGABYTE Gaming A16 GA6H - GAMING-A16-CVHI3VN893SH (i7 13620H, 16GB, 512GB, RTX5060 8GB, WUXGA 165Hz, Win11)",39990000,37290000,-6%,• Đã bán 47,5,Gigabyte,Gaming,Gaming A16,Core i7,Core i7 13620H,RAM 16 GB,SSD 512 GB,"16"", WUXGA (1920 x 1200), 165Hz",RTX 5060,8G,,https://www.thegioididong.com/laptop/gigabyte-a16-ga6h-i7-13620h-gaming-a16-cvhi3vn893sh,CVHI3VN893SH,No,Còn hàng
03/08/2026,10:25,MBW,"Laptop Dell Inspiron 14 5440 - N4I5211W1 (Core 5 120U, 16GB, 512GB, Full HD+, OfficeHS, Win11)",25990000,24990000,,• Đã bán 371,5,Dell,Business& Productivity,Inspiron,Core 5,Core 5 120U,RAM 16 GB,SSD 512 GB,,,,,https://www.thegioididong.com/laptop/dell-inspiron-14-5440-core-5-n4i5211w1?utm_flashsale=1,N4I5211W1,No,Còn hàng
03/08/2026,10:25,MBW,"Laptop Dell 15 DC15250 - DC15250-i7U161W11SLU-27 (i7 1355U, 16GB, 1TB, Full HD 120Hz, OfficeHS24+365, Win11)",27490000,26990000,,• Đã bán 62,5,Dell,Business& Productivity,Dell 15,Core i7,Core i7 1355U,RAM 16 GB,SSD 1 TB,,,,,https://www.thegioididong.com/laptop/dell-15-dc15250-i7-1355u-dc15250-i7u161w11slu-27,U161W11SLU,No,Còn hàng
03/08/2026,10:25,MBW,"Laptop Lenovo Gaming LOQ Essential 15IRX11 - 83SC003SVN (i5 13450HX, 16GB, 1TB, RTX 5050 8GB, Full HD, 144Hz, Win11)",45990000,44590000,,• Đã bán 137,5,Lenovo,Gaming,LOQ,Core i5,Core i5 13450HX,RAM 16 GB,SSD 1 TB,,RTX 5050,8G,,https://www.thegioididong.com/laptop/lenovo-gaming-loq-essential-15irx11-i5-13450hx-83sc003svn,83SC003SVN,No,Còn hàng
03/08/2026,10:25,MBW,"Laptop Dell 15 DC15250 - DC15250-i5U165W11SLU-5 (i5 1334U, 16GB, 512GB, Full HD 120Hz, OfficeH24+365, Win11)",23490000,20990000,-10%,• Đã bán 638,5,Dell,Business& Productivity,Dell 15,Core i5,Core i5 1334U,RAM 16 GB,SSD 512 GB,,,,,https://www.thegioididong.com/laptop/dell-15-dc15250-i5-1334u-dc15250-i5u165w11slu-5,U165W11SLU,No,Còn hàng
03/08/2026,10:25,MBW,"Laptop HP 240R G10 - C3SG9AT (Core 5 120U, 8GB, 512GB, Full HD, Win11)",23590000,20490000,-13%,• Đã bán 50,5,Hp,Business& Productivity,HP 240,Core 5,Core 5 120U,RAM 8 GB,SSD 512 GB,,,,,https://www.thegioididong.com/laptop/hp-240r-g10-core-5-120u-c3sg9at,C3SG9AT,No,Còn hàng
03/08/2026,10:25,MBW,"Laptop Asus Zenbook S 14 UX5406SA - PV140WS (Ultra 7 258V, 32GB, 1TB, 2.8K OLED 120Hz, OfficeHS, Win11)",46190000,43990000,,• Đã bán 195,5,Asus,Business& Productivity,Zenbook,Core Ultra 7,Core Ultra 7 258V,RAM 32 GB,SSD 1 TB,,,,,https://www.thegioididong.com/laptop/asus-ux5406sa-ultra-7-pv140ws,UX5406SA - PV140WS,No,Còn hàng
03/08/2026,10:25,MBW,"Laptop MSI Gaming Sword 16 HX B14VFKG - 045VN (i7 14700HX, 16GB, 1TB, RTX 4060 8GB, QHD+ 240Hz, Win11)",39990000,38590000,,• Đã bán 237,4.9,Msi,Gaming,Sword,Core 7,Core 7 240H,RAM 16 GB,SSD 1 TB,,RTX 4060,8G,,https://www.thegioididong.com/laptop/msi-gaming-sword-16-hx-b14vfkg-i7-045vn,045VN,No,Còn hàng
03/08/2026,10:25,MBW,"Laptop Asus Gaming V16 V3607VU - RP343W (Core 5 210H, 16GB, 512GB, RTX 4050 6GB, WUXGA 144Hz, Win11)",26990000,25890000,,• Đã bán 72,5,Asus,Gaming,Gaming V16,Core i5,Core i5 210H,RAM 16 GB,SSD 512 GB,,RTX 4050,6G,,https://www.thegioididong.com/laptop/asus-gaming-v16-v3607vu-core-5-210h-rp343w,V3607VU - RP343W,No,Còn hàng
03/08/2026,10:25,MBW,"Laptop HP Pavilion 15 eg3112TU - 8U6L9PA (i7 1355U, 16GB, 512GB, Full HD, Win11)",25390000,24290000,,• Đã bán 857,5,Hp,Business& Productivity,Pavilion,Core i7,Core i7 1355U,RAM 16 GB,SSD 512 GB,,,,,https://www.thegioididong.com/laptop/hp-pavilion-15-eg3112tu-i7-8u6l9pa,8U6L9PA,No,Còn hàng
03/08/2026,10:25,MBW,"Laptop HP OmniBook 5 16 ag1069AU - BZ7T1PA (R5 AI 340, 16GB, 512GB, WUXGA, OfficeH24+365B, Win11)",27190000,25990000,,• Đã bán 150,5,Hp,Business& Productivity,OmniBook,Ryzen 5 AI,Ryzen AI 5 340,RAM 16 GB,SSD 512 GB,,,,,https://www.thegioididong.com/laptop/hp-omnibook-5-16-ag1069au-r5-ai-340-bz7t1pa,BZ7T1PA,No,Còn hàng
03/08/2026,10:25,MBW,"Laptop Lenovo IdeaPad Slim 3 16IRH10 - 83K20004VN (i7 13620H, 24GB, 512GB, WUXGA, Win11)",24990000,23490000,-6%,• Đã bán 76,5,Lenovo,Business& Productivity,IdeaPad Slim 3,Core i7,Core i7 13620H,RAM 24 GB,SSD 512 GB,,,,,https://www.thegioididong.com/laptop/lenovo-ideapad-slim-3-16irh10-i7-83k20004vn,83K20004VN,No,Còn hàng
03/08/2026,10:25,MBW,"Laptop Asus Vivobook 14 M1407GA - LY270W (R7 AI 445, 16GB, 512GB, WUXGA, Win11)",26990000,23690000,-12%,• Đã bán 39,5,Asus,Business& Productivity,Vivobook,Ryzen 7 AI,Ryzen 7 AI 445,RAM 16 GB,SSD 512 GB,,,,,https://www.thegioididong.com/laptop/asus-vivobook-14-m1407ga-r7-ai-445-ly270w,M1407GA - LY270W,No,Còn hàng
03/08/2026,10:25,MBW,"Laptop MSI Gaming Vector 16 HX AI A2XWHG - 010VN_32GB (Ultra 7 255HX, 32GB, 512GB, RTX 5070Ti 12GB, QHD+ 240Hz, Win11)",69490000,64990000,-6%,• Đã bán 36,5,Msi,Gaming,Vector,Core Ultra 7,Core Ultra 7 255HX,RAM 32 GB,SSD 512 GB,,RTX 5070 Ti,12G,,https://www.thegioididong.com/laptop/msi-vector-16-hx-ai-a2xwhg-ultra-7-255hx-010vn-32gb,010VN,No,Còn hàng
03/08/2026,10:25,MBW,"Laptop Acer Swift Go 14 AI 73 53X7 - NX.KSLSV.001 (Ultra 5 125H, 16GB, 512GB, 2.8K 120Hz, Win11)",23590000,22490000,,• Đã bán 177,5,Acer,Business& Productivity,Swift,,,RAM 16 GB,SSD 512 GB,,,,,https://www.thegioididong.com/laptop/acer-swift-go-14-ai-73-53x7-ultra-5-nxkslsv001,,No,Còn hàng
03/08/2026,10:25,MBW,"Laptop Lenovo ThinkPad E14 Gen 7 - 21SX00BNVN (Ultra 5 135H, 16GB, 512GB, WUXGA, Win11)",31590000,30190000,,• Đã bán 69,5,Lenovo,Business& Productivity,ThinkPad,Core Ultra 5,Core Ultra 5 135H,RAM 16 GB,SSD 512 GB,,,,,https://www.thegioididong.com/laptop/lenovo-thinkpad-e14-gen-7-ultra-5-135h-21sx00bnvn,21SX00BNVN,No,Còn hàng
03/08/2026,10:25,MBW,"Laptop Asus Zenbook 14 UM3406GA - QD075WS (R7 AI 445 ,16GB, 512GB, WUXGA OLED, OfficeH24+365, Win11)",32990000,29590000,-10%,• Đã bán 71,5,Asus,Business& Productivity,Zenbook,Ryzen 7 AI,Ryzen AI 7 445,RAM 16 GB,SSD 512 GB,,,,,https://www.thegioididong.com/laptop/asus-zenbook-14-um3406ga-r7-ai-445-qd075ws,UM3406GA - QD075WS,No,Còn hàng
03/08/2026,10:25,MBW,"Laptop Dell 14 DC14250 - 71092478 (Core 7 150U, 16GB, 512GB, Full HD+ 120Hz, OfficeHS24+365, Win11)",28390000,27990000,,• Đã bán 38,5,Dell,Business& Productivity,Dell 14,Core 7,Core 7 150U,RAM 16 GB,SSD 512 GB,,,,,https://www.thegioididong.com/laptop/dell-14-dc14250-core-7-150u-71092478,71092478,No,Còn hàng
03/08/2026,10:25,MBW,"Laptop HP Probook 450 G10 - 9H1N5PT (i5 1335U, 16GB, 512GB, Full HD, Win11)",22790000,21690000,,• Đã bán 531,5,Hp,Business& Productivity,Probook,Core i5,Core i5 1335U,RAM 16 GB,SSD 512 GB,,,,,https://www.thegioididong.com/laptop/hp-probook-450-g10-i5-9h1n5pt?utm_flashsale=1,9H1N5PT,No,Còn hàng
03/08/2026,10:25,MBW,"Laptop Dell Inspiron 15 3530 - 71053721 (i7 1355U, 16GB, 512GB, Full HD 120Hz, OfficeH24+365, Win11)",25990000,22990000,-11%,• Đã bán 832,5,Dell,Business& Productivity,Inspiron,Core i7,Core i7 1355U,RAM 16 GB,SSD 512 GB,,,,,https://www.thegioididong.com/laptop/dell-inspiron-15-3530-i7-71053721,71053721,No,Còn hàng
03/08/2026,10:25,MBW,"Laptop HP Gaming VICTUS 15 fa2732TX - B85LPPA (i5 13420H, 16GB, 512GB, RTX 4050 6GB, Full HD 144Hz, Win11)",31990000,27490000,-14%,• Đã bán 353,5,Hp,Gaming,VICTUS,Core i5,Core i5 13420H,RAM 16 GB,SSD 512 GB,,RTX 4050,6G,,https://www.thegioididong.com/laptop/hp-gaming-victus-15-fa2732tx-i5-13420h-b85lppa,B85LPPA,No,Còn hàng
03/08/2026,10:25,MBW,"Laptop Acer Gaming Aspire 7 A715-59G-79XF - NH.QX6SV.008 (Core 7 240H, 16GB, 512GB, RTX 3050 6GB, Full HD 144Hz, Win11)",32990000,28990000,-12%,• Đã bán 14,5,Acer,Gaming,Gaming Aspire,Core 7,Core 7 240H,RAM 16 GB,SSD 512 GB,,RTX 3050,6G,,https://www.thegioididong.com/laptop/acer-gaming-aspire-7-a715-59g-79xf-core-7-240h-nh-qx6sv-008,A715-59G-79XF,No,Còn hàng
03/08/2026,10:25,MBW,"Laptop Dell Inspiron 14 5440 - 71053697 (Core 5 120U, 16GB, 1TB, Full HD+, OfficeH24+365B, Win11)",27490000,26990000,,• Đã bán 55,5,Dell,Business& Productivity,Inspiron,Core 5,Core 5 120U,RAM 16 GB,SSD 1 TB,,,,,https://www.thegioididong.com/laptop/dell-inspiron-14-5440-core-5-120u-71053697,71053697,No,Còn hàng
03/08/2026,10:25,MBW,"Laptop HP Pavilion 16 af0053TU - AY8C2PA (Ultra 7 155U, 16GB, 512GB, WUXGA, OfficeHS+365, Win11)",26790000,26390000,,• Đã bán 881,5,Hp,Business& Productivity,Pavilion,Core Ultra 7,Core Ultra 7 155U,RAM 16 GB,SSD 512 GB,,,,,https://www.thegioididong.com/laptop/hp-pavilion-16-af0053tu-ultra-7-ay8c2pa,AY8C2PA,No,Còn hàng
03/08/2026,10:25,MBW,"Laptop HP EliteBook 6 G1i 13 - BQ9M6PT (Ultra 7 255U, 16GB, 512GB, WUXGA, Win11)",37590000,34990000,-6%,• Đã bán 48,5,Hp,Business& Productivity,EliteBook,Core Ultra 7,Core Ultra 7 255U,RAM 16 GB,SSD 512 GB,,,,,https://www.thegioididong.com/laptop/hp-elitebook-6-g1i-13-ultra-7-255u-bq9m6p,BQ9M6PT,No,Còn hàng
03/08/2026,10:25,MBW,"Laptop Dell 16 Plus DB16250 - X65NW7 (Ultra 7 256V, 16GB, 1TB, QHD+ 120Hz, OfficeH24+365, Win11)",42990000,41990000,,• Đã bán 57,5,Dell,Business& Productivity,Dell 16,Core Ultra 7,Core Ultra 7 256V,RAM 16 GB,SSD 1 TB,,,,,https://www.thegioididong.com/laptop/dell-16-plus-db16250-ultra-7-256v-x65nw7,X65NW7,No,Còn hàng
03/08/2026,10:25,MBW,"Laptop Asus Vivobook 14 M1407KA - LY849W (R5 AI 330, 16GB, 512GB, WUXGA, Win11)",24990000,21490000,-14%,• Đã bán 53,5,Asus,Business& Productivity,Vivobook,Ryzen 5 AI,Ryzen AI 5 330,RAM 16 GB,SSD 512 GB,,,,,https://www.thegioididong.com/laptop/asus-vivobook-14-m1407ka-r5-ai-330-ly849w,M1407KA - LY849W,No,Còn hàng
03/08/2026,10:25,MBW,"Laptop Dell Inspiron 15 3530 - N5I7421W1 (i7 1355U, 16GB, 512GB,  Full HD 120Hz, OfficeHS24+365, Win11)",25990000,22990000,-11%,"• Đã bán 1,3k",5,Dell,Business& Productivity,Inspiron,Core i7,Core i7 1355U,RAM 16 GB,SSD 512 GB,,,,,https://www.thegioididong.com/laptop/dell-inspiron-15-3530-i7-1355u-n5i7421w1,N5I7421W1,No,Còn hàng
03/08/2026,10:25,MBW,"Laptop MSI Gaming Vector 16 HX AI A2XWIG - 062VN (Ultra 9 275HX, 16GB, 1TB, RTX 5080 16GB, QHD+ 240Hz, Win11)",80990000,79590000,,• Đã bán 1,,Msi,Gaming,Vector,Core 7,Core 7 240H,RAM 16 GB,SSD 1 TB,,RTX 5080,16G,,https://www.thegioididong.com/laptop/msi-vector-16-hx-ai-a2xwig-ultra-9-062vn,062VN,No,Còn hàng
03/08/2026,10:25,MBW,"Laptop MSI Prestige 14 AI+ Evo C2VMG - 020VN (Ultra 7 258V, 32GB, 1TB, 2.8K OLED 120Hz, Win11)",35990000,33990000,-5%,• Đã bán 18,5,Msi,Business& Productivity,Prestige,Core Ultra 7,Core Ultra 7 258V,RAM 32 GB,SSD 1 TB,,,,,https://www.thegioididong.com/laptop/msi-prestige-14-ai-evo-c2vmg-ultra-7-020vn,020VN,No,Còn hàng
03/08/2026,10:25,MBW,"Laptop Dell Inspiron 14 5440 - 71059084 (Core 7 150U, 16GB, 1TB, MX570A 2GB, 2.2K, OfficeH24+365B, Win11)",33490000,30990000,-7%,• Đã bán 59,5,Dell,Business& Productivity,Inspiron,Core 7,Core 7 150U,RAM 16 GB,SSD 1 TB,,,,,https://www.thegioididong.com/laptop/dell-inspiron-14-5440-core-7-150u-71059084,71059084,No,Còn hàng
03/08/2026,10:25,MBW,"Laptop Asus TUF Gaming A16 FA607NUQ - RL007W (R7 170, 16GB, 512GB, RTX 4050 6GB, Full HD+ 144Hz, Win11)",44490000,36990000,-16%,• Đã bán 56,5,Asus,Gaming,Gaming A16,Ryzen 7,Ryzen 7 170,RAM 16 GB,SSD 512 GB,,RTX 4050,6G,,https://www.thegioididong.com/laptop/asus-tuf-gaming-a16-fa607nuq-r7-170-rl007w,FA607NUQ - RL007W,No,Còn hàng
03/08/2026,10:25,MBW,"Laptop MSI Gaming Katana A15 AI B8VG - 465VN (R7 8845HS, 16GB, 1TB, RTX 4070 8GB, Full HD 144Hz, Win11)",39190000,37790000,,• Đã bán 21,5,Msi,Gaming,Katana A,Ryzen 7,Ryzen 7 8845HS,RAM 16 GB,SSD 1 TB,,RTX 4070,8G,,https://www.thegioididong.com/laptop/msi-katana-a15-ai-b8vg-r7-465vn,465VN,No,Còn hàng
03/08/2026,10:25,MBW,"Laptop Acer Swift AI SF14 51 53P9 - NX.J2KSV.002 (Ultra 5 226V, 16GB, 1TB, 2.8K OLED 90Hz, Win11)",35990000,29990000,-16%,• Đã bán 9,5,Acer,Business& Productivity,Swift,Core Ultra 5,Core Ultra 5 226V,RAM 16 GB,SSD 1 TB,,,,,https://www.thegioididong.com/laptop/acer-swift-ai-sf14-51-53p9-ultra-5-nxj2ksv002,SF14 51 53P9,No,Còn hàng
03/08/2026,10:25,MBW,"Laptop Dell 14 DC14250 - F0FTK7 (Core 7 150U, 16GB, 512GB, MX570A 2GB, Full HD+, OfficeHS24+365, Win11)",30490000,29790000,,• Đã bán 63,5,Dell,Business& Productivity,Dell 14,Core 7,Core 7 150U,RAM 16 GB,SSD 512 GB,,,,,https://www.thegioididong.com/laptop/dell-14-dc14250-core-7-150u-f0ftk7,F0FTK7,No,Còn hàng
03/08/2026,10:25,MBW,"Laptop HP OmniBook 7 14 fs0043TU - C1MN3PA (Core 5 210H, 16GB, 512GB, 2K, OfficeH24+365, Win11)",28190000,27190000,,• Đã bán 47,5,Hp,Business& Productivity,OmniBook,Core i5,Core i5 210H,RAM 16 GB,SSD 512 GB,,,,,https://www.thegioididong.com/laptop/hp-omnibook-7-14-fs0043tu-core-5-210h-c1mn3pa,C1MN3PA,No,Còn hàng
03/08/2026,10:25,MBW,"Laptop HP 240R G10 - CC9B9PT (Core 7 150U, 16GB, 512GB, Full HD, Win11)",29590000,25990000,-12%,• Đã bán 33,5,Hp,Business& Productivity,HP 240,Core 7,Core 7 150U,RAM 16 GB,SSD 512 GB,,,,,https://www.thegioididong.com/laptop/hp-240r-g10-core-7-150u-cc9b9pt,CC9B9PT,No,Còn hàng
03/08/2026,10:25,MBW,"Laptop Dell 14 DC14250 - F0FTK5 (Core 5 120U, 16GB, 1TB, Full HD+, OfficeH24+365, Win11)",26490000,25490000,,• Đã bán 169,5,Dell,Business& Productivity,Dell 14,Core 5,Core 5 120U,RAM 16 GB,SSD 1 TB,,,,,https://www.thegioididong.com/laptop/dell-14-dc14250-core-5-120u-f0ftk5,F0FTK5,No,Còn hàng
03/08/2026,10:25,MBW,"Laptop Acer Gaming Nitro ProPanel ANV16 41 R6ZY - NH.QP2SV.002 (R5 8645HS, 16GB, 512GB, RTX 3050 6GB, WUXGA 165Hz, Win11)",30990000,28990000,-6%,• Đã bán 85,5,Acer,Gaming,Nitro ProPanel,Ryzen 5,Ryzen 5 8645HS,RAM 16 GB,SSD 512 GB,,RTX 3050,6G,,https://www.thegioididong.com/laptop/acer-nitro-v-16-propanel-anv16-41-r6zy-r5-nhqp2sv002,ANV16 41 R6ZY,No,Còn hàng
03/08/2026,10:25,MBW,"Laptop Asus Vivobook 14 Flip TP3407SA - SG349W (Ultra 5 226V, 16GB, 512GB, WUXGA OLED, Cảm ứng, Win11)",30590000,26590000,-13%,• Đã bán 97,5,Asus,Business& Productivity,Vivobook,Core Ultra 5,Core Ultra 5 226V,RAM 16 GB,SSD 512 GB,,,,,https://www.thegioididong.com/laptop/asus-vivobook-14-flip-tp3407sa-ultra-5-226v-sg349w,TP3407SA - SG349W,No,Còn hàng
03/08/2026,10:25,MBW,"Laptop HP ProBook 4 G1iR 14 - C40JKAT (Core 5 120U, 16GB, 512GB, WUXGA, Win11)",34590000,26990000,-21%,• Đã bán 32,5,Hp,Business& Productivity,Probook,Core 5,Core 5 120U,RAM 16 GB,SSD 512 GB,,,,,https://www.thegioididong.com/laptop/hp-probook-4-g1ir-14-core-5-120u-c40jkat,C40JKAT,No,Còn hàng
03/08/2026,10:25,MBW,"Laptop HP OmniBook 5 AI 16 af1054TU - C1MN8PA (Ultra 7 255U, 32GB, 512GB, WUXGA, OfficeH24, Win11)",36990000,31690000,-14%,• Đã bán 167,5,Hp,Business& Productivity,OmniBook,Core Ultra 7,Core Ultra 7 255U,RAM 32 GB,SSD 512 GB,,,,,https://www.thegioididong.com/laptop/hp-omnibook-5-ai-16-af1054tu-ultra-7-255u-c1mn8pa,C1MN8PA,No,Còn hàng
03/08/2026,10:25,MBW,"Laptop Dell Inspiron 15 3530 - P16WD (i7 1355U, 16GB, 1TB, Full HD 120Hz, OfficeHS, Win11)",27490000,24990000,-9%,"• Đã bán 3,3k",4.9,Dell,Business& Productivity,Inspiron,Core i7,Core i7 1355U,RAM 16 GB,SSD 1 TB,,,,,https://www.thegioididong.com/laptop/dell-inspiron-15-3530-i7-p16wd,P16WD,No,Còn hàng
03/08/2026,10:25,MBW,"Laptop Asus Zenbook S 16 UM5606GA - SS384WS (R9 AI 465, 32GB, 1TB, 3K OLED 120Hz, OfficeH24+365, Win11)",52990000,50390000,,• Đã bán 25,5,Asus,Business& Productivity,Zenbook,Ryzen 9 AI,Ryzen 9 AI 465,RAM 32 GB,SSD 1 TB,,,,,https://www.thegioididong.com/laptop/asus-zenbook-s-16-um5606ga-r9-ai-465-ss384ws,UM5606GA - SS384WS,No,Còn hàng
03/08/2026,10:25,MBW,"Laptop Lenovo Gaming Legion 5 15IRX10 - 83LY00HRVN (i7 13650HX, 16GB, 512GB, RTX 5050 8GB, WUXGA 165Hz, OfficeH24, Win11)",51490000,50790000,,• Đã bán 51,4.9,Lenovo,Gaming,Legion,Core i7,Core i7 13650HX,RAM 16 GB,SSD 512 GB,,RTX 5050,8G,,https://www.thegioididong.com/laptop/lenovo-gaming-legion-5-15irx10-i7-13650hx-83ly00hrvn,83LY00HRVN,No,Còn hàng
03/08/2026,10:25,MBW,"Laptop Asus Vivobook 16 X1607CA - MB990W (Ultra 7 255H, 16GB, 512GB, WUXGA, Win11)",27990000,25490000,-8%,• Đã bán 53,5,Asus,Business& Productivity,Vivobook,Core Ultra 7,Core Ultra 7 255H,RAM 16 GB,SSD 512 GB,,,,,https://www.thegioididong.com/laptop/asus-vivobook-16-x1607ca-ultra-7-255h-mb990w,X1607CA - MB990W,No,Còn hàng
03/08/2026,10:25,MBW,"Laptop HP OmniBook 5 AI 16 af1052TU - C1MN6PA (Ultra 7 255U, 32GB, 512GB, WUXGA, Cảm ứng, OfficeH24, Win11)",37990000,32490000,-14%,• Đã bán 105,5,Hp,Business& Productivity,OmniBook,Core Ultra 7,Core Ultra 7 255U,RAM 32 GB,SSD 512 GB,RAM 32 GB,,,,https://www.thegioididong.com/laptop/hp-omnibook-5-ai-16-af1052tu-ultra-7-255u-c1mn6pa,C1MN6PA,No,Còn hàng
03/08/2026,10:25,MBW,"Laptop Dell Inspiron 15 3530 - 71053696 (i5 1334U, 16GB, 512GB, Full HD 120Hz, OfficeH24+365, KYHD, Win11)",23490000,19990000,-14%,• Đã bán 673,5,Dell,Business& Productivity,Inspiron,Core i5,Core i5 1334U,RAM 16 GB,SSD 512 GB,,,,,https://www.thegioididong.com/laptop/dell-inspiron-15-3530-i5-71053696,71053696,No,Còn hàng
03/08/2026,10:25,MBW,"Laptop Asus Zenbook A14 UX3407QA - QD299WS (X1 26 100, 16GB/, 512GB, WUXGA OLED, OfficeH24+365, Win11)",31990000,28490000,-10%,• Đã bán 262,5,Asus,Business& Productivity,Zenbook,Core 3,Core 3 100U,RAM 16 GB,SSD 512 GB,,,,,https://www.thegioididong.com/laptop/asus-zenbook-a14-ux3407qa-x1-26-100-qd299ws,UX3407QA - QD299WS,No,Còn hàng
03/08/2026,10:25,MBW,"Laptop MSI VenturePro 16 AI A1VEG - 003VN (Ultra 7 155H, 16GB, 512GB, RTX 4050 6GB, 2K OLED 120Hz, Win11)",36990000,34990000,-5%,• Đã bán 7,5,Msi,Business& Productivity,VenturePro,Core Ultra 7,Core Ultra 7 155H,RAM 16 GB,SSD 512 GB,,RTX 4050,6G,,https://www.thegioididong.com/laptop/msi-venturepro-16-ai-a1veg-ultra-7-003vn,003VN,No,Còn hàng
03/08/2026,10:25,MBW,"Laptop Dell Inspiron 15 3530 - N3530-i5U165W11SLU-HS24 (i5 1334U, 16GB, Full HD 120Hz, OfficeH24+365, Win11)",23490000,19990000,-14%,"• Đã bán 1,7k",5,Dell,Business& Productivity,Inspiron,Core i5,Core i5 1334U,RAM 16 GB,SSD 512 GB,,,,,https://www.thegioididong.com/laptop/dell-inspiron-15-3530-i5-n3530-i5u165w11slu-hs24,HS24,No,Còn hàng
03/08/2026,10:25,MBW,"Laptop HP ProBook 4 G1q 14 - C40JQAT (X1 26 100, 16GB, 512GB, WUXGA, Win11)",23690000,22590000,,• Đã bán 16,5,Hp,Business& Productivity,Probook,Snapdragon,X1 26 100,RAM 16 GB,SSD 512 GB,,,,,https://www.thegioididong.com/laptop/hp-probook-4-g1q-14-x1-26-100-c40jqat?utm_flashsale=1,C40JQAT,No,Còn hàng
03/08/2026,10:25,MBW,"Laptop Lenovo Gaming LOQ 15ARP10E - 83S0004FVN (R7 7735HS, 16GB, 512GB, RTX 4050 6GB, Full HD 144Hz, Win11)",40990000,34990000,-14%,• Đã bán 31,5,Lenovo,Gaming,LOQ,Ryzen 5,Ryzen 5 7735HS,RAM 16 GB,SSD 512 GB,,RTX 4050,6G,,https://www.thegioididong.com/laptop/lenovo-gaming-loq-15arp10e-r7-7735hs-83s0004fvn,83S0004FVN,No,Còn hàng
03/08/2026,10:25,MBW,"Laptop Asus TUF Gaming F16 FX607VJ - RL035W (Core 5 210H, 16GB, 512GB, RTX 3050 6GB, Full HD+ 144Hz, Win11)",24590000,23490000,,• Đã bán 221,5,Asus,Gaming,TUF,Core i5,Core i5 210H,RAM 16 GB,SSD 512 GB,,RTX 3050,6G,,https://www.thegioididong.com/laptop/asus-tuf-gaming-f16-fx607vj-core-5-rl035w,FX607VJ - RL035W,No,Còn hàng
03/08/2026,10:25,MBW,"Laptop GIGABYTE Gaming AERO X16 - GIGABYTE-AERO-X161VH93VNC64AH (R7 AI 350, 32GB, 1TB, RTX5060 8GB, WQXGA 165Hz, Win11)",45990000,44290000,,• Đã bán 27,4.8,Gigabyte,Gaming,Gaming AERO,Ryzen 7 AI,Ryzen AI 7 350,RAM 32 GB,SSD 1 TB,"16"", WQXGA (2560 x 1600), 165Hz",RTX 5060,8G,,https://www.thegioididong.com/laptop/gigabyte-aero-x16-r7-ai-350-gigabyte-aero-x161vh93vnc64ah,X161VH93VNC64AH,No,Còn hàng
03/08/2026,10:25,MBW,"Laptop Dell Gaming Alienware 16 Aurora AC16250 - 71072937 (Core 7 240H, 16GB, 1TB, RTX 5060 8GB, WQXGA 120Hz, OfficeH24+365, Win11)",46690000,45990000,,• Đã bán 27,5,Dell,Gaming,Gaming Alienware,Core 7,Core 7 240H,RAM 16 GB,SSD 1 TB,,RTX 5060,8G,,https://www.thegioididong.com/laptop/dell-alienware-16-aurora-ac16250-core-7-240h-71072937,71072937,No,Còn hàng
03/08/2026,10:25,MBW,"Laptop Dell Pro 13 Plus PB13250 - 71084491 (Ultra 5 235U, 16GB, 512GB, Full HD+, Win11)",32890000,31490000,,• Đã bán 29,5,Dell,Business& Productivity,Dell Pro,Core Ultra 5,Core Ultra 5 235U,RAM 16 GB,SSD 512 GB,,,,,https://www.thegioididong.com/laptop/dell-pro-13-plus-pb13250-ultra-5-235u-71084491,71084491,No,Còn hàng
03/08/2026,10:25,MBW,"Laptop Dell Gaming Alienware 16 Aurora AC16250 - C7H161W11II4050 (Core 7 240H, 16GB, 1TB, RTX 4050 6GB, WQXGA 120Hz, OfficeH24+365, Win11)",40090000,38990000,,• Đã bán 134,5,Dell,Gaming,Gaming Alienware,Core 7,Core 7 240H,RAM 16 GB,SSD 1 TB,,RTX 4050,6G,,https://www.thegioididong.com/laptop/dell-gaming-alienware-16-aurora-ac16250-core-7-240h-c7h161w11ii4050,C7H161W11II4050,No,Còn hàng
03/08/2026,10:25,MBW,"Laptop Dell Inspiron 14 5440 - 7FN5J (Core 7 150U, 16GB, 1TB, Full HD+, OfficeHS, Win11)",31390000,26490000,-15%,"• Đã bán 1,6k",5,Dell,Business& Productivity,Inspiron,Core 7,Core 7 150U,RAM 16 GB,SSD 1 TB,,,,,https://www.thegioididong.com/laptop/dell-inspiron-14-5440-core-7-7fn5j,7FN5J,No,Còn hàng
03/08/2026,10:25,MBW,"Laptop HP 15 fd2127TU - D72CCPA (Ultra 5 225U, 16GB, 512GB, Full HD, Win11)",26990000,24990000,-7%,• Đã bán 37,5,Hp,Business& Productivity,HP 15,Core Ultra 7,Core Ultra 7 255U,RAM 16 GB,SSD 512 GB,,,,,https://www.thegioididong.com/laptop/hp-15-fd2127tu-ultra-5-225u-d72ccpa,D72CCPA,No,Còn hàng
03/08/2026,10:25,MBW,"Laptop HP EliteBook 6 G1i 13 - BQ9L8PT (Ultra 5 225U, 16GB, 512GB, WUXGA, Win11)",33290000,31290000,-6%,• Đã bán 124,5,Hp,Business& Productivity,EliteBook,Core Ultra 7,Core Ultra 7 255U,RAM 16 GB,SSD 512 GB,,,,,https://www.thegioididong.com/laptop/hp-elitebook-6-g1i-13-ultra-5-225u-bq9l8pt,BQ9L8PT,No,Còn hàng
03/08/2026,10:25,MBW,"Laptop Asus Gaming V16 V3607VM - RP044W (Core 7 240H, 16GB, 1TB, RTX 5060 8GB, WUXGA 144Hz, Win11)",37290000,35490000,,• Đã bán 99,5,Asus,Gaming,Gaming V16,Core 7,Core 7 240H,RAM 16 GB,SSD 1 TB,,RTX 5060,8G,,https://www.thegioididong.com/laptop/asus-gaming-v16-v3607vm-core-7-rp044w,V3607VM - RP044W,No,Còn hàng
03/08/2026,10:25,MBW,"Laptop MSI Gaming Katana 15 HX B14WGK - 023VN (i7 14650HX, 16GB, 1TB, RTX 5070 8GB, QHD, 165Hz, Win11)",49990000,48590000,,• Đã bán 1,,Msi,Gaming,Katana,Core i7,Core i7 14650HX,RAM 8 GB,SSD 1 TB,,RTX 5070,8G,,https://www.thegioididong.com/laptop/msi-gaming-katana-15-hx-b14wgk-i7-14650hx-023vn,023VN,No,Còn hàng
03/08/2026,10:25,MBW,"Laptop HP Pavilion 15 eg3095TU - 8C5L6PA-16G (i5 1335U, 16GB, 512GB, Full HD, Win11)",21090000,19990000,-5%,• Đã bán 516,5,Hp,Business& Productivity,Pavilion,Core i5,Core i5 1335U,RAM 16 GB,SSD 512 GB,,,,,https://www.thegioididong.com/laptop/hp-pavilion-15-eg3095tu-i5-8c5l6pa-16g?utm_flashsale=1,8C5L6PA,No,Còn hàng
03/08/2026,10:25,MBW,"Laptop MSI Gaming Katana 15 HX B14WFK - 294VN (i9 14900HX, 16GB, 512GB, RTX 5060 8GB, QHD, 165Hz, Win11)",46990000,45590000,,• Đã bán 17,5,Msi,Gaming,Katana,Core i9,Core i9 14900HX,RAM 16 GB,SSD 512 GB,,RTX 5060,8G,,https://www.thegioididong.com/laptop/msi-gaming-katana-15-hx-b14wfk-i9-14900hx-294vn,294VN,No,Còn hàng
03/08/2026,10:25,MBW,"Laptop Asus Vivobook S14 S3407VA - LY053W (i7 13620H, 16GB, 512GB, WUXGA, Win11)",25990000,23390000,-10%,• Đã bán 218,5,Asus,Business& Productivity,Vivobook,Core i7,Core i7 13620H,RAM 16 GB,SSD 512 GB,,,,,https://www.thegioididong.com/laptop/asus-vivobook-s14-s3407va-i7-13620h-ly053w,S3407VA - LY053W,No,Còn hàng
03/08/2026,10:25,MBW,"Laptop HP Gaming VICTUS 15 fb3115AX - BX9C9PA (R7 7445HS, 16GB, 512GB, RTX4050 6GB, Full HD 144Hz, Win11)",32190000,27490000,-14%,• Đã bán 193,5,Hp,Gaming,VICTUS,Ryzen 7,Ryzen 7 7445HS,RAM 16 GB,SSD 512 GB,,RTX 4050,6G,,https://www.thegioididong.com/laptop/hp-victus-15-fb3115ax-r7-7445hs-bx9c9pa,BX9C9PA,No,Còn hàng
03/08/2026,10:25,MBW,"Laptop Dell Inspiron 15 3530 - N5I7216W1 (i7 1355U, 16GB, 512GB, Full HD 120Hz, OfficeH24+365, Win11)",25990000,22990000,-11%,"• Đã bán 1,9k",5,Dell,Business& Productivity,Inspiron,Core i7,Core i7 1355U,RAM 16 GB,SSD 512 GB,,,,,https://www.thegioididong.com/laptop/dell-inspiron-15-3530-i7-n5i7216w1?utm_flashsale=1,N5I7216W1,No,Còn hàng
03/08/2026,10:25,MBW,"Laptop HP OmniBook UF 14 fh0097TU - BZ7S3PA (Ultra 7 258V, 32GB, 1TB, 2.8K OLED 120Hz, Cảm ứng, OfficeH24, Win11)",58990000,55590000,-5%,• Đã bán 24,5,Hp,Business& Productivity,OmniBook,Core Ultra 7,Core Ultra 7 258V,RAM 32 GB,SSD 1 TB,,,,,https://www.thegioididong.com/laptop/hp-omnibook-uf-14-fh0097tu-ultra-7-258v-bz7s3pa,BZ7S3PA,No,Còn hàng
03/08/2026,10:25,MBW,"Laptop MSI Gaming Stealth A16 AI+ A3XWFG - 018VN (R9 AI HX 370, 32GB, 1TB, RTX 5060 8GB, QHD+ OLED, 240Hz, Win11)",65990000,63990000,,• Đã bán 2,,Msi,Gaming,Stealth,Core 7,Core 7 240H,RAM 32 GB,SSD 1 TB,,RTX 5060,8G,,https://www.thegioididong.com/laptop/msi-gaming-stealth-a16-ai-a3xwfg-r9-ai-hx-370-018vn,018VN,No,Còn hàng
03/08/2026,10:25,MBW,"Laptop Dell Inspiron 15 3530 - N3530-i5U165W11SLU-BL (i5 1334U, 16GB, 512GB, Full HD 120Hz, OfficeH24+365, Win11)",23490000,19990000,-14%,"• Đã bán 1,7k",4.9,Dell,Business& Productivity,Inspiron,Core i5,Core i5 1334U,RAM 16 GB,SSD 512 GB,,,,,https://www.thegioididong.com/laptop/dell-inspiron-15-3530-i5-n3530-i5u165w11slu-bl,U165W11SLU,No,Còn hàng
03/08/2026,10:25,MBW,"Laptop HP Probook 4 G1ah 16 - C40JPAT (R5 220, 16GB, 512GB, WUXGA, Win11)",29890000,25490000,-14%,• Đã bán 25,5,Hp,Business& Productivity,Probook,Ryzen 5,Ryzen 5 220,RAM 16 GB,SSD 512 GB,,,,,https://www.thegioididong.com/laptop/hp-probook-4-g1ah-16-r5-220-c40jpat,C40JPAT,No,Còn hàng
03/08/2026,10:25,MBW,"Laptop Asus Vivobook S14 M3407GA - SF030W (R7 AI 445, 16GB, 512GB, WUXGA OLED, Win11)",30990000,27590000,-10%,• Đã bán 29,5,Asus,Business& Productivity,Vivobook,Ryzen 7 AI,Ryzen 7 AI 445,RAM 16 GB,SSD 512 GB,,,,,https://www.thegioididong.com/laptop/asus-vivobook-s14-m3407ga-r7-ai-445-sf030w,M3407GA - SF030W,No,Còn hàng
03/08/2026,10:25,MBW,"Laptop HP Probook 4 G1i 16 - BQ5D4PT (Ultra 5 225U, 16GB, 512GB, WUXGA, Win11)",33290000,27490000,-17%,• Đã bán 108,5,Hp,Business& Productivity,Probook,Core Ultra 7,Core Ultra 7 255U,RAM 16 GB,SSD 512 GB,,,,,https://www.thegioididong.com/laptop/hp-probook-4-g1i-16-ultra-5-225u-bq5d4pt,BQ5D4PT,No,Còn hàng
03/08/2026,10:25,MBW,"Laptop Lenovo IdeaPad Slim 3 14ARP10 - 83K600E6VN (R5 7535HS, 16GB, 512GB, WUXGA, Win11)",26490000,19990000,-24%,• Đã bán 89,5,Lenovo,Business& Productivity,IdeaPad Slim 3,Ryzen 5,Ryzen 5 7535HS,RAM 16 GB,SSD 512 GB,,,,,https://www.thegioididong.com/laptop/lenovo-ideapad-slim-3-14arp10-r5-7535hs-83k600e6vn,83K600E6VN,No,Còn hàng
03/08/2026,10:25,MBW,"Laptop Asus Vivobook S14 S3407CA - SF913W (Ultra 5 225H, 16GB, 512GB, WUXGA OLED, Win11)",29990000,26190000,-12%,• Đã bán 32,5,Asus,Business& Productivity,Vivobook,Core Ultra 5,Core Ultra 5 225H,RAM 16 GB,SSD 512 GB,,,,,https://www.thegioididong.com/laptop/asus-vivobook-s14-s3407ca-ultra-5-225h-sf913w,S3407CA - SF913W,No,Còn hàng
03/08/2026,10:25,MBW,"Laptop HP Pavilion 16 af0052TU - AY8C1PA (Ultra 7 155U, 16GB, 1TB, WUXGA, OfficeHS+365, Win11)",27790000,27390000,,• Đã bán 499,5,Hp,Business& Productivity,Pavilion,Core Ultra 7,Core Ultra 7 155U,RAM 16 GB,SSD 1 TB,,,,,https://www.thegioididong.com/laptop/hp-pavilion-16-af0052tu-ultra-7-ay8c1pa?utm_flashsale=1,AY8C1PA,No,Còn hàng
03/08/2026,10:25,MBW,"Laptop Dell Inspiron 14 5441 - 5MNK1 (X1P 64 100, 16GB, 512GB, Full HD+, OfficeH24+365, Win11)",31890000,27990000,-12%,• Đã bán 112,5,Dell,Business& Productivity,Inspiron,Core 3,Core 3 100U,RAM 16 GB,SSD 512 GB,,,,,https://www.thegioididong.com/laptop/dell-inspiron-14-5441-x1p-64-100-5mnk1,5MNK1,No,Còn hàng
03/08/2026,10:25,MBW,"Laptop GIGABYTE Gaming A16 GA6H - CWHI3VNC94SH (i7 13620H, 16GB, 1TB, RTX 5070 8GB, WQXGA 165Hz, Win11)",43990000,40790000,-7%,• Đã bán 2,,Gigabyte,Gaming,Gaming A16,Core i7,Core i7 13620H,RAM 16 GB,SSD 512 GB,"16"", WQXGA (2560 x 1600), 165Hz",RTX 5070,8G,,https://www.thegioididong.com/laptop/gigabyte-gaming-a16-ga6h-i7-13620h-cwhi3vnc94sh,CWHI3VNC94SH,No,Còn hàng
03/08/2026,10:25,MBW,"Laptop Asus Zenbook 14 UM3406GA - QD073WS (R7 AI 445, 32GB, 1TB, WUXGA OLED, OfficeH24+365, Win11)",39990000,36090000,-9%,• Đã bán 41,5,Asus,Business& Productivity,Zenbook,Ryzen 7 AI,Ryzen 7 AI 445,RAM 32 GB,SSD 1 TB,,,,,https://www.thegioididong.com/laptop/asus-zenbook-14-um3406ga-r7-ai-445-qd073ws,UM3406GA - QD073WS,No,Còn hàng
03/08/2026,10:25,MBW,"Laptop Dell Inspiron 14 5441 - N4O10441W1 (X1P 64 100, 16GB, 1TB, Full HD+, OfficeH24+365, Win11)",32890000,28490000,-13%,• Đã bán 76,5,Dell,Business& Productivity,Inspiron,Core 3,Core 3 100U,RAM 16 GB,SSD 1 TB,,,,,https://www.thegioididong.com/laptop/dell-inspiron-14-5441-x1p-64-n4o10441w1?utm_flashsale=1,N4O10441W1,No,Còn hàng
03/08/2026,10:25,MBW,"Laptop Dell 16 DC16250 - DC16250-C7U161W11BLU-27 (Core 7 150U, 16GB, 1TB, Full HD+, OfficeHS24+365, Win11)",35990000,35290000,,• Đã bán 9,5,Dell,Business& Productivity,Dell 16,Core 7,Core 7 150U,RAM 16 GB,SSD 1 TB,,,,,https://www.thegioididong.com/laptop/dell-16-dc16250-core-7-150u-dc16250-c7u161w11blu-27,U161W11BLU,No,Còn hàng
03/08/2026,10:25,MBW,"Laptop HP OmniBook UF 14 fh0095TU - BZ7S2PA (Ultra 9 288V, 32GB, 1TB, 2.8K OLED 120Hz, Cảm ứng, OfficeH24, Win11)",63590000,61490000,,• Đã bán 13,5,Hp,Business& Productivity,OmniBook,Core Ultra 9,Core Ultra 9 288V,RAM 32 GB,SSD 1 TB,,,,,https://www.thegioididong.com/laptop/hp-omnibook-uf-14-fh0095tu-ultra-9-288v-bz7s2pa,BZ7S2PA,No,Còn hàng
03/08/2026,10:25,MBW,"Laptop GIGABYTE Gaming AERO X16 - GIGABYTE-AERO-X16-1VH93VNC94DH (R7 AI 350, 16GB, 1TB, RTX 5060 8GB, WQXGA 165Hz,Win11)",44990000,42290000,-6%,• Đã bán 2,,Gigabyte,Gaming,Gaming AERO,Ryzen 7 AI,Ryzen AI 7 350,RAM 16 GB,SSD 1 TB,"16"", WQXGA (2560 x 1600), 165Hz",RTX 5060,8G,,https://www.thegioididong.com/laptop/gigabyte-gaming-aero-x16-r7-ai-350-gigabyte-aero-x16-1vh93vnc94dh,1VH93VNC94DH,No,Còn hàng
03/08/2026,10:25,MBW,"Laptop Asus Zenbook 14 UX3405CA - PZ368WS (Ultra 7 255H, 16GB, 512GB, 2.8K OLED 120Hz, Cảm ứng, OfficeH24+365, Win11)",34390000,32790000,,• Đã bán 110,5,Asus,Business& Productivity,Zenbook,Core Ultra 7,Core Ultra 7 255H,RAM 16 GB,SSD 512 GB,,,,,https://www.thegioididong.com/laptop/asus-zenbook-14-ux3405ca-ultra-7-pz368ws,UX3405CA - PZ368WS,No,Còn hàng
03/08/2026,10:25,MBW,"Laptop HP 15 fd1037TU - 9Z2W5PA (Core 7 150U, 16GB, 1TB, Full HD, Win11)",24590000,23490000,,• Đã bán 131,5,Hp,Business& Productivity,HP 15,Core 7,Core 7 150U,RAM 16 GB,SSD 1 TB,,,,,https://www.thegioididong.com/laptop/hp-15-fd1037tu-core-7-150u-9z2w5pa?utm_flashsale=1,9Z2W5PA,No,Còn hàng
03/08/2026,10:25,MBW,"Laptop Dell 16 DC16251 - DC6C7557W1 (Core 7 150U, 16GB, 1TB, Full HD+, OfficeH24+365, Win11)",35990000,35290000,,• Đã bán 26,5,Dell,Business& Productivity,Dell 16,Core 7,Core 7 150U,RAM 16 GB,SSD 1 TB,,,,,https://www.thegioididong.com/laptop/dell-16-dc16251-core-7-150u-dc6c7557w1,DC6C7557W1,No,Còn hàng
03/08/2026,10:25,MBW,"Laptop HP ProBook 4 G1q 14 - C40JRAT (X1 26 100, 32GB, 512GB, WUXGA, Win11)",27690000,26590000,,• Đã bán 9,5,Hp,Business& Productivity,Probook,Snapdragon,X1 26 100,RAM 32 GB,SSD 512 GB,,,,,https://www.thegioididong.com/laptop/hp-probook-4-g1q-14-x1-26-100-c40jrat,C40JRAT,No,Còn hàng
03/08/2026,10:25,MBW,"Laptop HP Gaming OMEN 16 am0176TX - BX9D3PA (Ultra 7 255H, 16GB, 512GB, RTX 5060 8GB, WUXGA 165Hz, Win11)",45990000,43890000,,• Đã bán 4,5,Hp,Gaming,OMEN,Core Ultra 7,Core Ultra 7 255H,RAM 16 GB,SSD 512 GB,,RTX 5060,8G,,https://www.thegioididong.com/laptop/hp-gaming-omen-16-am0176tx-ultra-7-255h-bx9d3pa,BX9D3PA,No,Còn hàng
03/08/2026,10:25,MBW,"Laptop HP EliteBook 6 G1a 14 - C0CE1PT (R5 AI 340, 16GB, 512GB, WUXGA, Win11)",31590000,30190000,,• Đã bán 7,5,Hp,Business& Productivity,EliteBook,Ryzen 5 AI,Ryzen AI 5 340,RAM 16 GB,SSD 512 GB,,,,,https://www.thegioididong.com/laptop/hp-elitebook-6-g1a-14-r5-ai-340-c0ce1pt,C0CE1PT,No,Còn hàng
03/08/2026,10:25,MBW,"Laptop HP Gaming OMEN 16 am0129TX - BX9D1PA (Ultra 7 255H, 32GB, 512GB, RTX 5070 8GB, WUXGA 165Hz, Win11)",51790000,48890000,-5%,• Đã bán 13,5,Hp,Gaming,OMEN,Core Ultra 7,Core Ultra 7 255H,RAM 32 GB,SSD 512 GB,,RTX 5070,8G,,https://www.thegioididong.com/laptop/hp-gaming-omen-16-am0129tx-ultra-7-255h-bx9d1pa,BX9D1PA,No,Còn hàng
03/08/2026,10:25,MBW,"Laptop HP Gaming VICTUS 15 fa2451TX - D17WPPA (i5 13420H, 16GB, 512GB, RTX 4050 6GB, Full HD 144Hz, Win11)",31990000,27490000,-14%,,,Hp,Gaming,VICTUS,Core i5,i5 13420H,RAM 16 GB,SSD 512 GB,,RTX 4050,6G,,https://www.thegioididong.com/laptop/hp-gaming-victus-15-fa2451tx-i5-13420h-d17wppa,D17WPPA,No,Còn hàng
03/08/2026,10:25,MBW,"Laptop Lenovo Gaming Legion 5 15IRX10 - 83LY00HQVN (i7 13650HX, 16GB, 512GB, RTX 5060 8GB, WUXGA 165Hz, OfficeH24, Win11)",54490000,53790000,,• Đã bán 50,5,Lenovo,Gaming,Legion,Core i7,Core i7 13650HX,RAM 16 GB,SSD 512 GB,,RTX 5060,8G,,https://www.thegioididong.com/laptop/lenovo-gaming-legion-5-15irx10-i7-13650hx-83ly00hqvn,83LY00HQVN,No,Còn hàng
03/08/2026,10:25,MBW,"Laptop HP Gaming OMEN 16 am0127TX - BX8Y0PA (i9 14900HX, 32GB, 512GB, RTX 5070 8GB, WUXGA 165Hz, Win11)",63390000,61390000,,• Đã bán 11,5,Hp,Gaming,OMEN,Core i9,Core i9 14900HX,RAM 32 GB,SSD 512 GB,,RTX 5070,8G,,https://www.thegioididong.com/laptop/hp-gaming-omen-16-am0127tx-i9-14900hx-bx8y0pa,BX8Y0PA,No,Còn hàng
03/08/2026,10:25,MBW,"Laptop HP OmniBook X Flip 14 fk0082AU - BZ7N8PA (R7 AI 350, 32GB, 1TB, 2K, Cảm ứng, OfficeH24+365, Win11)",40890000,39890000,,,,Hp,Business& Productivity,OmniBook,Ryzen 7,Ryzen 7 AI 350,RAM 32 GB,SSD 1 TB,,,,,https://www.thegioididong.com/laptop/hp-omnibook-x-flip-14-fk0082au-r7-ai-350-bz7n8pa,BZ7N8PA,No,Còn hàng
03/08/2026,10:25,MBW,"Laptop Asus Zenbook UX3405CA - PZ188WS (Ultra 7 255H, 32GB, 1TB, 3K OLED 120Hz, OfficeH24+365, Win11)",38390000,36590000,,• Đã bán 123,5,Asus,Business& Productivity,Zenbook,Core Ultra 7,Core Ultra 7 255H,RAM 32 GB,SSD 1 TB,,,,,https://www.thegioididong.com/laptop/asus-zenbook-ux3405ca-ultra-7-255h-pz188ws,UX3405CA - PZ188WS,No,Còn hàng
03/08/2026,10:25,MBW,"Laptop Dell Gaming Alienware 16 Aurora AC16250 - C9H321W11II5070 (Core 9 270H, 32GB, 1TB, RTX 5070 8GB, WQXGA 120Hz, OfficeH24+365, Win11)",72490000,70990000,,• Đã bán 14,5,Dell,Gaming,Gaming Alienware,Core i9,Core i9 270H,RAM 32 GB,SSD 1 TB,,RTX 5070,8G,,https://www.thegioididong.com/laptop/dell-alienware-16-aurora-ac16250-core-9-270h-c9h321w11ii5070,C9H321W11II5070,No,Còn hàng
03/08/2026,10:25,MBW,"Laptop HP Elitebook Ultra G1q - B4PY1PT (X1E 78 100, 32GB, 1TB, 2.2K, Cảm ứng, Win11 Pro)",51390000,48790000,-5%,• Đã bán 3,5,Hp,Business& Productivity,EliteBook,Core 3,Core 3 100U,RAM 32 GB,SSD 1 TB,,,,,https://www.thegioididong.com/laptop/hp-elitebook-ultra-g1q-x1e-78-100-b4py1pt,B4PY1PT,No,Còn hàng
03/08/2026,10:25,MBW,"Laptop HP Gaming HyperX Omen 15 ga0092TX - D72D8PA (i5 14450HX, 16GB, 512GB, RTX 5050 8GB, WUXGA 165Hz, Win11)",46990000,45590000,,,,Hp,Gaming,OMEN,Core i5,i5 14450HX,RAM 16 GB,SSD 512 GB,,RTX 5050,8G,,https://www.thegioididong.com/laptop/hp-gaming-hyperx-omen-15-ga0092tx-i5-14450hx-d72d8pa,D72D8PA,No,Còn hàng
03/08/2026,10:25,MBW,"Laptop HP OmniBook 7 16 az0040TU - C2DR3PA (Core 9 270H, 32GB, 512GB, WUXGA, OfficeH24+365, Win11)",41590000,39890000,,• Đã bán 12,5,Hp,Business& Productivity,OmniBook,Core i9,Core i9 270H,RAM 32 GB,SSD 512 GB,,,,,https://www.thegioididong.com/laptop/hp-omnibook-7-16-az0040tu-core-9-270h-c2dr3pa,C2DR3PA,No,Còn hàng
03/08/2026,10:25,MBW,"Laptop HP EliteBook X G1a 14 AI - B9FE4PT (R9 AI HX PRO 375, 32GB, 1TB, 2.8K OLED 120Hz, Cảm ứng, Win11 Pro)",62290000,59590000,,• Đã bán 3,5,Hp,Business& Productivity,EliteBook,Ryzen 9 AI HX PRO,Ryzen 9 AI HX PRO 375,RAM 32 GB,SSD 1 TB,,,,,https://www.thegioididong.com/laptop/hp-elitebook-x-g1a-14-ai-r9-ai-hx-pro-375-b9fe4pt,B9FE4PT,No,Còn hàng
03/08/2026,10:25,MBW,"Laptop HP HyperX Omen 15 ga0091TX - D72D7PA (i5 14450HX, 16GB, 512GB, RTX 5060 8GB, WUXGA 165Hz, Win11)",49990000,48590000,,,,Hp,Gaming,OMEN,Core i5,i5 14450HX,RAM 16 GB,SSD 512 GB,,RTX 5060,8G,,https://www.thegioididong.com/laptop/hp-hyperx-omen-15-ga0091tx-i5-14450h-d72d7pa,D72D7PA,No,Còn hàng
03/08/2026,10:25,MBW,"Laptop HP Elitebook X360 830 G11 - A7RB9PT (Ultra 5 135U, 16GB, 512GB, WUXGA, Cảm ứng, Win11 Pro)",46190000,43690000,-5%,• Đã bán 5,5,Hp,Business& Productivity,EliteBook,Core Ultra 5,Core Ultra 5 135H,RAM 16 GB,SSD 512 GB,,,,,https://www.thegioididong.com/laptop/hp-elitebook-x360-830-g11-ultra-5-a7rb9pt,A7RB9PT,No,Còn hàng
03/08/2026,10:25,MBW,"Laptop HP OmniBook 7 14 fr0024TU - C1MN0PA (Ultra 7 255H, 32GB, 512GB, WUXGA, OfficeH24+365B, Win11)",38190000,34990000,-8%,• Đã bán 28,5,Hp,Business& Productivity,OmniBook,Core Ultra 7,Core Ultra 7 255H,RAM 32 GB,SSD 512 GB,,,,,https://www.thegioididong.com/laptop/hp-omnibook-7-14-fr0024tu-ultra-7-255h-c1mn0pa,C1MN0PA,No,Còn hàng
03/08/2026,10:25,MBW,"Laptop HP OmniBook 7 16 az0038TU - C2CX1PA (Core 5 210H, 24GB, 512GB, WUXGA, OfficeH24, Win11)",31590000,28990000,-8%,• Đã bán 17,5,Hp,Business& Productivity,OmniBook,Core i5,Core i5 210H,RAM 24 GB,SSD 512 GB,,,,,https://www.thegioididong.com/laptop/hp-omnibook-7-16-az0038tu-core-5-210h-c2cx1pa,C2CX1PA,No,Còn hàng
03/08/2026,10:25,MBW,"Laptop HP OmniBook 7 16 az0043TU - C2CX3PA (Core 7 240H, 32GB, 512GB, WUXGA, OfficeH24, Win11)",38590000,34990000,-9%,• Đã bán 10,5,Hp,Business& Productivity,OmniBook,Core 7,Core 7 240H,RAM 32 GB,SSD 512 GB,,,,,https://www.thegioididong.com/laptop/hp-omnibook-7-16-az0043tu-core-7-240h-c2cx3pa,C2CX3PA,No,Còn hàng
03/08/2026,10:25,MBW,"Laptop MSI Gaming Stealth A16 Mercedes AMG AI+ A3XWGG - 032VN (R9 AI HX 370, 32GB, 2TB, RTX 5070 8GB, QHD+ OLED 240Hz, Win11)",79990000,78590000,,• Đã bán 1,,Msi,Gaming,Stealth,Core 7,Core 7 240H,RAM 32 GB,SSD 2 TB,,RTX 5070,8G,,https://www.thegioididong.com/laptop/msi-stealth-a16-mercedes-amg-ai-a3xwgg-r9-ai-hx-370-032vn,032VN,No,Còn hàng
03/08/2026,10:25,MBW,"Laptop HP OmniBook 5 16 ag1066AU - BZ7S9PA (R7 Al 350, 16GB, 512GB, WUXGA, Cảm ứng, OfficeH24+365B, Win11)",31990000,30790000,,• Đã bán 20,5,Hp,Business& Productivity,OmniBook,Ryzen 7 AI,Ryzen AI 7 350,RAM 16 GB,SSD 512 GB,,,,,https://www.thegioididong.com/laptop/hp-omnibook-5-16-ag1066au-r7-al-350-bz7s9pa,BZ7S9PA,No,Còn hàng
03/08/2026,10:25,MBW,"Laptop Asus Vivobook 15 X1504VA - BQ185W (Core 5 120U, 16GB, 512GB, Full HD, Win11)",20990000,19390000,-7%,• Đã bán 707,5,Asus,Business& Productivity,Vivobook,Core 5,Core 5 120U,RAM 16 GB,SSD 512 GB,,,,,https://www.thegioididong.com/laptop/asus-vivobook-15-x1504va-core-5-120u-bq185w,X1504VA - BQ185W,No,Còn hàng
03/08/2026,10:25,MBW,"Laptop Dell 14 DC14250 - DC14250-C3U085W11SLU-27 (Core 3 100U, 8GB, 512GB, Full HD+, OfficeH24+365, Win11)",19390000,18990000,,• Đã bán 129,5,Dell,Business& Productivity,Dell 14,Core 3,Core 3 100U,RAM 8 GB,SSD 512 GB,,,,,https://www.thegioididong.com/laptop/dell-14-dc14250-core-3-100u-dc14250-c3u085w11slu-27,U085W11SLU,No,Còn hàng
03/08/2026,10:25,MBW,Laptop MacBook Pro 14 inch M5 Pro 24GB/1TB 70W,68990000,68490000,,• Đã bán 240,5,Macbook,Business& Productivity,MacBook Pro,,,RAM 24 GB,SSD 1 TB,,,,,https://www.thegioididong.com/laptop/macbook-pro-14-inch-m5-pro-24gb-1tb,,No,Còn hàng
03/08/2026,10:25,MBW,"Laptop Lenovo ThinkPad E14 Gen 7 - 21U2003JVN (Ultra 7 258V, 32GB, 512GB, WUXGA, Win11)",37990000,36590000,,• Đã bán 118,5,Lenovo,Business& Productivity,ThinkPad,Core Ultra 7,Core Ultra 7 258V,RAM 32 GB,SSD 512 GB,,,,,https://www.thegioididong.com/laptop/lenovo-thinkpad-e14-gen-7-ultra-7-258v-21u2003jvn,21U2003JVN,No,Còn hàng
03/08/2026,10:25,MBW,"Laptop Lenovo Gaming LOQ Essential 15ARP10E - 83S0000DVN (R5 7535HS, 16GB, 512GB, RTX 3050 6GB, Full HD 144Hz, Win11)",35990000,24990000,-30%,• Đã bán 50,5,Lenovo,Gaming,LOQ,Ryzen 5,Ryzen 5 7535HS,RAM 16 GB,SSD 512 GB,,RTX 3050,6G,,https://www.thegioididong.com/laptop/lenovo-gaming-loq-essential-15arp10e-r5-7535hs-83s0000dvn,83S0000DVN,No,Còn hàng
03/08/2026,10:25,MBW,"Laptop Lenovo ThinkPad E14 Gen 7 - 21U2003SVN (Ultra 5 228V, 32GB, 512GB, WUXGA, Win11)",34990000,33590000,,• Đã bán 84,5,Lenovo,Business& Productivity,ThinkPad,Core Ultra 5,Core Ultra 5 228V,RAM 32 GB,SSD 512 GB,,,,,https://www.thegioididong.com/laptop/lenovo-thinkpad-e14-gen-7-ultra-5-228v-21u2003svn,21U2003SVN,No,Còn hàng
03/08/2026,10:25,MBW,"Laptop Asus Vivobook S14 M3407HA - SF480W (R5 220, 16GB, 512GB, WUXGA OLED, Win11)",25490000,22490000,-11%,• Đã bán 45,5,Asus,Business& Productivity,Vivobook,Ryzen 5,Ryzen 5 220,RAM 16 GB,SSD 512 GB,,,,,https://www.thegioididong.com/laptop/asus-vivobook-s14-m3407ha-r5-220-sf480w,M3407HA - SF480W,No,Còn hàng
03/08/2026,10:25,MBW,"Laptop Lenovo Gaming LOQ 15IRX9 - 83DV01H2VN (i7 13645HX, 16GB, 1TB, RTX 4050 6GB, Full HD 144Hz, Win11)",36990000,35590000,,• Đã bán 38,5,Lenovo,Gaming,LOQ,Core i7,Core i7 13645HX,RAM 16 GB,SSD 1 TB,,RTX 4050,6G,,https://www.thegioididong.com/laptop/lenovo-gaming-loq-15irx9-i7-13645hx-83dv01h2vn,83DV01H2VN,No,Còn hàng
03/08/2026,10:25,MBW,"Laptop Asus Vivobook S14 M3407KA - SF034WS (R5 AI 330, 16GB, 512GB, WUXGA OLED, OfficeH24+365, Win11)",24990000,23790000,,• Đã bán 88,5,Asus,Business& Productivity,Vivobook,Ryzen 5 AI,Ryzen AI 5 330,RAM 16 GB,SSD 512 GB,,,,,https://www.thegioididong.com/laptop/asus-vivobook-s14-m3407ka-r5-ai-330-sf034ws,M3407KA - SF034WS,No,Còn hàng
03/08/2026,10:25,MBW,"Laptop Asus Zenbook 14 UX3405CA - ST629W (Ultra 7 255H, 32GB, 512GB, 3K OLED 120Hz, Win11)",38690000,35490000,-8%,• Đã bán 36,5,Asus,Business& Productivity,Zenbook,Core Ultra 7,Core Ultra 7 255H,RAM 32 GB,SSD 512 GB,,,,,https://www.thegioididong.com/laptop/asus-zenbook-14-ux3405ca-ultra-7-255h-st629w,UX3405CA - ST629W,No,Còn hàng
03/08/2026,10:25,MBW,"Laptop Lenovo IdeaPad Slim 3 14ARP10 - 83K6005WVN (R7 7735HS, 16GB, 512GB, WUXGA, Win11)",28490000,21490000,-24%,• Đã bán 61,5,Lenovo,Business& Productivity,IdeaPad Slim 3,Ryzen 5,Ryzen 5 7735HS,RAM 8 GB,SSD 512 GB,,,,,https://www.thegioididong.com/laptop/lenovo-ideapad-slim-3-14arp10-r7-7735hs-83k6005wvn,83K6005WVN,No,Còn hàng
03/08/2026,10:25,MBW,"Laptop Lenovo IdeaPad Slim 3 15IPH11 - 83UR00A4VN (Ultra 5 322, 16GB, 512GB, WUXGA, Win11)",27990000,24990000,-10%,• Đã bán 25,5,Lenovo,Business& Productivity,IdeaPad Slim 3,Core Ultra 5,Core Ultra 5 322,RAM 16 GB,SSD 512 GB,,,,,https://www.thegioididong.com/laptop/lenovo-ideapad-slim-3-15iph11-ultra-5-322-83ur00a4vn,83UR00A4VN,No,Còn hàng
03/08/2026,10:25,MBW,"Laptop Lenovo Gaming LOQ 15IRX10 - 83JE01AGVN (i7 13645HX, 16GB, 512GB, RTX 5050 8GB, Full HD 144Hz, Win11)",38990000,37590000,,• Đã bán 27,5,Lenovo,Gaming,LOQ,Core i7,Core i7 13645HX,RAM 16 GB,SSD 512 GB,,RTX 5050,8G,,https://www.thegioididong.com/laptop/lenovo-gaming-loq-15irx10-i7-13645hx-83je01agvn,83JE01AGVN,No,Còn hàng
03/08/2026,10:25,MBW,"Laptop Lenovo ThinkPad E16 Gen 3 - 22AY003UVN (Ultra 7 258V, 32GB, 1TB, WUXGA, Win11)",41690000,40090000,,• Đã bán 33,5,Lenovo,Business& Productivity,ThinkPad,Core Ultra 7,Core Ultra 7 258V,RAM 32 GB,SSD 512 GB,,,,,https://www.thegioididong.com/laptop/lenovo-thinkpad-e16-gen-3-ultra-7-258v-22ay003uvn,22AY003UVN,No,Còn hàng
03/08/2026,10:25,MBW,"Laptop Asus Gaming ROG Strix G16 G614PH - S5101W (R9 8940HX, 16GB, 512GB, RTX 5050 8GB, WQXGA 240Hz, Win11)",47990000,44990000,-6%,• Đã bán 11,5,Asus,Gaming,ROG Strix,Core 7,Core 7 240H,RAM 16 GB,SSD 512 GB,,RTX 5050,8G,,https://www.thegioididong.com/laptop/asus-gaming-rog-strix-g16-g614ph-r9-8940hx-s5101w,G614PH - S5101W,No,Còn hàng
03/08/2026,10:25,MBW,Laptop MacBook Air 15 inch M5 24GB/512GB 35W,47490000,46990000,,• Đã bán 38,5,Macbook,Business& Productivity,MacBook Air,,,RAM 24 GB,SSD 512 GB,,,,,https://www.thegioididong.com/laptop/macbook-air-15-inch-m5-24gb-512gb,,No,Còn hàng
03/08/2026,10:25,MBW,"Laptop Dell 16 DC16250 - 71092481 (Core 5 120U, 16GB, 1TB, Full HD+, OfficeHS24+365, Win11)",28490000,27990000,,• Đã bán 12,5,Dell,Business& Productivity,Dell 16,Core 5,Core 5 120U,RAM 16 GB,SSD 1 TB,,,,,https://www.thegioididong.com/laptop/dell-16-dc16250-core-5-120u-71092481,71092481,No,Còn hàng
03/08/2026,10:25,MBW,"Laptop Dell 14 DC14250 - DC14250-C7U161W11SLU-27 (Core 7 150U, 16GB, 1TB, Full HD+, OfficeHS24+365, Win11)",29890000,29490000,,• Đã bán 12,5,Dell,Business& Productivity,Dell 14,Core 7,Core 7 150U,RAM 16 GB,SSD 1 TB,,,,,https://www.thegioididong.com/laptop/dell-14-dc14250-core-7-150u-dc14250-c7u161w11slu-27,U161W11SLU,No,Còn hàng
03/08/2026,10:25,MBW,"Laptop Lenovo IdeaPad Slim 3 15ARP10 - 83K700YVVN (R7 7735HS, 16GB, 512GB, WUXGA, Win11)",26990000,21490000,-20%,• Đã bán 9,5,Lenovo,Business& Productivity,IdeaPad Slim 3,Ryzen 5,Ryzen 5 7735HS,RAM 16 GB,SSD 512 GB,,,,,https://www.thegioididong.com/laptop/lenovo-ideapad-slim-3-15arp10-r7-7735hs-83k700yvvn,83K700YVVN,No,Còn hàng
03/08/2026,10:25,MBW,"Laptop ASUS Vivobook 14 X1407AA - LY360W (Ultra 5 325, 16GB, 512GB, WUXGA, Win11)",26990000,23790000,-11%,• Đã bán 10,5,Asus,Business& Productivity,Vivobook,Core Ultra 5,Core Ultra 5 325,RAM 16 GB,SSD 512 GB,,,,,https://www.thegioididong.com/laptop/asus-vivobook-14-x1407aa-ultra-5-325-ly360w,X1407AA - LY360W,No,Còn hàng
03/08/2026,10:25,MBW,"Laptop Lenovo IdeaPad Slim 3 15IPH11 - 83UR00A5VN (Ultra 7 355, 16GB, 512GB, WUXGA, Win11)",32990000,29990000,-9%,• Đã bán 4,5,Lenovo,Business& Productivity,IdeaPad Slim 3,Core Ultra 7,Core Ultra 7 355,RAM 16 GB,SSD 512 GB,,,,,https://www.thegioididong.com/laptop/lenovo-ideapad-slim-3-15iph11-ultra-7-355-83ur00a5vn,83UR00A5VN,No,Còn hàng
03/08/2026,10:25,MBW,"Laptop Acer Aspire Lite 14 AL14-45P-R7Z3 - NX.DPESV.002 (R3 5400U, 8GB, 512GB, Full HD+, Win11)",17990000,15990000,-11%,• Đã bán 44,5,Acer,Business& Productivity,Aspire Lite,Ryzen 3,Ryzen 3 5400U,RAM 8 GB,SSD 512 GB,,,,,https://www.thegioididong.com/laptop/acer-aspire-lite-14-al14-45p-r7z3-r3-5400u-nx-dpesv-002,AL14-45P-R7Z3,No,Còn hàng
03/08/2026,10:25,MBW,"Laptop HP Gaming OMEN Max 16 ah0213TX - C1WR2PA (Ultra 9 275HX, 64GB, 2TB, RTX 5080 16GB, WQXGA OLED 240Hz, OfficeH24, Win11)",125990000,117990000,-6%,• Đã bán 1,,Hp,Gaming,OMEN,Core 7,Core 7 240H,RAM 64 GB,SSD 2 TB,,RTX 5080,16G,,https://www.thegioididong.com/laptop/hp-gaming-omen-max-16-ah0213tx-ultra-9-275hx-c1wr2pa,C1WR2PA,No,Còn hàng
03/08/2026,10:25,MBW,"Laptop Asus TUF Gaming FX608JPR - RV044W (i7 14650HX, 16GB, 1TB, RTX 5070 8GB, WUXGA 165Hz, Win11)",45190000,43790000,,• Đã bán 13,5,Asus,Gaming,TUF,Core i7,Core i7 14650HX,RAM 16 GB,SSD 1 TB,,RTX 5070,8G,,https://www.thegioididong.com/laptop/asus-tuf-gaming-fx608jpr-i7-14650hx-rv044w,FX608JPR - RV044W,No,Còn hàng
03/08/2026,10:25,MBW,"Laptop Dell 16 Plus DB16250 - X65NW9 (Ultra 9 288V, 32GB, 2TB, QHD+ 120Hz, OfficeH24+365, Win11)",58990000,57990000,,• Đã bán 7,5,Dell,Business& Productivity,Dell 16,Core Ultra 9,Core Ultra 9 288V,RAM 64 GB,SSD 2 TB,,,,,https://www.thegioididong.com/laptop/dell-16-plus-db16250-ultra-9-288v-x65nw9,X65NW9,No,Còn hàng
03/08/2026,10:25,MBW,"Laptop Dell 16 Plus DB16250 - DB6U5387W1 (Ultra 5 226V, 16GB, 1TB, WQXGA, OfficeH24+365, Win11)",37990000,37290000,,• Đã bán 11,5,Dell,Business& Productivity,Dell 16,Core Ultra 5,Core Ultra 5 226V,RAM 16 GB,SSD 1 TB,,Intel Iris Xe Graphics,,,https://www.thegioididong.com/laptop/dell-16-plus-db16250-ultra-5-226v-db6u5387w1,DB6U5387W1,No,Còn hàng
03/08/2026,10:25,MBW,"Laptop Lenovo ThinkPad E16 Gen 3 - 22AY003VVN (Ultra 7 258V, 32GB, 512GB, WUXGA, Win11)",37590000,35490000,-5%,• Đã bán 32,5,Lenovo,Business& Productivity,ThinkPad,Core Ultra 7,Core Ultra 7 258V,RAM 32 GB,SSD 512 GB,,,,,https://www.thegioididong.com/laptop/lenovo-thinkpad-e16-gen-3-ultra-7-258v-22ay003vvn,22AY003VVN,No,Còn hàng
03/08/2026,10:25,MBW,"Laptop Lenovo ThinkBook 14 Gen 8 - 21SJ00EAVN (Ultra 5 135H, 16GB, 512GB, WUXGA, Win11)",29590000,28490000,,• Đã bán 68,5,Lenovo,Business& Productivity,ThinkBook,Core Ultra 5,Core Ultra 5 135H,RAM 16 GB,SSD 512 GB,,,,,https://www.thegioididong.com/laptop/lenovo-thinkbook-14-gen-8-ultra-5-135h-21sj00eavn,21SJ00EAVN,No,Còn hàng
03/08/2026,10:25,MBW,"Laptop Lenovo V15 G5 IRL - 83HF00BVVN (i5 13420H, 8GB, 512GB, Full HD, Win11)",21690000,20590000,-5%,• Đã bán 35,5,Lenovo,Business& Productivity,Lenovo V15,Core i5,Core i5 13420H,RAM 8 GB,SSD 512 GB,,,,,https://www.thegioididong.com/laptop/lenovo-v15-g5-irl-i5-13420h-83hf00bvvn,83HF00BVVN,No,Còn hàng
03/08/2026,10:25,MBW,Laptop Macbook Air 13 inch M5 24GB/512GB 35W,41490000,40990000,,• Đã bán 29,5,MacBook,,,,,RAM 24 GB,SSD 512 GB,,,,,https://www.thegioididong.com/laptop/macbook-air-13-inch-m5-24gb-512gb,,No,Còn hàng
03/08/2026,10:25,MBW,"Laptop Lenovo Ideapad Slim 5 OLED 14AGP11 - 83S1003FVN (R7 445, 32GB, 512GB, WUXGA OLED, Win11)",39990000,35990000,-10%,• Đã bán 7,5,Lenovo,Business& Productivity,IdeaPad Slim 5,Ryzen 7 AI,Ryzen 7 AI 445,RAM 32 GB,SSD 512 GB,,,,,https://www.thegioididong.com/laptop/lenovo-ideapad-slim-5-oled-14agp11-r7-445-83s1003fvn,83S1003FVN,No,Còn hàng
03/08/2026,10:25,MBW,"Laptop Asus Vivobook S14 S3407CA - SF923W (Ultra 7 255H, 16GB, 512GB, WUXGA, Win11)",31990000,28490000,-10%,• Đã bán 11,5,Asus,Business& Productivity,Vivobook,Core Ultra 7,Core Ultra 7 255H,RAM 16 GB,SSD 512 GB,,,,,https://www.thegioididong.com/laptop/asus-vivobook-s14-s3407ca-ultra-7-255h-sf923w,S3407CA - SF923W,No,Còn hàng
03/08/2026,10:25,MBW,"Laptop Lenovo Yoga Slim 7 OLED 14IPH11 - 83QM002FVN (Ultra 7 355, 32GB, 1TB, WUXGA OLED, OfficeH24+365, Win11)",55990000,52990000,-5%,• Đã bán 2,,Lenovo,Business& Productivity,Yoga,Core Ultra 7,Core Ultra 7 355,RAM 32 GB,SSD 1 TB,,,,,https://www.thegioididong.com/laptop/lenovo-yoga-slim-7-oled-14iph11-ultra-7-355,83QM002FVN,No,Còn hàng
03/08/2026,10:25,MBW,"Laptop Lenovo ThinkPad X1 Carbon Gen 13 - 21NS010EVN (Ultra 5 226V, 16GB, 1TB, 2.8K OLED 120Hz, Win11Pro)",62790000,61390000,,• Đã bán 2,,Lenovo,Business& Productivity,ThinkPad,Core Ultra 5,Core Ultra 5 226V,RAM 16 GB,SSD 1 TB,,,,,https://www.thegioididong.com/laptop/lenovo-thinkpad-x1-carbon-gen-13-ultra-5-226v-21ns010evn,21NS010EVN,No,Còn hàng
03/08/2026,10:25,MBW,"Laptop Lenovo ThinkPad X1 Carbon Gen 13 - 21NS010FVN (Ultra 7 256V, 16GB, 512GB, 2.8K OLED 120Hz, Win11Pro)",63790000,62390000,,• Đã bán 1,,Lenovo,Business& Productivity,ThinkPad,Core Ultra 7,Core Ultra 7 256V,RAM 16 GB,SSD 512 GB,,,,,https://www.thegioididong.com/laptop/lenovo-thinkpad-x1-carbon-gen-13-ultra-7-256v-21ns010fvn,21NS010FVN,No,Còn hàng
03/08/2026,10:25,MBW,"Laptop Lenovo ThinkBook 16 G9 IRL - 21US008FVN (i5 13420H, 16GB, 512GB, WUXGA, Win11)",29190000,28090000,,• Đã bán 99,5,Lenovo,Business& Productivity,ThinkBook,Core i5,Core i5 13420H,RAM 16 GB,SSD 512 GB,,,,,https://www.thegioididong.com/laptop/lenovo-thinkbook-16-g9-irl-i5-13420h-21us008fvn,21US008FVN,No,Còn hàng
03/08/2026,10:25,MBW,"Laptop Asus Gaming ROG Flow Z13 GZ302EAC - RU184WS (AI MAX+ 395, 128GB, 1TB, WQXGA 180Hz, Cảm ứng, OfficeH24+365, Win11)",,109990000,,• Đã bán 1,,Asus,Gaming,ROG Flow,Ryzen AI MAX+,Ryzen AI MAX+ 395,RAM 128 GB,SSD 1 TB,,AMD Radeon 8060S,,,https://www.thegioididong.com/laptop/asus-gaming-rog-flow-z13-gz302eac-ai-max-395-ru184ws,GZ302EAC - RU184WS,No,Còn hàng
03/08/2026,10:25,MBW,"Laptop Asus TUF Gaming A14 FA401GM - RG013W (R9 AI 465, 32GB, 1TB, RTX 5060 8GB, WQXGA 165Hz, Win11)",57990000,53490000,-7%,• Đã bán 3,4.3,Asus,Gaming,TUF,Ryzen 9 AI,Ryzen 9 AI 465,RAM 32 GB,SSD 1 TB,,RTX 5060,8G,,https://www.thegioididong.com/laptop/asus-tuf-gaming-a14-fa401gm-r9-ai-465-rg013w,FA401GM - RG013W,No,Còn hàng
03/08/2026,10:25,MBW,"Laptop Asus TUF Gaming F16 FX608JMI - TU241W (i7 14650HX, 16GB, 512GB, RTX 5060 8GB, Full HD+ 144Hz, Win11)",44990000,41990000,-6%,• Đã bán 2,,Asus,Gaming,TUF,Core i7,Core i7 14650HX,RAM 16 GB,SSD 512 GB,,RTX 5060,8G,,https://www.thegioididong.com/laptop/asus-tuf-gaming-f16-fx608jmi-i7-14650hx-tu241w,FX608JMI - TU241W,No,Còn hàng
03/08/2026,10:25,MBW,"Laptop Asus TUF Gaming A16 FA608UM - RV266W (R7 260, 16GB, 512GB, RTX5060 8GB, Full HD+ 165Hz, Win11)",44990000,43590000,,• Đã bán 4,5,Asus,Gaming,Gaming A16,Ryzen 7,Ryzen 7 260,RAM 16 GB,SSD 512 GB,,RTX 5060,8G,,https://www.thegioididong.com/laptop/asus-tuf-gaming-a16-fa608um-r7-260-rv266w,FA608UM - RV266W,No,Còn hàng
03/08/2026,10:25,MBW,"Laptop Lenovo ThinkPad X1 Carbon Gen 13 - 21NS010JVN (Ultra 7 258V, 32GB, 1TB, 2.8K OLED 120Hz, Win11Pro)",70190000,68790000,,• Đã bán 4,5,Lenovo,,,,,RAM 32 GB,SSD 1 TB,,,,,https://www.thegioididong.com/laptop/lenovo-thinkpad-x1-carbon-gen-13-ultra-7-258v-21ns010jvn,,No,Còn hàng
03/08/2026,10:25,MBW,"Laptop Asus TUF Gaming FX608JHI - TU209W (i7 14650HX, 16GB, 512GB, RTX5050 8GB, Full HD+ 144Hz, Win11)",42990000,38990000,-9%,• Đã bán 6,5,Asus,Gaming,TUF,Core i7,Core i7 14650HX,RAM 16 GB,SSD 512 GB,,RTX 5050,8G,,https://www.thegioididong.com/laptop/asus-tuf-gaming-fx608jhi-i7-14650hx-tu209w,FX608JHI - TU209W,No,Còn hàng
03/08/2026,10:25,MBW,"Laptop Dell 14 DC14255 - 71092477 (R7 350, 16GB, 1TB, Full HD+, OfficeHS24+365B, Win11)",33190000,32490000,,• Đã bán 4,5,Dell,Business& Productivity,Dell 14,Ryzen 7 AI,Ryzen AI 7 350,RAM 16 GB,SSD 1 TB,,,,,https://www.thegioididong.com/laptop/dell-14-dc14255-r7-350-71092477,71092477,No,Còn hàng
03/08/2026,10:25,MBW,"Laptop HP EliteBook 6 G1a 14 - C0CG2PT (R7 AI 350, 16GB, 512GB, WUXGA, Win11)",34690000,33290000,,• Đã bán 5,5,Hp,Business& Productivity,EliteBook,Ryzen 7 AI,Ryzen AI 7 350,RAM 16 GB,SSD 512 GB,,,,,https://www.thegioididong.com/laptop/hp-elitebook-6-g1a-14-r7-ai-350-c0cg2pt,C0CG2PT,No,Còn hàng
03/08/2026,10:25,MBW,"Laptop Asus Gaming ROG Zephyrus GA403GM - SY004W (R9 AI 465, 32GB, 1TB, RTX 5060 8GB, 3K OLED 120Hz, Win11)",65990000,64590000,,• Đã bán 7,5,Asus,Gaming,ROG Zephyrus,Ryzen 9 AI,Ryzen 9 AI 465,RAM 32 GB,SSD 1 TB,,RTX 5060,8G,,https://www.thegioididong.com/laptop/asus-gaming-rog-zephyrus-ga403gm-r9-ai-465-sy004w,GA403GM - SY004W,No,Còn hàng
03/08/2026,10:25,MBW,"Laptop Lenovo IdeaPad Slim 3 15IPH11 - 83UR0075VN (Ultra 7 355, 16GB, 512GB, WUXGA, Win11)",32990000,29990000,-9%,• Đã bán 3,5,Lenovo,Business& Productivity,IdeaPad Slim 3,Core Ultra 7,Core Ultra 7 355,RAM 16 GB,SSD 512 GB,,,,,https://www.thegioididong.com/laptop/lenovo-ideapad-slim-3-15iph11-ultra-7-355-83ur0075vn,83UR0075VN,No,Còn hàng
03/08/2026,10:25,MBW,"Laptop Lenovo Gaming LOQ 15IRX9 - 83DV01H3VN (i7 13645HX, 16GB, 512GB, RTX 4050 6GB, Full HD 144Hz, Win11)",36490000,35090000,,• Đã bán 8,5,Lenovo,Gaming,LOQ,Core i7,Core i7 13645HX,RAM 16 GB,SSD 512 GB,,RTX 4050,6G,,https://www.thegioididong.com/laptop/lenovo-gaming-loq-15irx9-i7-13645hx-83dv01h3vn,83DV01H3VN,No,Còn hàng
03/08/2026,10:25,MBW,"Laptop Lenovo Yoga 7 2in1 OLED 14IPH11 - 83TC002JVN (Ultra 7 355, 32GB, 1TB, WUXGA OLED, Cảm ứng, OfficeH24+365, Win11)",57990000,57290000,,• Đã bán 3,5,Lenovo,Business& Productivity,Yoga,Core Ultra 7,Core Ultra 7 355,RAM 32 GB,SSD 1 TB,,,,,https://www.thegioididong.com/laptop/lenovo-yoga-7-2in1-oled-14iph11-ultra-7-355-83tc002jvn,83TC002JVN,No,Còn hàng
03/08/2026,10:25,MBW,"Laptop Asus Vivobook S14 S3407AA - SF945W (Ultra 5 325, 16GB, 512GB, WUXGA OLED, Win11)",31990000,29890000,-6%,• Đã bán 1,,Asus,Business& Productivity,Vivobook,Core Ultra 5,Core Ultra 5 325,RAM 16 GB,SSD 512 GB,,,,,https://www.thegioididong.com/laptop/asus-vivobook-s14-s3407aa-ultra-5-325-sf945w,S3407AA - SF945W,No,Còn hàng
03/08/2026,10:25,MBW,"Laptop Dell Pro 14 PC14250 - PC14250-235U-16512WP-2Y (Ultra 5 235U, 16GB, 512GB, Full HD+, Win11Pro)",39990000,38290000,,• Đã bán 2,,Dell,Business& Productivity,Dell Pro,Core Ultra 5,Core Ultra 5 235U,RAM 16 GB,SSD 512 GB,,,,,https://www.thegioididong.com/laptop/dell-pro-14-pc14250-ultra-5-235u-pc14250-235u-16512wp-2y,16512W,No,Còn hàng
03/08/2026,10:25,MBW,"Laptop MSI Modern 15 B12MO - 487VN (i7 1255U, 16GB, 512GB, Full HD, Win11)",19290000,19090000,,• Đã bán 1k,4.9,Msi,Business& Productivity,Modern,Core i7,Core i7 1255U,RAM 16 GB,SSD 512 GB,,Intel Graphics,,,https://www.thegioididong.com/laptop/msi-modern-15-b12mo-i7-487vn,487VN,No,Còn hàng
03/08/2026,10:25,MBW,"Laptop HP Gaming OMEN 14 fb0135TX - AY8V1PA (Ultra 7 155H, 16GB, 1TB, RTX 4060 8GB, 2.8K OLED 120Hz, Win11)",64790000,62790000,,• Đã bán 1,,Hp,Gaming,OMEN,Core Ultra 7,Core Ultra 7 155H,RAM 16 GB,SSD 1 TB,,RTX 4060,8G,,https://www.thegioididong.com/laptop/hp-omen-14-fb0135tx-ultra-7-ay8v1pa,AY8V1PA,No,Còn hàng
03/08/2026,10:25,MBW,"Laptop Acer Gaming Predator Helios 18 AI PH18 73 98AQ - NH.QVWSV.001 (Ultra 9 275HX, 192GB, 6TB, RTX 5090 24GB, 4K 120Hz, Win11 Pro)",,149990000,,• Đã bán 1,,Acer,Gaming,Predator,Core Ultra 9,Core Ultra 9 275HX,RAM 192 GB,SSD 6 TB,,RTX 5090,24G,,https://www.thegioididong.com/laptop/acer-predator-helios-18-ai-ph18-73-98aq-ultra-9-nhqvwsv001,PH18 73 98AQ,No,Còn hàng
03/08/2026,10:25,MBW,"Laptop Acer Gaming Predator Helios 18 AI PH18 73 93P0 - NH.QVYSV.001 (Ultra 9 275HX, 64GB, 3TB, RTX 5080 12GB, 2.5K 250Hz, Win11 Pro)",,99990000,,• Đã bán 2,,Acer,Gaming,Predator,Ryzen 7,Ryzen 7 250,RAM 64 GB,SSD 3 TB,,RTX 5080,12G,,https://www.thegioididong.com/laptop/acer-predator-helios-18-ai-ph18-73-93p0-ultra-9-nhqvysv001,PH18 73 93P0,No,Còn hàng
03/08/2026,10:25,MBW,"Laptop HP EliteBook X G1a 14 AI - BC4N4AT (R7 AI PRO 360, 32GB, 1TB, 2.8K OLED 120Hz, Cảm ứng, Win11 Pro)",54590000,52290000,,• Đã bán 1,,Hp,Business& Productivity,EliteBook,Ryzen 7 AI PRO,Ryzen 7 AI PRO 360,RAM 32 GB,SSD 1 TB,,,,,https://www.thegioididong.com/laptop/hp-elitebook-x-g1a-14-ai-r7-ai-pro-360-bc4n4at,BC4N4AT,No,Còn hàng
03/08/2026,10:25,MBW,"Laptop Lenovo Gaming Legion 5 15AHP10 - 83M0002YVN (R7 260, 16GB, 512GB, RTX 5050 8GB, WQXGA OLED 165Hz, Win11)",,42990000,,,,Lenovo,Gaming,Legion,Ryzen 7,Ryzen 7 260,RAM 16 GB,SSD 512 GB,,RTX 5050,8G,,https://www.thegioididong.com/laptop/lenovo-gaming-legion-5-15ahp10-r7-260-83m0002yvn,83M0002YVN,No,Còn hàng
03/08/2026,10:25,MBW,"Laptop HP Probook 4 G1i 16 - BQ5E4PT (Ultra 7 255H, 16GB, 512GB, WUXGA, Win11)",38190000,36190000,-5%,• Đã bán 1,,Hp,Business& Productivity,Probook,Core Ultra 7,Core Ultra 7 255H,RAM 16 GB,SSD 512 GB,,,,,https://www.thegioididong.com/laptop/hp-probook-4-g1i-16-ultra-7-255h-bq5e4pt,BQ5E4PT,No,Còn hàng
03/08/2026,10:25,MBW,"Laptop HP Probook 4 G1i 16 - BQ5E6PT (Ultra 7 255H, 16GB, 512GB, WUXGA, Cảm ứng, Win11)",39190000,36390000,-7%,• Đã bán 5,5,Hp,Business& Productivity,Probook,Core Ultra 7,Core Ultra 7 255H,RAM 16 GB,SSD 512 GB,,,,,https://www.thegioididong.com/laptop/hp-probook-4-g1i-16-ultra-7-255h-bq5e6pt,BQ5E6PT,No,Còn hàng
03/08/2026,10:25,MBW,"Laptop Lenovo Gaming LOQ 15IRX10 - 83JE00PEVN (i7 13650HX, 16GB, 1TB, RTX 5050 8GB, Full HD 144Hz, Win11)",46990000,39990000,-14%,,,Lenovo,Gaming,LOQ,Core i7,i7 13650HX,RAM 16 GB,SSD 512 GB,,RTX 5050,8G,,https://www.thegioididong.com/laptop/lenovo-gaming-loq-15irx10-i7-13650hx-83je00pevn,83JE00PEVN,No,Còn hàng
03/08/2026,10:25,MBW,"Laptop Dell Pro 13 Plus PB13250 - 236V-16512W (Ultra 5 236V, 16GB, 512GB, Full HD+, KYHD, Win11)",,36790000,,,,Dell,Business& Productivity,Dell Pro,Core Ultra 5,Core Ultra 5 236V,RAM 16 GB,SSD 512 GB,,,,,https://www.thegioididong.com/laptop/dell-pro-13-plus-pb13250-ultra-5-236v-pb13250-236v-16512w,236V-16512W,No,Còn hàng
03/08/2026,10:25,MBW,"Laptop Dell 14 DC14255 - 71083617 (R7 AI 350, 16GB, 1TB, Full HD+, OfficeH24+365, Win11)",,,,,,Dell,Business& Productivity,Dell 14,Ryzen 7 AI,Ryzen AI 7 350,RAM 16 GB,SSD 1 TB,,,,,https://www.thegioididong.com/laptop/dell-14-dc14255-r7-ai-350-71083617,71083617,No,Chưa rõ
03/08/2026,10:25,MBW,"Laptop Dell Inspiron 14 5441 - 71069158 (X1 26 100, 16GB, 512GB, Full HD+, OfficeH24+365, Win11)",,,,,,Dell,Business& Productivity,Inspiron,Core 3,Core 3 100U,RAM 16 GB,SSD 512 GB,,,,,https://www.thegioididong.com/laptop/dell-inspiron-14-5441-x1-26-100-71069158,71069158,No,Chưa rõ
03/08/2026,10:25,MBW,"Laptop Lenovo ThinkPad X1 Carbon Gen 13 - 21NS0107VN (Ultra 5 226V, 16GB, 512GB, 2.8K OLED 120Hz, Win11Pro)",57090000,55290000,,• Đã bán 1,,Lenovo,Business& Productivity,ThinkPad,Core Ultra 5,Core Ultra 5 226V,RAM 16 GB,SSD 512 GB,,,,,https://www.thegioididong.com/laptop/lenovo-thinkpad-x1-carbon-gen-13-ultra-5-226v-21ns0107vn,21NS0107VN,No,Còn hàng
03/08/2026,10:25,MBW,"Laptop Asus TUF Gaming A16 FA608PP - RV089W (R9 8940HX, 16GB, 512GB, RTX5070 8GB, WUXGA 165Hz, Win11)",50990000,49590000,,• Đã bán 5,5,Asus,Gaming,Gaming A16,Ryzen 9,Ryzen 9 8940HX,RAM 16 GB,SSD 512 GB,,RTX 5070,8G,,https://www.thegioididong.com/laptop/asus-tuf-gaming-a16-fa608pp-r9-8940hx-rv089w,FA608PP - RV089W,No,Còn hàng
03/08/2026,10:25,MBW,"Laptop MSI Prestige 14 Flip AI+ D3MTG - 021VN (U9 386H, 32GB, 1TB, Full HD+ OLED, Cảm ứng, Win11)",,54990000,,,,Msi,Business& Productivity,Prestige,Core Ultra 9,Core Ultra 9 386H,RAM 32 GB,SSD 1 TB,,Intel Arc Graphics,,,https://www.thegioididong.com/laptop/msi-prestige-14-flip-ai-d3mtg-u9-386h-021vn,021VN,No,Còn hàng
03/08/2026,10:25,MBW,"Laptop HP 240R G9 - C40LGAT (Core 5 120U, 16GB, 512GB, Full HD, Win11)",26590000,24490000,-7%,• Đã bán 6,5,Hp,Business& Productivity,HP 240,Core 5,Core 5 120U,RAM 16 GB,SSD 512 GB,,,,,https://www.thegioididong.com/laptop/hp-240r-g9-core-5-120u-c40lgat,C40LGAT,No,Còn hàng
03/08/2026,10:25,MBW,"Laptop HP EliteBook 6 G1a 14 - C0CF2PT (R5 AI 340, 16GB, 512GB, WUXGA, Cảm ứng, Win11)",32590000,31190000,,• Đã bán 1,,Hp,Business& Productivity,EliteBook,Ryzen 5 AI,Ryzen AI 5 340,RAM 16 GB,SSD 512 GB,,,,,https://www.thegioididong.com/laptop/hp-elitebook-6-g1a-14-r5-ai-340-c0cf2pt,C0CF2PT,No,Còn hàng
03/08/2026,10:25,MBW,"Laptop HP EliteBook 6 G1a 14 - C0CE2PT (R7 AI 350, 16GB, 512GB, WUXGA, Cảm ứng, Win11)",35690000,34290000,,,,Hp,Business& Productivity,EliteBook,Ryzen 7 AI,Ryzen AI 7 350,RAM 16 GB,SSD 512 GB,,,,,https://www.thegioididong.com/laptop/hp-elitebook-6-g1a-14-r7-ai-350-c0ce2pt,C0CE2PT,No,Còn hàng
03/08/2026,10:25,MBW,"Laptop HP EliteBook 8 G1a 14 - C0CE3PT (R5 AI PRO 340, 32GB, 512GB, WUXGA, Cảm ứng, Win11 Pro)",42190000,40790000,,,,Hp,Business& Productivity,EliteBook 8,Ryzen 5 AI,Ryzen AI 5 340,RAM 32 GB,SSD 512 GB,,,,,https://www.thegioididong.com/laptop/hp-elitebook-8-g1a-14-r5-ai-pro-340-c0ce3pt,C0CE3PT,No,Còn hàng
03/08/2026,10:25,MBW,"Laptop HP EliteBook 8 G1a 14 - C0CE5PT (R7 AI PRO 350, 32GB, 512GB, WUXGA, Cảm ứng, Win11)",39190000,37790000,,• Đã bán 2,,Hp,Business& Productivity,EliteBook 8,Ryzen 7 AI,Ryzen AI 7 350,RAM 32 GB,SSD 512 GB,,,,,https://www.thegioididong.com/laptop/hp-elitebook-8-g1a-14-ai-350-c0ce5pt,C0CE5PT,No,Còn hàng
03/08/2026,10:25,MBW,"Laptop Asus TUF Gaming FA401EA - RG034W (RYZEN AI MAX+ 392, 64GB, 1TB, WQXGA 165Hz, Win11)",64990000,62990000,,,,Asus,Gaming,TUF,Ryzen AI MAX+,Ryzen AI MAX+ 392,RAM 64 GB,SSD 1 TB,,AMD Radeon 8060S,,,https://www.thegioididong.com/laptop/asus-tuf-gaming-fa401ea-ryzen-ai-max-392-rg034w,FA401EA - RG034W,No,Còn hàng
03/08/2026,10:25,MBW,"Laptop Acer Gaming Predator Helios Neo 16 PHN16-I31-50H7 - NH.U4SSV.001 (i5 14450HX, 32GB, 512GB, RTX 5050 8GB, Full HD+ 180Hz, Win11)",61990000,49990000,-19%,,,Acer,Gaming,Predator,Core i5,Core i5 14450HX,RAM 32 GB,SSD 512 GB,,RTX 5050,8G,,https://www.thegioididong.com/laptop/acer-gaming-predator-helios-neo-16-phn16-i31-50h7-i5-14450hx-nh-u4ssv-001,PHN16-I31-50H7,No,Còn hàng
03/08/2026,10:25,MBW,"Laptop Acer Gaming Predator Helios Neo 16 PHN16-I31-72XE - NH.U4RSV.001 (i7 14650HX, 32GB, 512GB, RTX5060 8GB, 2K+ 180Hz, Win11)",71990000,59990000,-16%,,,Acer,Gaming,Predator,Core i7,Core i7 14650HX,RAM 32 GB,SSD 512 GB,,RTX 5060,8G,,https://www.thegioididong.com/laptop/acer-gaming-predator-helios-neo-16-phn16-i31-72xe-i7-14650hx-nh-u4rsv-001,PHN16-I31-72XE,No,Còn hàng
03/08/2026,10:25,MBW,"Laptop Acer Gaming Predator Helios Neo 16 PHN16-I31-74MN - NH.U4SSV.002 (i7 14650HX, 32GB, 512GB, RTX 5050 8GB, Full HD+ 180Hz, Win11)",66990000,54990000,-17%,,,Acer,Gaming,Predator,Core i7,Core i7 14650HX,RAM 16 GB,SSD 512 GB,,RTX 5050,8G,,https://www.thegioididong.com/laptop/acer-gaming-predator-helios-neo-16-phn16-i31-74mn-i7-14650hx-nh-u4ssv-002,PHN16-I31-74MN,No,Còn hàng
03/08/2026,10:25,MBW,"Laptop Lenovo IdeaPad Slim 5 OLED 14IPH11 - 83S5000DVN (Ultra 5 322, 16GB, 512GB, WUXGA OLED, Win11)",32990000,29990000,-9%,• Đã bán 1,,Lenovo,Business& Productivity,IdeaPad Slim 5,Core Ultra 5,Core Ultra 5 322,RAM 16 GB,SSD 512 GB,,,,,https://www.thegioididong.com/laptop/lenovo-ideapad-slim-5-oled-14iph11-ultra-5-322-83s5000dvn,83S5000DVN,No,Còn hàng
03/08/2026,10:25,MBW,"Laptop Lenovo Gaming Legion 5 15AHP11 - 83Q7001JVN (R7 250, 16GB, 512GB, RTX 5060 8GB, WQXGA OLED 165Hz, OfficeH24, Win11)",58990000,53990000,-8%,,,Lenovo,Gaming,Legion,Ryzen 7,Ryzen 7 250,RAM 16 GB,SSD 512 GB,,RTX 5060,8G,,https://www.thegioididong.com/laptop/lenovo-gaming-legion-5-15ahp11-r7-250-83q7001jvn,83Q7001JVN,No,Còn hàng
03/08/2026,10:25,MBW,"Laptop Lenovo Yoga Slim 7 OLED 14AGP11 - 83QS001DVN (R7 AI 445, 16GB, 512GB, WUXGA OLED, OfficeH24+365, Win11)",39990000,39290000,,,,Lenovo,Business& Productivity,Yoga,Ryzen 7 AI,Ryzen 7 AI 445,RAM 16 GB,SSD 512 GB,,,,,https://www.thegioididong.com/laptop/lenovo-yoga-slim-7-oled-14agp11-r7-ai-445-83qs001dvn,83QS001DVN,No,Còn hàng
03/08/2026,10:25,MBW,"Laptop Lenovo IdeaPad 5 2in1 14IPH11 - 83UG0026VN (Ultra 5 322, 16GB, 512GB, WUXGA, Cảm ứng, Win11)",32990000,30990000,-6%,• Đã bán 1,,Lenovo,Business& Productivity,Ideapad 5,Core Ultra 5,Core Ultra 5 322,RAM 16 GB,SSD 512 GB,,,,,https://www.thegioididong.com/laptop/lenovo-ideapad-5-2in1-14iph11-ultra-5-322-83ug0026vn,83UG0026VN,No,Còn hàng
03/08/2026,10:25,MBW,"Laptop Lenovo IdeaPad 5 2in1 14IPH11 - 83UG0027VN (Ultra 7 355, 16GB, 512GB, WUXGA, Cảm ứng, Win11)",37990000,35990000,-5%,• Đã bán 1,,Lenovo,Business& Productivity,Ideapad 5,Core Ultra 7,Core Ultra 7 355,RAM 16 GB,SSD 512 GB,,,,,https://www.thegioididong.com/laptop/lenovo-ideapad-5-2in1-14iph11-ultra-7-355-83ug0027vn,83UG0027VN,No,Còn hàng
03/08/2026,10:25,MBW,"Laptop Lenovo Gaming Legion 5 15IPH11 - 83RW0023VN (Ultra 7 356H, 16GB, 512GB, RTX 5060 8GB, WQXGA OLED 165Hz, OfficeH24, Win11)",64990000,59990000,-7%,,,Lenovo,Gaming,Legion,Core Ultra 7,Core Ultra 7 356H,RAM 16 GB,SSD 512 GB,,RTX 5060,8G,,https://www.thegioididong.com/laptop/lenovo-gaming-legion-5-15iph11-ultra-7-356h-83rw0023vn,83RW0023VN,No,Còn hàng
03/08/2026,10:25,MBW,"Laptop Lenovo IdeaPad Slim 5 14AGP11 - 83S1006RVN (R7 AI 445, 16GB, 512GB, WUXGA OLED, Win11)",32990000,30990000,-6%,• Đã bán 1,,Lenovo,Business& Productivity,IdeaPad Slim 5,Ryzen 7 AI,Ryzen AI 7 445,RAM 16 GB,SSD 512 GB,, AMD Radeon 840M Graphics,,,https://www.thegioididong.com/laptop/lenovo-ideapad-slim-5-14agp11-r7-ai-445-83s1006rvn,83S1006RVN,No,Còn hàng
03/08/2026,10:25,MBW,"Laptop Dell Pro 14 PC14250 - PC14250-255U-32512WH-2Y (Ultra 7 255U, 32GB, 512GB, Full HD+, Win11)",56690000,55290000,,,,Dell,Business& Productivity,Dell Pro,Core Ultra 7,Core Ultra 7 255U,RAM 32 GB,SSD 512 GB,,,,,https://www.thegioididong.com/laptop/dell-pro-14-pc14250-ultra-7-255u-pc14250-255u-32512wh-2y,255U-32512WH,No,Còn hàng
03/08/2026,10:25,MBW,"Laptop Acer Swift Go 14 AI SFG14-I71-70RP - NX.JZHSV.003 (Ultra 7 358H, 32GB, 1TB, 2.8K 120Hz, Win11)",50990000,49590000,,,,Acer,Business& Productivity,Swift,Core Ultra 7,Core Ultra 7 358H,RAM 32 GB,SSD 1 TB,,,,,https://www.thegioididong.com/laptop/acer-swift-go-14-ai-sfg14-i71-70rp-ultra-7-358h-nx-jzhsv-003,SFG14-I71-70RP,No,Còn hàng
03/08/2026,10:25,MBW,"Laptop Lenovo IdeaPad Slim 3 16IPH11 - 83US002TVN (Ultra 5 322, 24GB, 512GB, WUXGA, Win11)",31990000,29990000,-6%,,,Lenovo,Business& Productivity,IdeaPad Slim 3,Core Ultra 5,Core Ultra 5 322,RAM 24 GB,SSD 512 GB,,,,,https://www.thegioididong.com/laptop/lenovo-ideapad-slim-3-16iph11-ultra-5-322-83us002tvn,83US002TVN,No,Còn hàng
03/08/2026,10:25,MBW,"Laptop Lenovo IdeaPad Slim 3 16IPH11 - 83US002WVN (Ultra 7 355, 16GB, 512GB, WUXGA, Win11)",32990000,29990000,-9%,• Đã bán 5,5,Lenovo,Business& Productivity,IdeaPad Slim 3,Core Ultra 7,Core Ultra 7 355,RAM 16 GB,SSD 512 GB,,,,,https://www.thegioididong.com/laptop/lenovo-ideapad-slim-3-16iph11-ultra-7-355-83us002wvn,83US002WVN,No,Còn hàng
03/08/2026,10:25,MBW,"Laptop Lenovo IdeaPad Slim 3 14IPH11 - 83UQ003NVN (Ultra 5 322, 16GB, 512GB, WUXGA, Win11)",27990000,24990000,-10%,• Đã bán 4,5,Lenovo,Business& Productivity,IdeaPad Slim 3,Core Ultra 5,Core Ultra 5 322,RAM 16 GB,SSD 512 GB,,,,,https://www.thegioididong.com/laptop/lenovo-ideapad-slim-3-14iph11-ultra-5-322-83uq003nvn,83UQ003NVN,No,Còn hàng
03/08/2026,10:25,MBW,"Laptop Lenovo IdeaPad Slim 3 14IPH11 - 83UQ003PVN (Ultra 7 355, 16GB, 512GB, WUXGA, Win11)",32990000,29990000,-9%,,,Lenovo,Business& Productivity,IdeaPad Slim 3,Core Ultra 7,Core Ultra 7 355,RAM 16 GB,SSD 512 GB,,,,,https://www.thegioididong.com/laptop/lenovo-ideapad-slim-3-14iph11-ultra-7-355-83uq003pvn,83UQ003PVN,No,Còn hàng
03/08/2026,10:25,MBW,"Laptop Lenovo Gaming LOQ 15IPH11 - 83SL000LVN (Ultra 7 356H, 16GB, 512GB, RTX 5060 8GB, WUXGA 165Hz, Win11)",55990000,54590000,,• Đã bán 1,,Lenovo,Gaming,LOQ,Core Ultra 7,Core Ultra 7 356H,RAM 16 GB,SSD 512 GB,,RTX 5060,8G,,https://www.thegioididong.com/laptop/lenovo-gaming-loq-15iph11-ultra-7-356h-83sl000lvn,83SL000LVN,No,Còn hàng
03/08/2026,10:25,MBW,"Laptop MSI Gaming Raider 16 MAX HX B2WI - 095VN (Ultra 9 290HX Plus, 64GB, 2TB, RTX 5080 16GB, QHD+ OLED 240Hz, Win11)",130990000,129590000,,,,Msi,Gaming,Raider,Core Ultra 9,Core Ultra 9 290HX Plus,RAM 64 GB,SSD 2 TB,,RTX 5080,16G,,https://www.thegioididong.com/laptop/msi-gaming-raider-16-max-hx-b2wi-ultra-9-290hx-plus-095vn,095VN,No,Còn hàng
03/08/2026,10:25,MBW,"Laptop Asus TUF Gaming F16 FX608JHI - TU210W (i5 14450HX, 16GB, 512GB,RTX 5050 8GB, WUXGA 144Hz, Win11)",47990000,45090000,-6%,,,Asus,Gaming,TUF,Core i5,Core i5 14450HX,RAM 16 GB,SSD 512 GB,,RTX 5050,8G,,https://www.thegioididong.com/laptop/asus-tuf-gaming-f16-fx608jhi-i5-14450hx-tu210w,FX608JHI - TU210W,No,Còn hàng
03/08/2026,10:25,MBW,"Laptop Asus Zenbook S 16 UM5606GA - SS441W (R9 AI 465, 16GB, 512GB, 3K OLED 120Hz, Win11)",49490000,45090000,-8%,• Đã bán 1,,Asus,Business& Productivity,Zenbook,Ryzen 9 AI,Ryzen 9 AI 465,RAM 16 GB,SSD 512 GB,,,,,https://www.thegioididong.com/laptop/asus-zenbook-s-16-um5606ga-r9-ai-465-ss441w,UM5606GA - SS441W,No,Còn hàng
03/08/2026,10:25,MBW,"Laptop Asus Zenbook A14 UX3407NA - QD132WS (X2E 88 100, 16GB, 512GB, WUXGA OLED, OfficeH24+365, Win11)",48990000,44590000,-8%,,,Asus,Business& Productivity,Zenbook,Snapdragon X2,Snapdragon X2   X2E 88 100,RAM 16 GB,SSD 512 GB,,,,,https://www.thegioididong.com/laptop/asus-zenbook-a14-ux3407na-x2e-88-100-qd132ws,UX3407NA - QD132WS,No,Còn hàng
03/08/2026,10:25,MBW,"Laptop Asus Zenbook A14 UX3407NA - QD254W (X2E 88 100, 32GB, 1TB, WUXGA OLED, Win11)",63990000,58290000,-8%,,,Asus,Business& Productivity,Zenbook,Core 3,Core 3 100U,RAM 32 GB,SSD 1 TB,,,,,https://www.thegioididong.com/laptop/asus-zenbook-a14-ux3407na-x2e-88-100-qd254w,UX3407NA - QD254W,No,Còn hàng
03/08/2026,10:25,MBW,"Laptop Asus Vivobook 14 X1404MA - EB219W (Core 5 320, 8GB, 512GB, Full HD, Win11)",26990000,20990000,-22%,,,Asus,Business& Productivity,Vivobook,Core 5,Core 5 320,RAM 8 GB,SSD 512 GB,,,,,https://www.thegioididong.com/laptop/asus-vivobook-14-x1404ma-core-5-320-eb219w?utm_flashsale=1,X1404MA - EB219W,No,Còn hàng
03/08/2026,10:25,MBW,"Laptop Asus Vivobook 15 X1504MA - BQ632W (Core 5 320, 8GB, 512GB, Full HD, Win11)",26990000,21090000,-21%,• Đã bán 1,,Asus,Business& Productivity,Vivobook,Core 5,Core 5 320,RAM 8 GB,SSD 512 GB,,,,,https://www.thegioididong.com/laptop/asus-vivobook-15-x1504ma-core-5-320-bq632w,X1504MA - BQ632W,No,Còn hàng
03/08/2026,10:25,MBW,"Laptop Asus Vivobook 15 X1504MA - BQ633W (Core 7 350, 8GB, 512GB, Full HD, Win11)",30490000,25090000,-17%,,,Asus,Business& Productivity,Vivobook,Core 7,Core 5 350,RAM 8 GB,SSD 512 GB,,,,,https://www.thegioididong.com/laptop/asus-vivobook-15-x1504ma-core-7-350-bq633w,X1504MA - BQ633W,No,Còn hàng
03/08/2026,10:25,MBW,"Laptop Asus Vivobook Go 14 E1404FA - EB1832W (R5 40, 8GB, 512GB, Full HD, Win11)",22990000,17990000,-21%,• Đã bán 86,5,Asus,Business& Productivity,Vivobook,Ryzen 5,Ryzen 5 40,RAM 8 GB,SSD 512 GB,,,,,https://www.thegioididong.com/laptop/asus-vivobook-go-14-e1404fa-r5-40-eb1832w,E1404FA - EB1832W,No,Còn hàng
03/08/2026,10:25,MBW,"Laptop Asus Vivobook 15 X1504MA - BQ385W (Core 5 320, 16GB, 512GB, Full HD, Win11)",31990000,25090000,-21%,,,Asus,Business& Productivity,Vivobook,Core 5,Core 5 320,RAM 16 GB,SSD 512 GB,,,,,https://www.thegioididong.com/laptop/asus-vivobook-15-x1504ma-core-5-320-bq385w,X1504MA - BQ385W,No,Còn hàng
03/08/2026,10:25,MBW,"Laptop Asus Vivobook 15 X1504MA - BQ395W (Core 7 350, 16GB, 512GB, Full HD, Win11)",35490000,29090000,-18%,,,Asus,Business& Productivity,Vivobook,Core 7,Core 7 350,RAM 16 GB,SSD 512 GB,,,,,https://www.thegioididong.com/laptop/asus-vivobook-15-x1504ma-core-7-350-bq395w?utm_flashsale=1,X1504MA - BQ395W,No,Còn hàng
03/08/2026,10:25,MBW,"Laptop Asus Gaming ROG Strix G16 G614PM - TS147W (R9 8940HX, 16GB, 512GB, RTX 5060 8GB, WQXGA 300Hz, Win11)",52990000,49990000,-5%,• Đã bán 2,,Asus,Gaming,ROG Strix,Ryzen 9,Ryzen 9 8940HX,RAM 16 GB,SSD 512 GB,,RTX 5060,8G,,https://www.thegioididong.com/laptop/asus-gaming-rog-strix-g16-g614pm-r9-8940hx-ts147w,G614PM - TS147W,No,Còn hàng
03/08/2026,10:25,MBW,"Laptop Asus Gaming ROG Strix G16 G614PR - TS103W (R9 8940HX, 16GB, 512GB, RTX 5070Ti 12GB, WQXGA 300Hz, Win11)",71990000,70590000,,,,Asus,Gaming,ROG Strix,Ryzen 9,Ryzen 9 8940HX,RAM 16 GB,SSD 512 GB,,RTX 5070Ti,12G,,https://www.thegioididong.com/laptop/asus-gaming-rog-strix-g16-g614pr-r9-8940hx-ts103w,G614PR - TS103W,No,Còn hàng
03/08/2026,10:25,MBW,"Laptop SingPC M16-i382 (i3 1215U, 8GB, 256GB, WUXGA, Win11 Pro)",15190000,13890000,-8%,,,Singpc,Gaming,GP,,,RAM 8 GB,SSD 256 GB,,,,,https://www.thegioididong.com/laptop/singpc-m16-i382-i3-1215u,,No,Còn hàng
03/08/2026,10:25,MBW,"Laptop SingPC M16-i595 (i5 1235U, 16GB, 512GB, WUXGA, Win11 Pro)",19990000,16890000,-15%,,,Singpc,Gaming,GP,,,RAM 16 GB,SSD 512 GB,,,,,https://www.thegioididong.com/laptop/singpc-m16-i595-i5-1235u,,No,Còn hàng
03/08/2026,10:25,MBW,"Laptop Lenovo IdeaPad Slim 3 14IWC11 - 83RQ002NVN (Core 5 320, 16GB, 512GB, WUXGA, Win11)",26490000,23990000,-9%,,,Lenovo,Business& Productivity,IdeaPad Slim 3,Core 5,Core 5 320,RAM 16 GB,SSD 512 GB,,,,,https://www.thegioididong.com/laptop/lenovo-ideapad-slim-3-14iwc11-core-5-320-83rq002nvn,83RQ002NVN,No,Còn hàng
03/08/2026,10:25,MBW,"Laptop Lenovo IdeaPad Slim 3 14IWC11 - 83RQ002PVN (Core 5 320, 8GB, 512GB, WUXGA, Win11)",22990000,19990000,-13%,,,Lenovo,Business& Productivity,IdeaPad Slim 3,Core 5,Core 5 320,RAM 8 GB,SSD 512 GB,,,,,https://www.thegioididong.com/laptop/lenovo-ideapad-slim-3-14iwc11-core-5-320-83rq002pvn,83RQ002PVN,No,Còn hàng
03/08/2026,10:25,MBW,"Laptop Lenovo ThinkBook 16 G9 - 21UT005MVN (R7 250, 16GB, 512GB, WUXGA, Win11)",31590000,30190000,,• Đã bán 1,,Lenovo,Business& Productivity,ThinkBook,Ryzen 7,Ryzen 7 250,RAM 16 GB,SSD 512 GB,,,,,https://www.thegioididong.com/laptop/lenovo-thinkbook-16-g9-r7-250-21ut005mvn,21UT005MVN,No,Còn hàng
03/08/2026,10:25,MBW,"Laptop Lenovo IdeaPad Slim 3 15IWC11 - 83RR00AAVN (Core 5 320, 16GB, 512GB, WUXGA, Win11)",26490000,23990000,-9%,,,Lenovo,Business& Productivity,IdeaPad Slim 3,Core 5,Core 5 320,RAM 16 GB,SSD 512 GB,,,,,https://www.thegioididong.com/laptop/lenovo-ideapad-slim-3-15iwc11-core-5-320-83rr00aavn,83RR00AAVN,No,Còn hàng
03/08/2026,10:25,MBW,"Laptop Lenovo Ideapad Slim 3 15IWC11 - 83RR00CVVN (Core 5 320, 8GB, 512GB, WUXGA, Win11)",22990000,19990000,-13%,,,Lenovo,Business& Productivity,IdeaPad Slim 3,Core 5,Core 5 320,RAM 8 GB,SSD 512 GB,,,,,https://www.thegioididong.com/laptop/lenovo-ideapad-slim-3-15iwc11-core-5-320-83rr00cvvn,83RR00CVVN,No,Còn hàng
03/08/2026,10:25,MBW,"Laptop Lenovo ThinkPad X9 14 Gen 1 - 21QA006JVN (Ultra 7 258V, 32GB, 512GB, WUXGA OLED, Win11Pro)",55190000,53790000,,,,Lenovo,Business& Productivity,ThinkPad,Core Ultra 7,Core Ultra 7 258V,RAM 32 GB,SSD 512 GB,,,,,https://www.thegioididong.com/laptop/lenovo-thinkpad-x9-14-gen-1-ultra-7-258v-21qa006jvn,21QA006JVN,No,Còn hàng
03/08/2026,10:25,MBW,"Laptop Lenovo IdeaPad Slim 5 14IPH11 - 83S5004FVN (Ultra 7 355, 16GB, 512GB, WUXGA OLED, Win11)",37990000,34990000,-7%,,,Lenovo,Business& Productivity,IdeaPad Slim 5,Core Ultra 7,Core Ultra 7 355,RAM 16 GB,SSD 512 GB,,,,,https://www.thegioididong.com/laptop/lenovo-ideapad-slim-5-14iph11-ultra-7-355-83s5004fvn,83S5004FVN,No,Còn hàng
03/08/2026,10:25,MBW,"Laptop Lenovo IdeaPad Slim 3 16IPH11 - 83US003YVN (Ultra 7 355, 16GB, 512GB, WUXGA, Win11)",32990000,31590000,,,,Lenovo,Business& Productivity,IdeaPad Slim 3,Core Ultra 7,Core Ultra 7 355,RAM 16 GB,SSD 512 GB,,,,,https://www.thegioididong.com/laptop/lenovo-ideapad-slim-3-16iph11-ultra-7-355-83us003yvn,83US003YVN,No,Còn hàng
03/08/2026,10:25,MBW,"Laptop Lenovo Gaming LOQ 15AHP11 - 83TN0040VN (R7 250, 16GB, 512GB, RTX 5050 8GB, WUXGA 165Hz, Win11)",46990000,45590000,,,,Lenovo,Gaming,LOQ,Ryzen 7,Ryzen 7 250,RAM 16 GB,SSD 512 GB,,RTX 5050,8G,,https://www.thegioididong.com/laptop/lenovo-gaming-loq-15ahp11-r7-250-83tn0040vn,83TN0040VN,No,Còn hàng
03/08/2026,10:25,MBW,"Laptop Lenovo Yoga 7 2in1 14IPH11 - 83TC002MVN (Ultra 7 355, 32GB, 512GB, WUXGA OLED, Cảm ứng, OfficeH24+365, Win11)",57990000,54990000,-5%,,,Lenovo,Business& Productivity,Yoga,Core Ultra 7,Ultra 7 355,RAM 32 GB,SSD 1 TB,,,,,https://www.thegioididong.com/laptop/lenovo-yoga-7-2in1-14iph11-ultra-7-355-83tc002mvn,83TC002MVN,No,Còn hàng
03/08/2026,10:25,MBW,"Laptop Lenovo Yoga 7 2in1 14IPH11 - 83TC002LVN (Ultra 5 322, 16GB, 512GB, WUXGA OLED, Cảm ứng, OfficeH24+365, Win11)",39990000,36990000,-7%,,,Lenovo,Business& Productivity,Yoga,Core Ultra 5,Core Ultra 5 322,RAM 16 GB,SSD 512 GB,,,,,https://www.thegioididong.com/laptop/lenovo-yoga-7-2in1-14iph11-ultra-5-322-83tc002lvn,83TC002LVN,No,Còn hàng
03/08/2026,10:25,MBW,"Laptop Lenovo ThinkBook 14 G9 - 21V0005PVN (R7 250, 16GB, 512GB, WUXGA, Win11)",31190000,28790000,-7%,,,Lenovo,Business& Productivity,ThinkBook,Ryzen 7,Ryzen 7 250,RAM 16 GB,SSD 512 GB,,,,,https://www.thegioididong.com/laptop/lenovo-thinkbook-14-g9-r7-250-21v0005pvn,21V0005PVN,No,Còn hàng
03/08/2026,10:25,MBW,"Laptop Lenovo V14 G5 - 83HD0035VN (Core7 240H, 16G, 512GB, Full HD, Win11)",28590000,27490000,,,,Lenovo,Business& Productivity,V14,,,RAM 16 GB,SSD 512 GB,,,,,https://www.thegioididong.com/laptop/lenovo-v14-g5-core7-240h-83hd0035vn,83HD0035VN,No,Còn hàng
03/08/2026,10:25,MBW,"Laptop Lenovo ThinkPad E14 Gen 7 - 21SX005NVN (Ultra 5 225U, 16GB, 512GB, WUXGA, Win11)",33890000,31990000,-5%,• Đã bán 2,,Lenovo,Business& Productivity,ThinkPad,Core Ultra 5,Ultra 5 225U,RAM 16 GB,SSD 512 GB,,,,,https://www.thegioididong.com/laptop/lenovo-thinkpad-e14-gen-7-ultra-5-225u-21sx005nvn,21SX005NVN,No,Còn hàng
03/08/2026,10:25,MBW,"Laptop Lenovo ThinkBook 14 Gen 9 IRL - 21UY008TVN (i5 13420H, 16GB, 512GB, WUXGA, Win11)",28890000,27790000,,,,Lenovo,Business& Productivity,ThinkBook,Core i5,i5 13420H,RAM 16 GB,SSD 512 GB,,,,,https://www.thegioididong.com/laptop/lenovo-thinkbook-14-gen-9-irl-i5-13420h-21uy008tvn,21UY008TVN,No,Còn hàng
03/08/2026,10:25,MBW,"Laptop Asus Vivobook S14 S3407VA - LY256W (Core 7 240H, 16GB, 512GB, WUXGA OLED, Win11)",29990000,27090000,-9%,,,Asus,Business& Productivity,Vivobook,Core 7,Core 7 240H,RAM 16 GB,SSD 512 GB,,,,,https://www.thegioididong.com/laptop/asus-vivobook-s14-s3407va-core-7-240h-ly256w,S3407VA - LY256W,No,Còn hàng
03/08/2026,10:25,MBW,"Laptop Asus Vivobook 14 X1407CA - LY203W (Ultra 5 225H, 16GB, 512GB, WUXGA OLED, Win11)",33490000,24990000,-25%,,,Asus,Business& Productivity,Vivobook,Core Ultra 5,Core Ultra 5 225H,RAM 16 GB,SSD 512 GB,,,,,https://www.thegioididong.com/laptop/asus-vivobook-14-x1407ca-ultra-5-225h-ly203w?utm_flashsale=1,X1407CA - LY203W,No,Còn hàng
03/08/2026,10:25,MBW,"Laptop Asus Vivobook Go 14 E1404FA - EB012W (R5 40, 8GB, 512GB, Full HD, Win11)",22990000,17890000,-22%,• Đã bán 32,5,Asus,Business& Productivity,Vivobook,Ryzen 5,Ryzen 5 40,RAM 8 GB,SSD 512 GB,,,,,https://www.thegioididong.com/laptop/asus-vivobook-go-14-e1404fa-r5-40-eb012w,E1404FA - EB012W,No,Còn hàng
03/08/2026,10:25,MBW,"Laptop Dell 15 DC15250 - DC5C3259W1-2Y (Core 3 100U, 8GB, 512GB, Full HD 120Hz, OfficeHS24+365, Win11)",22590000,21990000,,• Đã bán 2,,Dell,Business& Productivity,Dell 15,Core 3,Core 3 100U,RAM 8 GB,SSD 512 GB,,,,,https://www.thegioididong.com/laptop/dell-15-dc15250-core-3-100u-dc5c3259w1-2y,DC5C3259W1-2Y,No,Còn hàng
03/08/2026,10:25,MBW,"Laptop Dell 14 DC14250 - DC4C5375W1-2Y (Core 5 120U, 16GB, 512GB, Full HD 120Hz, OfficeHS24+365, Win11)",32090000,30990000,,,,Dell,Business& Productivity,Dell 14,Core 5,Core 5 120U,RAM 16 GB,SSD 512 GB,,,,,https://www.thegioididong.com/laptop/dell-14-dc14250-core-5-120u-dc4c5375w1-2y,DC4C5375W1-2Y,No,Còn hàng
03/08/2026,10:25,MBW,"Laptop Dell 15 DC15250 - 71100520 (Core 3 100U, 8GB, 512GB, Full HD 120Hz, OfficeH24+365, Win11)",22590000,21990000,,,,Dell,Business& Productivity,Dell 15,Core 3,Core 3 100U,RAM 8 GB,SSD 512 GB,,,,,https://www.thegioididong.com/laptop/dell-15-dc15250-core-3-100u-71100520,71100520,No,Còn hàng
03/08/2026,10:25,MBW,"Laptop Dell 14 DC14250 - 71100515 (Core 7 150U, 16GB, 512GB, Full HD+ 120Hz, OfficeH24+365, Win11)",35490000,34790000,,,,Dell,Business& Productivity,Dell 14,Core 7,Core 7 150U,RAM 16 GB,SSD 512 GB,,,,,https://www.thegioididong.com/laptop/dell-14-dc14250-core-7-150u-71100515,71100515,No,Còn hàng
03/08/2026,10:25,MBW,"Laptop Acer Gaming Nitro ProPanel ANV16S-61-R0B8 - NH.QXQSV.001 (Ryzen AI 5 340, 16GB, 512GB, RTX 5050 8GB, Full HD 180Hz, Win11)",47990000,40990000,-14%,,,Acer,Gaming,Nitro ProPanel,Ryzen 5 AI,Ryzen AI 5 340,RAM 16 GB,SSD 512 GB,,RTX 5050,8G,,https://www.thegioididong.com/laptop/acer-gaming-nitro-propanel-anv16s-61-r0b8-ryzen-ai-5-340-nh-qxqsv-001,ANV16S-61-R0B8,No,Còn hàng
03/08/2026,10:25,MBW,"Laptop Acer Gaming Nitro ProPanel ANV16S-71-58WQ - NH.QXBSV.001 (Core 5 210H, 16GB, 512GB, RTX 5050 8GB, 2K+ 180Hz, Win11)",46990000,40990000,-12%,,,Acer,Gaming,Nitro ProPanel,Core 5,Core 5 210H,RAM 16 GB,SSD 512 GB,,RTX 5050,8G,,https://www.thegioididong.com/laptop/acer-gaming-nitro-propanel-anv16s-71-58wq-core-5-210h-nh-qxbsv-001,ANV16S-71-58WQ,No,Còn hàng
03/08/2026,10:25,MBW,"Laptop Acer Gaming Predator Helios Neo 16S PHN16S-I51-97T9 - NH.U3SSV.006 (Ultra 9 386H, 16GB, 512GB, RTX 5070 8GB, 2K+ 165Hz, Win11)",77990000,75990000,,,,Acer,Gaming,Predator,Core Ultra 9,Ultra 9 386H,RAM 16 GB,SSD 512 GB,,RTX 5070,12G,,https://www.thegioididong.com/laptop/acer-gaming-predator-helios-neo-16s-phn16s-i51-97t9-ultra-9-386h,PHN16S-I51-97T9,No,Còn hàng
03/08/2026,10:25,MBW,"Laptop Acer Aspire Lite 15 AL15-36P-30TN - NX.DDASV.001 (Core 3 N350, 8GB, 512GB, Full HD, Win11)",18990000,16990000,-10%,,,Acer,Business& Productivity,Aspire Lite,Core 3,Core 3 N350,RAM 8 GB,SSD 512 GB,,,,,https://www.thegioididong.com/laptop/acer-aspire-lite-15-al15-36p-30tn-core-3-n350-nx-ddasv-001,AL15-36P-30TN,No,Còn hàng
03/08/2026,10:25,MBW,"Laptop Acer Aspire Lite 16 AL16-71P-582Q - NX.DRSSV.001 (Ultra 5 125H, 16GB, 512GB, Full HD+ 120Hz, Win11)",26990000,24990000,-7%,,,Acer,Business& Productivity,Aspire Lite,Core Ultra 5,Ultra 5 125H,RAM 16 GB,SSD 512 GB,,,,,https://www.thegioididong.com/laptop/acer-aspire-lite-16-al16-71p-582q-ultra-5-125h-nx-drssv-001,AL16-71P-582Q,No,Còn hàng
03/08/2026,10:25,MBW,"Laptop Acer Aspire Lite 15 AL15-53P-56EC - NX.DG3SV.002.16G (Core 5 120U, 16GB, 512GB, Full HD, Win11)",24990000,21990000,-12%,,,Acer,Business& Productivity,Aspire Lite,Core 5,Core 5 120U,RAM 16 GB,SSD 512 GB,,,,,https://www.thegioididong.com/laptop/acer-aspire-lite-15-al15-53p-56ec-core-5-120u-nx-dg3sv-002-16g,AL15-53P-56EC,No,Còn hàng
03/08/2026,10:25,MBW,"Laptop Acer Aspire Lite 15 AL15-44P-R4UH - NX.DJVSV.002 (R7 7730U, 16GB, 512GB, Full HD, Win11)",23990000,21990000,-8%,,,Acer,Business& Productivity,Aspire Lite,Ryzen 7,Ryzen 7 7730U,RAM 8 GB,SSD 512 GB,,,,,https://www.thegioididong.com/laptop/acer-aspire-lite-15-al15-44p-r4uh-r7-7730u-nx-djvsv-002,AL15-44P-R4UH,No,Còn hàng
03/08/2026,10:25,MBW,"Laptop Acer Gaming Nitro ProPanel AN16S-61-R9CN - NH.QXGSV.001 (Ryzen AI 7 350, 16GB, 512GB, RTX 5070 8GB, 2K+ 180Hz, Win11)",59990000,53990000,-10%,,,Acer,Gaming,Nitro ProPanel,Ryzen 7 AI,Ryzen AI 7 350,RAM 16 GB,SSD 512 GB,,RTX 5070,12G,,https://www.thegioididong.com/laptop/acer-gaming-nitro-propanel-an16s-61-r9cn-ryzen-ai-7-350-nh-qxgsv-001,AN16S-61-R9CN,No,Còn hàng
03/08/2026,10:25,MBW,"Laptop MSI Gaming Cyborg 15 C13WEO-417VN (i7 13620H, 16GB, 512GB, RTX 5050 8GB, Full HD 144Hz, Win11)",36990000,35590000,,,,Msi,Gaming,Cyborg,Core i7,Core i7 13620H,RAM 16 GB,SSD 512 GB,,RTX 5050,8G,,https://www.thegioididong.com/laptop/msi-gaming-cyborg-15-c13weo-417vn-i7-13620h,417VN,No,Còn hàng
03/08/2026,10:25,MBW,"Laptop Asus Vivobook 14 X1404MA - EB028W (Core 5 320, 16GB, 512GB, Full HD, Win11)",31990000,24990000,-21%,,,Asus,Business& Productivity,Vivobook,Core 5,Core 5 320,RAM 16 GB,512GB NVMe PCIe Gen3x4 SSD w/o DRAM,,,,,https://www.thegioididong.com/laptop/asus-vivobook-14-x1404ma-core-5-320-eb028w,X1404MA - EB028W,No,Còn hàng
03/08/2026,10:25,MBW,"Laptop Asus Vivobook 16 X1607CA - MB387W (Ultra 5 225H, 16GB, 512GB, WUXGA, Win11)",33490000,25090000,-25%,,,Asus,Business& Productivity,Vivobook,Ultra 5,Ultra 5 225H,RAM 16 GB,512GB NVMe PCIe Gen3x4 SSD w/o DRAM,,,,,https://www.thegioididong.com/laptop/asus-vivobook-16-x1607ca-ultra-5-225h-mb387w,X1607CA - MB387W,No,Còn hàng
03/08/2026,10:25,MBW,"Laptop Asus Zenbook 14 UM3406GA - QD075W (R7 AI 445, 16GB, 512GB, WUXGA OLED, Win11)",39990000,34590000,-13%,,,Asus,Business& Productivity,Zenbook,Ryzen 7,R7 AI 445,RAM 16 GB,SSD 512 GB,,,,,https://www.thegioididong.com/laptop/asus-zenbook-14-um3406ga-r7-ai-445-qd075w,UM3406GA - QD075W,No,Còn hàng
03/08/2026,10:25,MBW,"Laptop Asus Vivobook S 16 S3607VA - RP155W (Core 5 210H, 16GB, 512GB, Full HD+ 144Hz, Win11)",34990000,30190000,-13%,,,Asus,Business& Productivity,Vivobook,,,RAM 16 GB,,,,,,https://www.thegioididong.com/laptop/asus-vivobook-s-16-s3607va-core-5-210h-rp155w,S3607VA - RP155W,No,Còn hàng
03/08/2026,10:25,MBW,"Laptop Lenovo Gaming Legion 5 15AHP11 - 83Q7001HVN (R7 250, 16GB, 512GB, RTX 5050 8GB, WQXGA OLED 165Hz, OfficeH24, Win11)",55990000,55290000,,,,Lenovo,Gaming,Legion,Ryzen 7,Ryzen 7 250,RAM 16 GB,,,RTX 5050,8G,,https://www.thegioididong.com/laptop/lenovo-gaming-legion-5-15ahp11-r7-250-83q7001hvn,83Q7001HVN,No,Còn hàng
03/08/2026,10:25,MBW,"Laptop Lenovo IdeaPad Slim 3 15IWC11 - 83RR00A8VN (Core 3 304, 8GB, 512GB, WUXGA, Win11)",20890000,18990000,-9%,,,Lenovo,Business& Productivity,IdeaPad Slim 3,Core 3,Core 3 304,RAM 8 GB,SSD 512 GB,,,,,https://www.thegioididong.com/laptop/lenovo-ideapad-slim-3-15iwc11-core-3-304-83rr00a8vn,83RR00A8VN,No,Còn hàng
03/08/2026,10:25,MBW,"Laptop Dell 15 DC15250 - CPH993 (Core 3 100U, 8GB, 512GB, Full HD 120Hz, OfficeH24+365, Win11)",22590000,21990000,,,,Dell,Business& Productivity,Dell 15,Core 3,Core 3 100U,RAM 8 GB,SSD 512 GB,,,,,https://www.thegioididong.com/laptop/dell-15-dc15250-core-3-100u-cph993,CPH993,No,Còn hàng
03/08/2026,10:25,MBW,"Laptop Dell 16 DC16250 - 71100513 (Core 5 120U, 16GB, 1TB, Full HD+, OfficeH24+365B, Win11)",,,,,,Dell,,,,,RAM 16 GB,SSD 1 TB,,,,,https://www.thegioididong.com/laptop/dell-16-dc16250-core-5-120u-71100513,,No,Chưa rõ
03/08/2026,10:25,MBW,"Laptop Acer Nitro ProPanel ANV15-52-50RB - NH.QUASV.002 (Core 5 210H, 16GB, 512GB, RTX 4050 6GB, Full HD 180Hz, Win11)",37990000,33490000,-11%,,,Acer,Gaming,Nitro ProPanel,Core 5,Core 5 210H,RAM 16 GB,SSD 512 GB,,RTX 4050,6G,,https://www.thegioididong.com/laptop/acer-nitro-propanel-anv15-52-50rb-core-5-210h-nh-quasv-002,ANV15-52-50RB,No,Còn hàng
03/08/2026,10:25,MBW,"Laptop Dell 14 DC14250 - DC14250-C7U161W11SLU-2Y (Core 7 150U, 16GB, 1TB, Full HD+ ,OfficeH24+365, Win11)",37990000,36990000,,,,Dell,Business& Productivity,Dell 14,,,RAM 16 GB,SSD 1 TB,,,,,https://www.thegioididong.com/laptop/dell-14-dc14250-core-7-150u-dc14250-c7u161w11slu-2y,DC14250-,No,Còn hàng
03/08/2026,10:25,MBW,"Laptop Dell 15 DC15250 - DC5C3851W1-2Y (Core 3 100U, 8GB, 512GB, Full HD 120Hz, OfficeH24+365, Win11)",,22590000,,,,Dell,Business& Productivity,Dell 15,,,RAM 8 GB,SSD 512 GB,,,,,https://www.thegioididong.com/laptop/dell-15-dc15250-core-3-100u-dc5c3851w1-2y,DC5C3851W1-2Y,No,Còn hàng
03/08/2026,10:25,MBW,"Laptop Dell Pro 15 Essential PV15250 - PV15250-100U-8512W-2Y (Core 3 100U, 8GB, 512GB, Full HD, OfficeH24+365, Win11)",,23990000,,,,Dell,Business& Productivity,Dell Pro,,,RAM 8 GB,SSD 512 GB,,,,,https://www.thegioididong.com/laptop/dell-pro-15-essential-pv15250-core-3-100u-pv15250-100u-8512w-2y,PV15250-100U-,No,Còn hàng
03/08/2026,10:25,MBW,"Laptop MSI Modern 14S G3MG-003VN (Core 5 320, 16GB, 1TB, Full HD+ 120Hz, Win11)",31490000,30090000,,,,MSI,,,,,RAM 16 GB,SSD 1 TB,,,,,https://www.thegioididong.com/laptop/msi-modern-14s-g3mg-003vn-core-5-320,,No,Còn hàng
03/08/2026,10:25,MBW,"Laptop Acer Gaming Nitro ProPanel ANV15-52-73Z8 - NH.QUASV.001 (Core 7 240H, 16GB, 512GB, RTX 4050 6GB, Full HD  180Hz, Win11)",39990000,33390000,-16%,,,Acer,Gaming,Nitro ProPanel,Core 7,Core 5 240H,RAM 16 GB,SSD 512 GB,,RTX 4050,6G,,https://www.thegioididong.com/laptop/acer-gaming-nitro-propanel-anv15-52-73z8-core-7-240h-nh-quasv-001,ANV15-52-73Z8,No,Còn hàng
03/08/2026,10:25,MBW,"Laptop Asus Gaming V16 V3607VJ Core 5 - TK189W (Core 5 210H, 16GB, 512GB, RTX 3050 6GB, WUXGA 144Hz, Win11)",36990000,28990000,-21%,,,Asus,,,,,RAM 16 GB,SSD 512 GB,,,,,https://www.thegioididong.com/laptop/asus-gaming-v16-v3607vj-core-5-core-5-210h-tk189w,,No,Còn hàng
03/08/2026,10:25,MBW,"Laptop Asus ProArt P1 H7606WP - SR335W (R9 AI HX 370, 64GB, 2TB, RTX 5070 8GB, 3K 120Hz, Cảm ứng, Win11)",124990000,122890000,,,,Asus,,,,,RAM 64 GB,SSD 2 TB,,,,,https://www.thegioididong.com/laptop/asus-proart-p1-h7606wp-r9-ai-hx-370-sr335w,,No,Còn hàng
03/08/2026,10:25,MBW,"Laptop Asus Gaming Vivobook K3605VC - RP364W (i5 13420H, 16GB, 512GB, RTX 3050 4GB, WUXGA 144Hz, Win11)",,,,,,Asus,Gaming,Gaming Vivobook,Core i5,Core i5 13420H,RAM 16 GB,SSD 512 GB,"16"", WUXGA (1920 x 1200), 144Hz",RTX 3050,4G,,https://www.thegioididong.com/laptop/asus-k3605vc-i5-rp364w,K3605VC - RP364W,No,Ngừng kinh doanh
